timestamp,lat,lon,alt,velocity_x,velocity_y,velocity_z,ground_speed,air_speed,heading,roll,pitch,yaw,battery_voltage,battery_current,battery_level,mode,armed,system_status,satellites_visible,fix_type
2026-05-28T14:40:46.236653,-35.363262,149.1652372,9.626,-0.01,0.01,-0.87,0.021787872537970543,0.8740134239196777,352,0.003452202072367072,0.003398418892174959,-0.12653356790542603,12.6,25.93,98,GUIDED,True,ACTIVE,10,6
2026-05-28T14:40:46.737625,-35.363262,149.1652372,9.929,-0.01,0.01,-0.38,0.021778514608740807,0.3886898458003998,352,0.003294447436928749,0.0028737743850797415,-0.12657496333122253,12.6,25.68,98,GUIDED,True,ACTIVE,10,6
2026-05-28T14:40:47.238306,-35.363262,149.1652372,9.998,-0.01,0.01,0.0,0.01990324817597866,0.021040895953774452,352,0.002433763351291418,0.0026440296787768602,-0.12655362486839294,12.6,26.9,98,GUIDED,True,ACTIVE,10,6
2026-05-28T14:40:47.738722,-35.363262,149.1652373,9.964,-0.01,0.01,0.03,0.016614528372883797,0.03886140137910843,352,0.0016925958916544914,0.0026107633020728827,-0.1265770047903061,12.6,28.33,98,GUIDED,True,ACTIVE,10,6
2026-05-28T14:40:48.239404,-35.363262,149.1652373,9.945,-0.01,0.0,-0.02,0.013307507149875164,0.02632775716483593,352,0.0019112975569441915,0.0024889970663934946,-0.12655435502529144,12.6,28.43,98,GUIDED,True,ACTIVE,10,6
2026-05-28T14:40:48.739960,-35.363262,149.1652373,9.95,0.0,0.0,-0.04,0.011717495508491993,0.050010111182928085,352,0.0027407926972955465,0.002939872443675995,-0.12653931975364685,12.6,28.21,97,GUIDED,True,ACTIVE,10,6
2026-05-28T14:40:49.240445,-35.363262,149.1652373,9.966,-0.01,0.0,-0.04,0.013241459615528584,0.04493384063243866,352,0.0031416271813213825,0.003179289633408189,-0.1265609860420227,12.6,28.07,97,GUIDED,True,ACTIVE,10,6
2026-05-28T14:40:49.741063,-35.363262,149.1652373,9.979,-0.01,0.01,-0.02,0.016377704218029976,0.03118235245347023,352,0.00336827477440238,0.0035198568366467953,-0.1264258474111557,12.6,28.04,97,GUIDED,True,ACTIVE,10,6
2026-05-28T14:40:50.242759,-35.363262,149.1652373,9.982,-0.01,0.01,-0.01,0.0177282877266407,0.024834444746375084,352,0.003032637294381857,0.002899901010096073,-0.12651412189006805,12.6,28.12,97,GUIDED,True,ACTIVE,10,6
2026-05-28T14:40:50.743369,-35.363262,149.1652372,9.987,-0.01,0.01,-0.01,0.018566761165857315,0.02347421646118164,352,0.004102112725377083,0.003208586946129799,-0.1266653686761856,12.6,28.09,97,GUIDED,True,ACTIVE,10,6
2026-05-28T14:40:51.243968,-35.363262,149.1652372,9.99,-0.01,0.01,0.0,0.022658666595816612,0.024673141539096832,352,0.004524515010416508,0.00333872577175498,-0.12656784057617188,12.6,28.09,97,GUIDED,True,ACTIVE,10,6
2026-05-28T14:40:51.744635,-35.363262,149.1652372,9.99,-0.01,0.02,0.0,0.02738642506301403,0.028896713629364967,352,0.004063657950609922,0.003419366665184498,-0.12671808898448944,12.6,28.14,97,GUIDED,True,ACTIVE,10,6
2026-05-28T14:40:52.246008,-35.363262,149.1652372,9.993,-0.01,0.02,0.0,0.029014281928539276,0.02997187338769436,352,0.003546398365870118,0.003213975578546524,-0.1267474740743637,12.6,28.12,97,GUIDED,True,ACTIVE,10,6
2026-05-28T14:40:52.746733,-35.363262,149.1652372,9.995,-0.01,0.02,0.0,0.029951175674796104,0.030351275578141212,352,0.003790074959397316,0.0031785552855581045,-0.12673014402389526,12.6,28.14,96,GUIDED,True,ACTIVE,10,6
2026-05-28T14:40:53.247341,-35.363262,149.1652371,9.994,-0.01,0.02,0.0,0.030365750193595886,0.03080344758927822,352,0.0034962480422109365,0.0029565575532615185,-0.12679137289524078,12.6,28.12,96,GUIDED,True,ACTIVE,10,6
2026-05-28T14:40:53.747558,-35.363262,149.1652371,9.997,-0.01,0.02,0.0,0.031147589907050133,0.03142572566866875,352,0.0034515296574681997,0.004063551314175129,-0.12677283585071564,12.6,28.09,96,GUIDED,True,ACTIVE,10,6
2026-05-28T14:40:54.248280,-35.3632619,149.1652371,9.998,-0.02,0.02,0.0,0.033654917031526566,0.03373028710484505,352,0.003200279548764229,0.004271873272955418,-0.12664330005645752,12.6,28.12,96,GUIDED,True,ACTIVE,10,6
2026-05-28T14:40:54.748999,-35.3632619,149.1652371,9.999,-0.02,0.02,0.0,0.035929251462221146,0.03596906736493111,352,0.0030348014552146196,0.003919357433915138,-0.12669041752815247,12.6,28.12,96,GUIDED,True,ACTIVE,10,6
2026-05-28T14:40:55.249491,-35.3632619,149.1652371,10.0,-0.02,0.02,0.0,0.03563486784696579,0.03563757613301277,352,0.003006001003086567,0.003304875921458006,-0.12658186256885529,12.6,28.12,96,GUIDED,True,ACTIVE,10,6
2026-05-28T14:40:55.750337,-35.3632619,149.1652371,10.001,-0.02,0.02,0.0,0.03482584282755852,0.03483925014734268,352,0.0030589040834456682,0.003079748945310712,-0.12661507725715637,12.6,28.12,96,GUIDED,True,ACTIVE,10,6
2026-05-28T14:40:56.250881,-35.3632619,149.1652371,10.001,-0.02,0.02,0.0,0.03358815982937813,0.033612970262765884,352,0.0026420247741043568,0.0029008223209530115,-0.1267019510269165,12.6,28.12,96,GUIDED,True,ACTIVE,10,6
2026-05-28T14:40:56.751626,-35.3632619,149.1652371,10.002,-0.02,0.02,0.0,0.031687963753938675,0.031745076179504395,352,0.002389598172158003,0.0028493490535765886,-0.12668170034885406,12.6,28.12,96,GUIDED,True,ACTIVE,10,6
2026-05-28T14:40:57.252451,-35.3632619,149.1652372,10.001,-0.02,0.01,0.0,0.02982007898390293,0.02987629547715187,352,0.002465439960360527,0.0022542427759617567,-0.12665894627571106,12.6,28.12,95,GUIDED,True,ACTIVE,10,6
2026-05-28T14:40:57.752965,-35.3632619,149.1652372,10.001,-0.01,0.01,0.0,0.026860615238547325,0.026904772967100143,352,0.0028369559440761805,0.0015747623983770609,-0.1267130970954895,12.6,28.09,95,GUIDED,True,ACTIVE,10,6
2026-05-28T14:40:58.253846,-35.3632619,149.1652372,10.002,-0.01,0.01,0.0,0.023547768592834473,0.02361195906996727,352,0.0027282300870865583,0.0018664734670892358,-0.12678785622119904,12.6,28.14,95,GUIDED,True,ACTIVE,10,6
2026-05-28T14:40:58.754151,-35.3632619,149.1652372,10.003,-0.01,0.01,0.0,0.022692902013659477,0.022905025631189346,352,0.0023673041723668575,0.0022658591624349356,-0.1267906278371811,12.6,28.12,95,GUIDED,True,ACTIVE,10,6
2026-05-28T14:40:59.254782,-35.3632619,149.1652372,10.004,-0.01,0.01,0.0,0.021096134558320045,0.02147623337805271,352,0.0016309478087350726,0.0023570647463202477,-0.12682294845581055,12.6,28.09,95,GUIDED,True,ACTIVE,10,6
2026-05-28T14:40:59.755530,-35.3632619,149.1652372,10.004,-0.01,0.01,0.0,0.01921914890408516,0.01969471015036106,352,0.001606680452823639,0.00235345889814198,-0.1267748475074768,12.6,28.09,95,GUIDED,True,ACTIVE,10,6
2026-05-28T14:41:00.256486,-35.3632619,149.1652372,10.004,-0.01,0.01,0.0,0.01794004999101162,0.018438275903463364,352,0.0019342743325978518,0.002221074653789401,-0.12681099772453308,12.6,28.12,95,GUIDED,True,ACTIVE,10,6
2026-05-28T14:41:00.757078,-35.3632619,149.1652372,10.004,-0.01,0.01,0.0,0.017693713307380676,0.018195325508713722,352,0.002292488468810916,0.0022725549060851336,-0.12675468623638153,12.6,28.12,95,GUIDED,True,ACTIVE,10,6
2026-05-28T14:41:01.257748,-35.3632619,149.1652372,10.004,-0.01,0.01,0.0,0.018287334591150284,0.01873100735247135,352,0.002190397819504142,0.0022213419433683157,-0.12681011855602264,12.6,28.09,94,GUIDED,True,ACTIVE,10,6
2026-05-28T14:41:01.758408,-35.3632619,149.1652372,10.002,-0.01,0.01,0.0,0.01871400699019432,0.019024476408958435,352,0.0021311785094439983,0.002239427762106061,-0.12687452137470245,12.6,28.12,94,GUIDED,True,ACTIVE,10,6
2026-05-28T14:41:02.259115,-35.3632619,149.1652372,10.001,-0.01,0.01,0.0,0.018484000116586685,0.018557598814368248,352,0.002007617149502039,0.0019483318319544196,-0.12678726017475128,12.6,28.12,94,GUIDED,True,ACTIVE,10,6
2026-05-28T14:41:02.759791,-35.3632619,149.1652372,10.0,-0.01,0.01,0.0,0.018026098608970642,0.018033646047115326,352,0.0019829217344522476,0.002284880029037595,-0.1267586201429367,12.6,28.12,94,GUIDED,True,ACTIVE,10,6
2026-05-28T14:41:03.260345,-35.3632619,149.1652372,10.0,-0.01,0.01,0.0,0.01826268434524536,0.01826287806034088,352,0.0020016133785247803,0.002358261961489916,-0.12677356600761414,12.6,28.12,94,GUIDED,True,ACTIVE,10,6
2026-05-28T14:41:03.761067,-35.3632619,149.1652372,10.0,-0.01,0.01,0.0,0.018733840435743332,0.018733929842710495,352,0.0020436940249055624,0.0020854563917964697,-0.12681789696216583,12.6,28.12,94,GUIDED,True,ACTIVE,10,6
2026-05-28T14:41:04.262279,-35.3632619,149.1652372,10.0,-0.01,0.01,0.0,0.0188808161765337,0.018881002441048622,352,0.0021854110527783632,0.0019180206581950188,-0.12676367163658142,12.6,28.12,94,GUIDED,True,ACTIVE,10,6
2026-05-28T14:41:04.763459,-35.3632619,149.1652372,10.002,-0.01,0.01,0.0,0.018551930785179138,0.018629567697644234,352,0.0018913100939244032,0.0020162765868008137,-0.12686462700366974,12.6,28.09,94,GUIDED,True,ACTIVE,10,6
2026-05-28T14:41:05.263948,-35.3632619,149.1652372,10.003,-0.01,0.01,0.0,0.018007997423410416,0.01820843107998371,352,0.001855457085184753,0.00204143556766212,-0.126855731010437,12.6,28.09,93,GUIDED,True,ACTIVE,10,6
2026-05-28T14:41:05.764570,-35.3632619,149.1652372,10.002,-0.01,0.01,0.0,0.01769079826772213,0.01798488199710846,352,0.0019388783257454634,0.00203008227981627,-0.12687848508358002,12.6,28.09,93,GUIDED,True,ACTIVE,10,6
2026-05-28T14:41:06.265248,-35.3632619,149.1652372,10.001,-0.01,0.01,0.0,0.018343672156333923,0.01846325770020485,352,0.0020331440027803183,0.0021902211010456085,-0.1269194334745407,12.6,28.09,93,GUIDED,True,ACTIVE,10,6
2026-05-28T14:41:06.766064,-35.3632619,149.1652372,10.0,-0.01,0.01,0.0,0.018348388373851776,0.01835940033197403,352,0.0019635367207229137,0.0019269820768386126,-0.12687744200229645,12.6,28.12,93,GUIDED,True,ACTIVE,10,6
2026-05-28T14:41:07.266538,-35.3632619,149.1652372,10.0,-0.01,0.01,0.0,0.018543627113103867,0.01854398101568222,352,0.0018123672343790531,0.0021081219892948866,-0.12684544920921326,12.6,28.12,93,GUIDED,True,ACTIVE,10,6
2026-05-28T14:41:07.767227,-35.3632619,149.1652372,9.999,-0.01,0.01,0.0,0.018014710396528244,0.018015965819358826,352,0.0017389614367857575,0.0018049300415441394,-0.12687872350215912,12.6,28.14,93,GUIDED,True,ACTIVE,10,6
2026-05-28T14:41:08.268051,-35.3632619,149.1652372,9.999,-0.01,0.01,0.0,0.016901351511478424,0.016904113814234734,352,0.0017421088414266706,0.0018270894652232528,-0.12690801918506622,12.6,28.12,93,GUIDED,True,ACTIVE,10,6
2026-05-28T14:41:08.768632,-35.3632619,149.1652372,9.999,-0.01,0.01,0.0,0.017216235399246216,0.017223576083779335,352,0.001832987880334258,0.002060660859569907,-0.12690912187099457,12.6,28.12,93,GUIDED,True,ACTIVE,10,6
2026-05-28T14:41:09.269817,-35.3632619,149.1652372,9.999,-0.01,0.01,0.0,0.0173538476228714,0.017367472872138023,352,0.0019253046484664083,0.0020011120941489935,-0.1268359273672104,12.6,28.12,93,GUIDED,True,ACTIVE,10,6
2026-05-28T14:41:09.770390,-35.3632619,149.1652372,9.999,-0.01,0.01,0.0,0.017561407759785652,0.01756238378584385,352,0.002489800099283457,0.0018898993730545044,-0.1268605887889862,12.6,28.12,92,GUIDED,True,ACTIVE,10,6
2026-05-28T14:41:10.270719,-35.3632619,149.1652372,10.001,-0.01,0.01,0.0,0.019515201449394226,0.01952068693935871,352,0.0029137141536921263,0.0019736120011657476,-0.12685570120811462,12.6,28.12,92,GUIDED,True,ACTIVE,10,6
2026-05-28T14:41:10.771446,-35.3632619,149.1652372,10.002,-0.01,0.01,0.0,0.0219801664352417,0.02205461449921131,352,0.002497356152161956,0.0020059007219970226,-0.12693433463573456,12.6,28.09,92,GUIDED,True,ACTIVE,10,6
2026-05-28T14:41:11.272129,-35.3632619,149.1652372,10.002,-0.01,0.01,0.0,0.02259034849703312,0.022719841450452805,352,0.0020883739925920963,0.0019225222058594227,-0.12692667543888092,12.6,28.09,92,GUIDED,True,ACTIVE,10,6
2026-05-28T14:41:11.772980,-35.3632619,149.1652372,10.0,-0.01,0.01,0.0,0.022554069757461548,0.022594451904296875,352,0.0017704631900414824,0.0018748387228697538,-0.12688353657722473,12.6,28.12,92,GUIDED,True,ACTIVE,10,6
2026-05-28T14:41:12.273644,-35.3632619,149.1652372,10.0,-0.01,0.01,0.0,0.01995973102748394,0.019965119659900665,352,0.0008021006942726672,0.0018038252601400018,-0.12688730657100677,12.6,28.09,92,GUIDED,True,ACTIVE,10,6
2026-05-28T14:41:12.774295,-35.3632619,149.1652373,9.999,-0.01,0.01,0.0,0.017131241038441658,0.017131391912698746,352,0.0008767829858697951,0.0017382105579599738,-0.12682664394378662,12.6,28.12,92,GUIDED,True,ACTIVE,10,6
2026-05-28T14:41:13.275027,-35.3632619,149.1652373,9.999,-0.01,0.0,0.0,0.014638195745646954,0.014638650231063366,352,0.000937625125516206,0.0017878053477033973,-0.12680643796920776,12.6,28.12,92,GUIDED,True,ACTIVE,10,6
2026-05-28T14:41:13.775997,-35.3632619,149.1652373,9.999,-0.01,0.0,0.0,0.01447778008878231,0.014489487744867802,352,0.0013636272633448243,0.001738479477353394,-0.12682226300239563,12.6,28.12,91,GUIDED,True,ACTIVE,10,6
2026-05-28T14:41:14.276760,-35.3632619,149.1652373,9.999,-0.01,0.0,0.0,0.014232254587113857,0.014242749661207199,352,0.0016688724281266332,0.0017892711330205202,-0.12684489786624908,12.6,28.12,91,GUIDED,True,ACTIVE,10,6
2026-05-28T14:41:14.777450,-35.3632619,149.1652373,9.999,-0.01,0.0,0.0,0.014504704624414444,0.014516077935695648,352,0.0016294437227770686,0.0017428259598091245,-0.12683935463428497,12.6,28.09,91,GUIDED,True,ACTIVE,10,6
2026-05-28T14:41:15.279017,-35.3632619,149.1652373,9.999,-0.01,0.0,0.0,0.014322384260594845,0.014327415265142918,352,0.0016230641631409526,0.0018920950824394822,-0.12682287395000458,12.6,28.09,91,GUIDED,True,ACTIVE,10,6
2026-05-28T14:41:15.779934,-35.3632619,149.1652373,9.999,-0.01,0.0,0.0,0.01545750442892313,0.015466198325157166,352,0.00168141711037606,0.001975676976144314,-0.12684179842472076,12.6,28.09,91,GUIDED,True,ACTIVE,10,6
2026-05-28T14:41:16.280561,-35.3632619,149.1652373,9.999,-0.01,0.0,0.0,0.01606529764831066,0.01608186401426792,352,0.0016207870794460177,0.0017959946999326348,-0.12678483128547668,12.6,28.14,91,GUIDED,True,ACTIVE,10,6
2026-05-28T14:41:16.781164,-35.3632619,149.1652373,10.001,-0.01,0.0,0.0,0.01618032157421112,0.016191557049751282,352,0.0019674948416650295,0.0017575114034116268,-0.12686815857887268,12.6,28.09,91,GUIDED,True,ACTIVE,10,6
2026-05-28T14:41:17.281712,-35.3632619,149.1652373,10.002,-0.01,0.01,0.0,0.01685239002108574,0.01697901077568531,352,0.002054987708106637,0.0017443634569644928,-0.1268630027770996,12.6,28.12,91,GUIDED,True,ACTIVE,10,6
2026-05-28T14:41:17.782595,-35.3632619,149.1652373,10.001,-0.01,0.01,0.0,0.01790921576321125,0.01804705522954464,352,0.001902310992591083,0.0017129656625911593,-0.1268201768398285,12.6,28.12,91,GUIDED,True,ACTIVE,10,6
2026-05-28T14:41:18.283181,-35.3632619,149.1652373,10.0,-0.01,0.01,0.0,0.017603015527129173,0.01761815883219242,352,0.001634532236494124,0.001745732850395143,-0.12683147192001343,12.6,28.12,90,GUIDED,True,ACTIVE,10,6
2026-05-28T14:41:18.783541,-35.3632619,149.1652373,9.999,-0.01,0.01,0.0,0.01705792360007763,0.01705796644091606,352,0.0014244676567614079,0.001728894654661417,-0.12687817215919495,12.6,28.12,90,GUIDED,True,ACTIVE,10,6
2026-05-28T14:41:19.284139,-35.3632619,149.1652373,9.999,-0.01,0.01,0.0,0.016508925706148148,0.016509754583239555,352,0.0014116513775661588,0.0018954110564664006,-0.12691092491149902,12.6,28.12,90,GUIDED,True,ACTIVE,10,6
2026-05-28T14:41:19.787541,-35.3632619,149.1652373,9.999,-0.01,0.01,0.0,0.01750514842569828,0.017506515607237816,352,0.0024418144021183252,0.0018791843904182315,-0.12682823836803436,12.6,28.12,90,GUIDED,True,ACTIVE,10,6
2026-05-28T14:41:20.288090,-35.3632619,149.1652372,9.999,-0.01,0.01,0.0,0.01980566792190075,0.019811008125543594,352,0.0027235981542617083,0.0018633488798514009,-0.12687820196151733,12.6,28.12,90,GUIDED,True,ACTIVE,10,6
2026-05-28T14:41:20.788714,-35.3632619,149.1652372,9.999,-0.01,0.01,0.0,0.022358935326337814,0.022360892966389656,352,0.0023389505222439766,0.0018102505709975958,-0.12686748802661896,12.6,28.12,90,GUIDED,True,ACTIVE,10,6
2026-05-28T14:41:21.289404,-35.3632619,149.1652372,9.999,-0.01,0.01,0.0,0.022156793624162674,0.022164788097143173,352,0.001996188424527645,0.0017362949438393116,-0.12680624425411224,12.6,28.12,90,GUIDED,True,ACTIVE,10,6
2026-05-28T14:41:21.790118,-35.3632619,149.1652372,9.999,-0.01,0.01,0.0,0.02235572040081024,0.02236056886613369,352,0.0018736550118774176,0.001868700492195785,-0.12683556973934174,12.6,28.12,90,GUIDED,True,ACTIVE,10,6
2026-05-28T14:41:22.290329,-35.3632619,149.1652372,9.999,-0.01,0.01,0.0,0.021719368174672127,0.021723954007029533,352,0.0013447811361402273,0.0016515451716259122,-0.12680885195732117,12.6,28.09,89,GUIDED,True,ACTIVE,10,6
2026-05-28T14:41:22.791104,-35.3632619,149.1652372,10.0,-0.01,0.01,0.0,0.019164441153407097,0.01916556991636753,352,0.0007725956384092569,0.0016097676707431674,-0.126758873462677,12.6,28.12,89,GUIDED,True,ACTIVE,10,6
2026-05-28T14:41:23.291452,-35.3632619,149.1652373,10.002,-0.01,0.01,0.0,0.01649152673780918,0.016536006703972816,352,0.000811890116892755,0.0016154287150129676,-0.1267681121826172,12.6,28.09,89,GUIDED,True,ACTIVE,10,6
2026-05-28T14:41:23.791879,-35.3632619,149.1652373,10.002,-0.01,0.0,0.0,0.015401449054479599,0.015583950094878674,352,0.0010462147183716297,0.0016898999456316233,-0.12674164772033691,12.6,28.12,89,GUIDED,True,ACTIVE,10,6
2026-05-28T14:41:24.292551,-35.3632619,149.1652373,10.001,-0.01,0.0,0.0,0.014451290480792522,0.014559372328221798,352,0.0012012197403237224,0.0015877533005550504,-0.12665680050849915,12.6,28.12,89,GUIDED,True,ACTIVE,10,6
2026-05-28T14:41:24.793291,-35.3632619,149.1652373,10.0,-0.01,0.0,0.0,0.014206462539732456,0.014212219975888729,352,0.0014463545521721244,0.001791649148799479,-0.12674888968467712,12.6,28.12,89,GUIDED,True,ACTIVE,10,6
2026-05-28T14:41:25.294000,-35.3632619,149.1652373,9.999,-0.01,0.0,0.0,0.015015742741525173,0.015016772784292698,352,0.0016729296185076237,0.0017931656911969185,-0.12672187387943268,12.6,28.12,89,GUIDED,True,ACTIVE,10,6
2026-05-28T14:41:25.794314,-35.3632619,149.1652373,9.999,-0.01,0.0,0.0,0.01583494246006012,0.015837721526622772,352,0.0018055291147902608,0.0016743794549256563,-0.12672169506549835,12.6,28.12,89,GUIDED,True,ACTIVE,10,6
2026-05-28T14:41:26.295000,-35.3632619,149.1652373,9.999,-0.01,0.01,0.0,0.01647123321890831,0.016477296128869057,352,0.002113862195983529,0.0017064622370526195,-0.12677858769893646,12.6,28.14,89,GUIDED,True,ACTIVE,10,6
2026-05-28T14:41:26.795351,-35.3632619,149.1652373,9.999,-0.01,0.01,0.0,0.018233412876725197,0.01823871210217476,352,0.001779947429895401,0.0017354775918647647,-0.12673157453536987,12.6,28.09,88,GUIDED,True,ACTIVE,10,6
2026-05-28T14:41:27.295943,-35.3632619,149.1652373,9.999,-0.01,0.01,0.0,0.01814611628651619,0.018154926598072052,352,0.0015804078429937363,0.0016968478448688984,-0.12676431238651276,12.6,28.09,88,GUIDED,True,ACTIVE,10,6
2026-05-28T14:41:27.797138,-35.3632619,149.1652373,9.999,-0.01,0.01,0.0,0.01753326691687107,0.017546527087688446,352,0.0018605467630550265,0.0017117256065830588,-0.12673325836658478,12.6,28.12,88,GUIDED,True,ACTIVE,10,6
2026-05-28T14:41:28.297782,-35.3632619,149.1652372,9.999,-0.01,0.01,0.0,0.01900392398238182,0.019015349447727203,352,0.0027023993898183107,0.0019282503053545952,-0.1267411857843399,12.6,28.12,88,GUIDED,True,ACTIVE,10,6
2026-05-28T14:41:28.798386,-35.3632619,149.1652372,9.999,-0.01,0.01,0.0,0.02186189778149128,0.021867763251066208,352,0.0025058777537196875,0.0017631330993026495,-0.12671718001365662,12.6,28.12,88,GUIDED,True,ACTIVE,10,6
2026-05-28T14:41:29.298995,-35.3632619,149.1652372,9.999,-0.01,0.01,0.0,0.023102961480617523,0.02310536801815033,352,0.002171219326555729,0.001816349569708109,-0.12671874463558197,12.6,28.09,88,GUIDED,True,ACTIVE,10,6
2026-05-28T14:41:29.799639,-35.3632619,149.1652372,9.999,-0.01,0.01,0.0,0.023698002099990845,0.023703383281826973,352,0.0018912135856226087,0.00176958495285362,-0.12671038508415222,12.6,28.09,88,GUIDED,True,ACTIVE,10,6
2026-05-28T14:41:30.300281,-35.3632619,149.1652372,9.999,-0.01,0.01,0.0,0.022769363597035408,0.022773202508687973,352,0.0017121299169957638,0.0016664682189002633,-0.126707062125206,12.6,28.14,88,GUIDED,True,ACTIVE,10,6
2026-05-28T14:41:30.800888,-35.3632619,149.1652372,10.001,-0.01,0.01,0.0,0.021841853857040405,0.021844785660505295,352,0.001162255648523569,0.0016144824912771583,-0.1267826110124588,12.6,28.09,87,GUIDED,True,ACTIVE,10,6
2026-05-28T14:41:31.301400,-35.3632619,149.1652372,10.002,-0.01,0.01,0.0,0.019074954092502594,0.01914973370730877,352,0.0008740882622078061,0.001661264686845243,-0.12670694291591644,12.6,28.09,87,GUIDED,True,ACTIVE,10,6
2026-05-28T14:41:31.801995,-35.3632619,149.1652372,10.001,-0.01,0.01,0.0,0.01710444502532482,0.017276491969823837,352,0.001179649494588375,0.0016829338856041431,-0.1266876459121704,12.6,28.12,87,GUIDED,True,ACTIVE,10,6
2026-05-28T14:41:32.302474,-35.3632619,149.1652372,10.0,-0.01,0.0,0.0,0.0163703765720129,0.01641310192644596,352,0.0015187766402959824,0.0015608768444508314,-0.12670105695724487,12.6,28.14,87,GUIDED,True,ACTIVE,10,6
2026-05-28T14:41:32.803129,-35.3632619,149.1652372,10.0,-0.01,0.01,0.0,0.016625167801976204,0.016626249998807907,352,0.0016195435309782624,0.0016865201760083437,-0.12672913074493408,12.6,28.14,87,GUIDED,True,ACTIVE,10,6
2026-05-28T14:41:33.303607,-35.3632619,149.1652372,9.999,-0.01,0.01,0.0,0.017078634351491928,0.017078658565878868,352,0.0017117089591920376,0.0016932036960497499,-0.1266772300004959,12.6,28.09,87,GUIDED,True,ACTIVE,10,6
2026-05-28T14:41:33.804209,-35.3632619,149.1652372,9.999,-0.01,0.01,0.0,0.017468277364969254,0.01746957190334797,352,0.0015187853714451194,0.0016519619384780526,-0.12672261893749237,12.6,28.09,87,GUIDED,True,ACTIVE,10,6
2026-05-28T14:41:34.304433,-35.3632619,149.1652372,9.999,-0.01,0.01,0.0,0.017240401357412338,0.0172436460852623,352,0.001422029105015099,0.001727050868794322,-0.12670791149139404,12.6,28.09,87,GUIDED,True,ACTIVE,10,6
2026-05-28T14:41:34.805024,-35.3632619,149.1652372,9.999,-0.01,0.01,0.0,0.018025806173682213,0.018036367371678352,352,0.0018001524731516838,0.0017849716823548079,-0.12667898833751678,12.6,28.12,87,GUIDED,True,ACTIVE,10,6
2026-05-28T14:41:35.305506,-35.3632619,149.1652372,9.999,-0.01,0.01,0.0,0.01861133612692356,0.018618490546941757,352,0.001705503324046731,0.001572481240145862,-0.12663505971431732,12.6,28.09,86,GUIDED,True,ACTIVE,10,6
2026-05-28T14:41:35.806282,-35.3632619,149.1652372,9.999,-0.01,0.01,0.0,0.018373239785432816,0.01837780885398388,352,0.0015398503746837378,0.0015249843709170818,-0.12663331627845764,12.6,28.14,86,GUIDED,True,ACTIVE,10,6
2026-05-28T14:41:36.306872,-35.3632619,149.1652372,9.999,-0.01,0.01,0.0,0.017516328021883965,0.017519338056445122,352,0.001515159965492785,0.0015373602509498596,-0.12669691443443298,12.6,28.09,86,GUIDED,True,ACTIVE,10,6
2026-05-28T14:41:36.807588,-35.3632619,149.1652372,10.001,-0.01,0.01,0.0,0.01744089275598526,0.01745903678238392,352,0.0015931738307699561,0.0017755673034116626,-0.12667490541934967,12.6,28.12,86,GUIDED,True,ACTIVE,10,6
2026-05-28T14:41:37.308233,-35.3632619,149.1652372,10.002,-0.01,0.01,0.0,0.0176572035998106,0.01776622049510479,352,0.0017364181112498045,0.0017349958652630448,-0.12668876349925995,12.6,28.09,86,GUIDED,True,ACTIVE,10,6
2026-05-28T14:41:37.808392,-35.3632619,149.1652372,10.001,-0.01,0.01,0.0,0.01927952468395233,0.019382070749998093,352,0.0026171840727329254,0.0017972139175981283,-0.1266714483499527,12.6,28.12,86,GUIDED,True,ACTIVE,10,6
2026-05-28T14:41:38.309019,-35.3632619,149.1652372,10.0,-0.01,0.01,0.0,0.021883556619286537,0.021904615685343742,352,0.002515119966119528,0.001720863743685186,-0.1267411857843399,12.6,28.12,86,GUIDED,True,ACTIVE,10,6
2026-05-28T14:41:38.809647,-35.3632619,149.1652372,10.0,-0.01,0.01,0.0,0.023155467584729195,0.02315647155046463,352,0.0023323087953031063,0.001548185246065259,-0.1267482191324234,12.6,28.12,86,GUIDED,True,ACTIVE,10,6
2026-05-28T14:41:39.310264,-35.3632619,149.1652372,9.999,-0.01,0.01,0.0,0.02325138822197914,0.02325153723359108,352,0.0018941916059702635,0.0016870546387508512,-0.12674173712730408,12.6,28.09,85,GUIDED,True,ACTIVE,10,6
2026-05-28T14:41:39.810418,-35.3632619,149.1652372,9.999,-0.01,0.01,0.0,0.022863615304231644,0.02286430634558201,352,0.0015429178019985557,0.0025119688361883163,-0.12670846283435822,12.6,28.09,85,GUIDED,True,ACTIVE,10,6
2026-05-28T14:41:40.310736,-35.3632619,149.1652372,9.999,-0.01,0.01,0.0,0.024171752855181694,0.02417447790503502,352,0.0015995870344340801,0.0028633750043809414,-0.12668569386005402,12.6,28.09,85,GUIDED,True,ACTIVE,10,6
2026-05-28T14:41:40.811192,-35.3632619,149.1652372,9.999,-0.01,0.01,0.0,0.026499127969145775,0.026502700522542,352,0.0012076012790203094,0.0025535367894917727,-0.1266556829214096,12.6,28.09,85,GUIDED,True,ACTIVE,10,6
2026-05-28T14:41:41.311842,-35.3632619,149.1652372,9.999,-0.02,0.01,0.0,0.025654016062617302,0.02565835230052471,352,0.0007615251233801246,0.002114394912496209,-0.12660200893878937,12.6,28.12,85,GUIDED,True,ACTIVE,10,6
2026-05-28T14:41:41.812488,-35.3632619,149.1652372,9.999,-0.02,0.01,0.0,0.024074187502264977,0.0240795761346817,352,0.0011481508845463395,0.0014564599841833115,-0.12661848962306976,12.6,28.14,85,GUIDED,True,ACTIVE,10,6
2026-05-28T14:41:42.313009,-35.3632619,149.1652372,9.999,-0.01,0.01,0.0,0.020067565143108368,0.020076503977179527,352,0.0015942370519042015,0.0006025629700161517,-0.12663978338241577,12.6,28.12,85,GUIDED,True,ACTIVE,10,6
2026-05-28T14:41:42.813606,-35.363262,149.1652372,9.999,-0.01,0.01,0.0,0.01612701453268528,0.016135696321725845,352,0.0018258035415783525,0.0006354250945150852,-0.12664471566677094,12.6,28.12,85,GUIDED,True,ACTIVE,10,6
2026-05-28T14:41:43.314237,-35.363262,149.1652372,9.999,0.0,0.01,0.0,0.01402964349836111,0.014041034504771233,352,0.0018541867611929774,0.0006792820058763027,-0.12663783133029938,12.6,28.12,85,GUIDED,True,ACTIVE,10,6
2026-05-28T14:41:43.814514,-35.363262,149.1652372,10.0,0.0,0.01,0.0,0.014037775807082653,0.014038335531949997,352,0.0016138959908857942,0.001266745268367231,-0.12665750086307526,12.6,28.09,84,GUIDED,True,ACTIVE,10,6
2026-05-28T14:41:44.315175,-35.363262,149.1652372,10.001,0.0,0.01,0.0,0.014100603759288788,0.01414850540459156,352,0.0016286061145365238,0.0015208310214802623,-0.1267300695180893,12.6,28.12,84,GUIDED,True,ACTIVE,10,6
2026-05-28T14:41:44.815675,-35.363262,149.1652372,10.002,0.0,0.01,0.0,0.015133533626794815,0.015306517481803894,352,0.001653628540225327,0.0016568059800192714,-0.1266999989748001,12.6,28.09,84,GUIDED,True,ACTIVE,10,6
2026-05-28T14:41:45.316042,-35.363262,149.1652372,10.001,0.0,0.01,0.0,0.015761328861117363,0.015839001163840294,352,0.0015343173872679472,0.0015727654099464417,-0.1266745626926422,12.6,28.14,84,GUIDED,True,ACTIVE,10,6
2026-05-28T14:41:45.816739,-35.363262,149.1652372,10.0,0.0,0.01,0.0,0.015677765011787415,0.01568043790757656,352,0.0015061204321682453,0.0014684140915051103,-0.12665335834026337,12.6,28.12,84,GUIDED,True,ACTIVE,10,6
2026-05-28T14:41:46.317279,-35.363262,149.1652372,9.999,-0.01,0.01,0.0,0.01582571119070053,0.01582678221166134,352,0.0017239694716408849,0.0019062852952629328,-0.12660746276378632,12.6,28.12,84,GUIDED,True,ACTIVE,10,6
2026-05-28T14:41:46.817798,-35.363262,149.1652372,9.999,-0.01,0.01,0.0,0.017946291714906693,0.017946813255548477,352,0.0023304743226617575,0.0021343312691897154,-0.12656264007091522,12.6,28.12,84,GUIDED,True,ACTIVE,10,6
2026-05-28T14:41:47.318397,-35.363262,149.1652372,9.999,-0.01,0.01,0.0,0.02118225023150444,0.021184364333748817,352,0.00245655351318419,0.00208634277805686,-0.1266079545021057,12.6,28.09,84,GUIDED,True,ACTIVE,10,6
2026-05-28T14:41:47.819227,-35.363262,149.1652372,9.999,-0.01,0.01,0.0,0.024176161736249924,0.024177325889468193,352,0.0023765331134200096,0.0017960160039365292,-0.1266172230243683,12.6,28.09,83,GUIDED,True,ACTIVE,10,6
2026-05-28T14:41:48.319889,-35.363262,149.1652372,9.999,-0.01,0.01,0.0,0.024425262585282326,0.02442995086312294,352,0.0018813875503838062,0.001613475033082068,-0.12661585211753845,12.6,28.14,83,GUIDED,True,ACTIVE,10,6
2026-05-28T14:41:48.820792,-35.363262,149.1652372,9.999,-0.01,0.01,0.0,0.023589523509144783,0.023595435544848442,352,0.0017697972944006324,0.00203117192722857,-0.12659375369548798,12.6,28.12,83,GUIDED,True,ACTIVE,10,6
2026-05-28T14:41:49.321141,-35.3632619,149.1652372,9.999,-0.01,0.01,0.0,0.023979362100362778,0.023982279002666473,352,0.0016150613082572818,0.0029068379662930965,-0.1266084760427475,12.6,28.09,83,GUIDED,True,ACTIVE,10,6
2026-05-28T14:41:49.821879,-35.3632619,149.1652372,9.999,-0.01,0.01,0.0,0.026902444660663605,0.02690805122256279,352,0.0016501405043527484,0.0027998636942356825,-0.126595601439476,12.6,28.12,83,GUIDED,True,ACTIVE,10,6
2026-05-28T14:41:50.322229,-35.3632619,149.1652372,9.999,-0.02,0.01,0.0,0.027816295623779297,0.027820583432912827,352,0.001015800517052412,0.002162008313462138,-0.12659920752048492,12.6,28.09,83,GUIDED,True,ACTIVE,10,6
2026-05-28T14:41:50.822851,-35.3632619,149.1652372,9.999,-0.02,0.01,0.0,0.02572743222117424,0.025741858407855034,352,0.0007796710124239326,0.0018092291429638863,-0.126543328166008,12.6,28.12,83,GUIDED,True,ACTIVE,10,6
2026-05-28T14:41:51.323389,-35.3632619,149.1652372,9.999,-0.02,0.01,0.0,0.02311527542769909,0.02312043122947216,352,0.0011108509497717023,0.0012379215331748128,-0.12656742334365845,12.6,28.12,83,GUIDED,True,ACTIVE,10,6
2026-05-28T14:41:51.823939,-35.3632619,149.1652372,9.999,-0.01,0.01,0.0,0.019569817930459976,0.01957266591489315,352,0.0015943832695484161,0.0006354490178637207,-0.12659597396850586,12.6,28.12,82,GUIDED,True,ACTIVE,10,6
2026-05-28T14:41:52.324354,-35.363262,149.1652372,10.0,-0.01,0.01,0.0,0.016436554491519928,0.016440413892269135,352,0.0018347697332501411,0.0008235213463194668,-0.12664376199245453,12.6,28.09,82,GUIDED,True,ACTIVE,10,6
2026-05-28T14:41:52.824993,-35.363262,149.1652372,10.001,0.0,0.01,0.0,0.015354982577264309,0.015381141565740108,352,0.0017358448822051287,0.0007612748886458576,-0.12668590247631073,12.6,28.09,82,GUIDED,True,ACTIVE,10,6
2026-05-28T14:41:53.325563,-35.363262,149.1652372,10.002,0.0,0.01,0.0,0.014508218504488468,0.014664535410702229,352,0.0016136170597746968,0.0012965627247467637,-0.1267024278640747,12.6,28.09,82,GUIDED,True,ACTIVE,10,6
2026-05-28T14:41:53.826244,-35.363262,149.1652372,10.001,0.0,0.01,0.0,0.014445899985730648,0.014529761858284473,352,0.0015059735160320997,0.001388366799801588,-0.1266581416130066,12.6,28.12,82,GUIDED,True,ACTIVE,10,6
2026-05-28T14:41:54.327112,-35.363262,149.1652372,10.0,0.0,0.01,0.0,0.01482552383095026,0.014836004003882408,352,0.001782176666893065,0.0015988192753866315,-0.12662746012210846,12.6,28.12,82,GUIDED,True,ACTIVE,10,6
2026-05-28T14:41:54.828782,-35.363262,149.1652372,9.999,0.0,0.01,0.0,0.01638292893767357,0.016382941976189613,352,0.0016728051705285907,0.0016841646283864975,-0.1266402304172516,12.6,28.09,82,GUIDED,True,ACTIVE,10,6
2026-05-28T14:41:55.329354,-35.363262,149.1652372,9.999,0.0,0.01,0.0,0.016218392178416252,0.016220377758145332,352,0.0014334088191390038,0.0014392395969480276,-0.1266590803861618,12.6,28.09,82,GUIDED,True,ACTIVE,10,6
2026-05-28T14:41:55.829835,-35.363262,149.1652372,9.999,-0.01,0.01,0.0,0.016797620803117752,0.016800343990325928,352,0.0021337156649678946,0.0020882016979157925,-0.12661035358905792,12.6,28.09,82,GUIDED,True,ACTIVE,10,6
2026-05-28T14:41:56.329982,-35.363262,149.1652372,9.999,-0.01,0.01,0.0,0.02027992717921734,0.020282279700040817,352,0.0025370086077600718,0.0020683088805526495,-0.1266005039215088,12.6,28.09,81,GUIDED,True,ACTIVE,10,6
2026-05-28T14:41:56.830375,-35.363262,149.1652372,9.999,-0.01,0.01,0.0,0.023243220522999763,0.02325114607810974,352,0.002305536298081279,0.0018913222011178732,-0.1266171634197235,12.6,28.09,81,GUIDED,True,ACTIVE,10,6
2026-05-28T14:41:57.332876,-35.363262,149.1652372,9.999,-0.01,0.01,0.0,0.024157550185918808,0.02416135184466839,352,0.002077189041301608,0.0016359249129891396,-0.1266026645898819,12.6,28.12,81,GUIDED,True,ACTIVE,10,6
2026-05-28T14:41:57.834090,-35.363262,149.1652372,9.999,-0.01,0.01,0.0,0.024036463350057602,0.02404121682047844,352,0.0017657945863902569,0.0016457652673125267,-0.1266356110572815,12.6,28.12,81,GUIDED,True,ACTIVE,10,6
2026-05-28T14:41:58.334885,-35.363262,149.1652372,9.999,-0.01,0.01,0.0,0.02276461198925972,0.02276974730193615,352,0.0016890785191208124,0.001640097820200026,-0.1266317367553711,12.6,28.14,81,GUIDED,True,ACTIVE,10,6
2026-05-28T14:41:58.835957,-35.363262,149.1652372,9.999,-0.01,0.01,0.0,0.02192908711731434,0.021933550015091896,352,0.0017711212858557701,0.0016633877530694008,-0.1266198307275772,12.6,28.09,81,GUIDED,True,ACTIVE,10,6
2026-05-28T14:41:59.336956,-35.363262,149.1652372,9.999,-0.01,0.01,0.0,0.022154122591018677,0.022164171561598778,352,0.0014594189124181867,0.0018271947046741843,-0.12668947875499725,12.6,28.12,81,GUIDED,True,ACTIVE,10,6
2026-05-28T14:41:59.837411,-35.363262,149.1652372,9.999,-0.01,0.01,0.0,0.021260689944028854,0.021264677867293358,352,0.0007698050467297435,0.0026289389934390783,-0.1266385167837143,12.6,28.12,81,GUIDED,True,ACTIVE,10,6
2026-05-28T14:42:00.337940,-35.363262,149.1652372,10.001,-0.01,0.01,0.0,0.021892130374908447,0.021901192143559456,352,0.0008743858197703958,0.0027829953469336033,-0.12656959891319275,12.6,28.09,80,GUIDED,True,ACTIVE,10,6
2026-05-28T14:42:00.838193,-35.3632619,149.1652372,10.002,-0.02,0.01,0.0,0.02386377938091755,0.023953596130013466,352,0.0011819598730653524,0.002337487880140543,-0.12655124068260193,12.6,28.12,80,GUIDED,True,ACTIVE,10,6
2026-05-28T14:42:01.338824,-35.3632619,149.1652372,10.001,-0.02,0.01,0.0,0.023897061124444008,0.023976000025868416,352,0.0014512207126244903,0.002006803872063756,-0.12659241259098053,12.6,28.09,80,GUIDED,True,ACTIVE,10,6
2026-05-28T14:42:01.839404,-35.3632619,149.1652372,10.0,-0.02,0.01,0.0,0.023811575025320053,0.023825718089938164,352,0.0016377812717109919,0.0014715472934767604,-0.12662817537784576,12.6,28.12,80,GUIDED,True,ACTIVE,10,6
2026-05-28T14:42:02.340074,-35.3632619,149.1652372,9.999,-0.01,0.01,0.0,0.020908743143081665,0.020908772945404053,352,0.0016936748288571835,0.0005513284704647958,-0.12665773928165436,12.6,28.12,80,GUIDED,True,ACTIVE,10,6
2026-05-28T14:42:02.840796,-35.363262,149.1652372,9.999,-0.01,0.01,0.0,0.01776566170156002,0.017767390236258507,352,0.0017019995721057057,0.0006112579139880836,-0.12668316066265106,12.6,28.12,80,GUIDED,True,ACTIVE,10,6
2026-05-28T14:42:03.341487,-35.363262,149.1652372,9.999,0.0,0.01,0.0,0.014828418381512165,0.014829298481345177,352,0.0016690978081896901,0.0005778911290690303,-0.12671512365341187,12.6,28.12,80,GUIDED,True,ACTIVE,10,6
2026-05-28T14:42:03.842215,-35.363262,149.1652372,9.999,0.0,0.01,0.0,0.014458109624683857,0.01446283794939518,352,0.0016841432079672813,0.001246840925887227,-0.12670496106147766,12.6,28.12,80,GUIDED,True,ACTIVE,10,6
2026-05-28T14:42:04.342628,-35.363262,149.1652372,9.999,0.0,0.01,0.0,0.014649900607764721,0.014655103906989098,352,0.0016009246464818716,0.0015194242587313056,-0.12666092813014984,12.6,28.12,80,GUIDED,True,ACTIVE,10,6
2026-05-28T14:42:04.843022,-35.363262,149.1652372,9.999,0.0,0.01,0.0,0.01530887559056282,0.01531490869820118,352,0.0018902054289355874,0.001679931185208261,-0.1266845464706421,12.6,28.09,79,GUIDED,True,ACTIVE,10,6
2026-05-28T14:42:05.343871,-35.363262,149.1652372,9.999,0.0,0.01,0.0,0.017287667840719223,0.017291679978370667,352,0.002561527071520686,0.001547524007037282,-0.12669134140014648,12.6,28.09,79,GUIDED,True,ACTIVE,10,6
2026-05-28T14:42:05.844538,-35.363262,149.1652372,9.999,0.0,0.01,0.0,0.020542684942483902,0.0205551590770483,352,0.0025364032480865717,0.0017671744571998715,-0.1266588568687439,12.6,28.12,79,GUIDED,True,ACTIVE,10,6
2026-05-28T14:42:06.344935,-35.363262,149.1652372,9.999,-0.01,0.01,0.0,0.022346200421452522,0.022349471226334572,352,0.0020815827883780003,0.0020142835564911366,-0.12659895420074463,12.6,28.14,79,GUIDED,True,ACTIVE,10,6
2026-05-28T14:42:06.845503,-35.363262,149.1652372,9.999,-0.01,0.02,0.0,0.023713191971182823,0.023718615993857384,352,0.0018544981721788645,0.0020756989251822233,-0.12662139534950256,12.6,28.12,79,GUIDED,True,ACTIVE,10,6
2026-05-28T14:42:07.345911,-35.363262,149.1652372,10.001,-0.01,0.01,0.0,0.023731771856546402,0.02373567596077919,352,0.0016206817235797644,0.001957221422344446,-0.1266229748725891,12.6,28.09,79,GUIDED,True,ACTIVE,10,6
2026-05-28T14:42:07.846312,-35.363262,149.1652372,10.002,-0.01,0.01,0.0,0.02342943288385868,0.023489242419600487,352,0.0017587831243872643,0.0016536898910999298,-0.12659220397472382,12.6,28.14,79,GUIDED,True,ACTIVE,10,6
2026-05-28T14:42:08.346963,-35.363262,149.1652372,10.001,-0.01,0.01,0.0,0.022856492549180984,0.02296270802617073,352,0.0018121307948604226,0.0016036077868193388,-0.1266065239906311,12.6,28.14,79,GUIDED,True,ACTIVE,10,6
2026-05-28T14:42:08.847301,-35.363262,149.1652372,10.0,-0.01,0.01,0.0,0.021882668137550354,0.021897373721003532,352,0.0009730573510751128,0.001512660994194448,-0.12660200893878937,12.6,28.14,78,GUIDED,True,ACTIVE,10,6
2026-05-28T14:42:09.347917,-35.363262,149.1652372,9.999,-0.01,0.01,0.0,0.018425507470965385,0.018425507470965385,352,0.0008032192126847804,0.0016592380125075579,-0.12666083872318268,12.6,28.12,78,GUIDED,True,ACTIVE,10,6
2026-05-28T14:42:09.849600,-35.363262,149.1652372,9.999,-0.01,0.01,0.0,0.01837524026632309,0.018376484513282776,352,0.0012817599344998598,0.002695688046514988,-0.12665608525276184,12.6,28.12,78,GUIDED,True,ACTIVE,10,6
2026-05-28T14:42:10.350395,-35.363262,149.1652372,9.999,-0.01,0.01,0.0,0.02115403674542904,0.021156184375286102,352,0.0012744232080876827,0.002805759897455573,-0.126599982380867,12.6,28.09,78,GUIDED,True,ACTIVE,10,6
2026-05-28T14:42:10.850917,-35.3632619,149.1652372,9.999,-0.02,0.01,0.0,0.023865388706326485,0.023868978023529053,352,0.0014908717712387443,0.002382778562605381,-0.12655003368854523,12.6,28.12,78,GUIDED,True,ACTIVE,10,6
2026-05-28T14:42:11.351565,-35.3632619,149.1652372,9.999,-0.02,0.01,0.0,0.024340160191059113,0.02434403821825981,352,0.0014720187755301595,0.0020308983512222767,-0.12652285397052765,12.6,28.12,78,GUIDED,True,ACTIVE,10,6
2026-05-28T14:42:11.851865,-35.3632619,149.1652372,9.999,-0.02,0.01,0.0,0.024437936022877693,0.02444159798324108,352,0.001624015741981566,0.001398175721988082,-0.12653391063213348,12.6,28.09,78,GUIDED,True,ACTIVE,10,6
2026-05-28T14:42:12.352246,-35.3632619,149.1652372,9.999,-0.01,0.01,0.0,0.02176266349852085,0.021767402067780495,352,0.0018117754952982068,0.0005901398835703731,-0.12659217417240143,12.6,28.09,78,GUIDED,True,ACTIVE,10,6
2026-05-28T14:42:12.853485,-35.363262,149.1652372,9.999,-0.01,0.01,0.0,0.018011827021837234,0.018018703907728195,352,0.0016422962071374059,0.00048514510854147375,-0.1266452819108963,12.6,28.09,78,GUIDED,True,ACTIVE,10,6
2026-05-28T14:42:13.353864,-35.363262,149.1652372,9.999,0.0,0.01,0.0,0.015499096363782883,0.015510599128901958,352,0.001713836332783103,0.0009114869753830135,-0.1267344057559967,12.6,28.09,77,GUIDED,True,ACTIVE,10,6
2026-05-28T14:42:13.854598,-35.363262,149.1652372,9.999,0.0,0.01,0.0,0.014829055406153202,0.014832439832389355,352,0.0018944815965369344,0.00120257749222219,-0.12665368616580963,12.6,28.09,77,GUIDED,True,ACTIVE,10,6
2026-05-28T14:42:14.355559,-35.363262,149.1652372,9.999,0.0,0.01,0.0,0.016390232369303703,0.01640218496322632,352,0.002526442054659128,0.0016564922407269478,-0.1266728788614273,12.6,28.12,77,GUIDED,True,ACTIVE,10,6
2026-05-28T14:42:14.856304,-35.363262,149.1652372,10.001,0.0,0.01,0.0,0.01980479806661606,0.01980915293097496,352,0.002525758696720004,0.0016444093780592084,-0.12665826082229614,12.6,28.09,77,GUIDED,True,ACTIVE,10,6
2026-05-28T14:42:15.356996,-35.363262,149.1652372,10.002,0.0,0.01,0.0,0.021494360640645027,0.021561743691563606,352,0.002110833767801523,0.0015670520951971412,-0.12667585909366608,12.6,28.09,77,GUIDED,True,ACTIVE,10,6
2026-05-28T14:42:15.857587,-35.363262,149.1652372,10.001,0.0,0.01,0.0,0.0220025721937418,0.022111568599939346,352,0.0018304570112377405,0.001665540155954659,-0.1266692727804184,12.6,28.12,77,GUIDED,True,ACTIVE,10,6
2026-05-28T14:42:16.358208,-35.363262,149.1652372,10.0,-0.01,0.01,0.0,0.02174953743815422,0.021761085838079453,352,0.0016396455466747284,0.002266372786834836,-0.12659403681755066,12.6,28.12,77,GUIDED,True,ACTIVE,10,6
2026-05-28T14:42:16.858502,-35.363262,149.1652372,10.0,-0.01,0.01,0.0,0.022811906412243843,0.02281191572546959,352,0.0017164055025205016,0.002141115488484502,-0.12660525739192963,12.6,28.12,77,GUIDED,True,ACTIVE,10,6
2026-05-28T14:42:17.359153,-35.363262,149.1652372,9.999,-0.01,0.01,0.0,0.02297179214656353,0.022972792387008667,352,0.0017987482715398073,0.001794696319848299,-0.12655341625213623,12.6,28.12,76,GUIDED,True,ACTIVE,10,6
2026-05-28T14:42:17.859577,-35.363262,149.1652372,9.999,-0.01,0.01,0.0,0.022693198174238205,0.022695695981383324,352,0.0011556220706552267,0.0014583359006792307,-0.12654347717761993,12.6,28.12,76,GUIDED,True,ACTIVE,10,6
2026-05-28T14:42:18.360229,-35.363262,149.1652372,9.999,-0.01,0.01,0.0,0.01963851787149906,0.019641218706965446,352,0.0008547506295144558,0.0014537080423906446,-0.12653161585330963,12.6,28.09,76,GUIDED,True,ACTIVE,10,6
2026-05-28T14:42:18.860919,-35.363262,149.1652372,9.999,-0.01,0.01,0.0,0.017497176304459572,0.017498767003417015,352,0.0011703182244673371,0.001544317346997559,-0.12655077874660492,12.6,28.12,76,GUIDED,True,ACTIVE,10,6
2026-05-28T14:42:19.361608,-35.363262,149.1652372,9.999,-0.01,0.01,0.0,0.017106765881180763,0.017111441120505333,352,0.0014233258552849293,0.00160106155090034,-0.1265704184770584,12.6,28.12,76,GUIDED,True,ACTIVE,10,6
2026-05-28T14:42:19.862312,-35.363262,149.1652372,9.999,-0.01,0.01,0.0,0.017414487898349762,0.017427248880267143,352,0.001549868960864842,0.002368655288591981,-0.12662774324417114,12.6,28.14,76,GUIDED,True,ACTIVE,10,6
2026-05-28T14:42:20.362849,-35.363262,149.1652372,9.999,-0.01,0.01,0.0,0.02068001590669155,0.02068592794239521,352,0.0016363910399377346,0.002828283002600074,-0.1265653669834137,12.6,28.12,76,GUIDED,True,ACTIVE,10,6
2026-05-28T14:42:20.863596,-35.3632619,149.1652372,10.0,-0.02,0.01,0.0,0.024032574146986008,0.02403269149363041,352,0.0013917677570134401,0.0025797702837735415,-0.12660039961338043,12.6,28.14,76,GUIDED,True,ACTIVE,10,6
2026-05-28T14:42:21.364022,-35.3632619,149.1652372,10.002,-0.02,0.01,0.0,0.02464953623712063,0.02468731813132763,352,0.001417568069882691,0.00202588876709342,-0.12656697630882263,12.6,28.09,76,GUIDED,True,ACTIVE,10,6
2026-05-28T14:42:21.864198,-35.3632619,149.1652372,10.002,-0.02,0.01,0.0,0.024373972788453102,0.024499086663126945,352,0.0016305421013385057,0.0017662348691374063,-0.12657418847084045,12.6,28.09,75,GUIDED,True,ACTIVE,10,6
2026-05-28T14:42:22.364385,-35.3632619,149.1652372,10.0,-0.01,0.01,0.0,0.022915953770279884,0.022958096116781235,352,0.0017056652577593923,0.0008544758893549442,-0.1265961229801178,12.6,28.12,75,GUIDED,True,ACTIVE,10,6
2026-05-28T14:42:22.864720,-35.363262,149.1652372,10.0,-0.01,0.01,0.0,0.019649822264909744,0.019656706601381302,352,0.0017041011014953256,0.0006333029014058411,-0.12669838964939117,12.6,28.12,75,GUIDED,True,ACTIVE,10,6
2026-05-28T14:42:23.365075,-35.363262,149.1652372,9.999,-0.01,0.01,0.0,0.016933651641011238,0.01693369634449482,352,0.0024059840943664312,0.0007950225844979286,-0.12663204967975616,12.6,28.09,75,GUIDED,True,ACTIVE,10,6
2026-05-28T14:42:23.865428,-35.363262,149.1652372,9.999,0.0,0.01,0.0,0.018393302336335182,0.018393751233816147,352,0.00269021256826818,0.0011542955180630088,-0.1266852170228958,12.6,28.09,75,GUIDED,True,ACTIVE,10,6
2026-05-28T14:42:24.365968,-35.363262,149.1652372,9.999,0.0,0.01,0.0,0.02044363133609295,0.020445633679628372,352,0.0023349830880761147,0.0015410156920552254,-0.12667562067508698,12.6,28.14,75,GUIDED,True,ACTIVE,10,6
2026-05-28T14:42:24.867254,-35.363262,149.1652372,9.999,0.0,0.02,0.0,0.02144324965775013,0.0214455034583807,352,0.001926945522427559,0.0016148104332387447,-0.12667998671531677,12.6,28.09,75,GUIDED,True,ACTIVE,10,6
2026-05-28T14:42:25.369055,-35.363262,149.1652372,9.999,0.0,0.01,0.0,0.021296974271535873,0.02130524255335331,352,0.0017760772025212646,0.0014937174273654819,-0.12665915489196777,12.6,28.12,75,GUIDED,True,ACTIVE,10,6
2026-05-28T14:42:25.869717,-35.363262,149.1652372,9.999,0.0,0.01,0.0,0.02088099904358387,0.020885346457362175,352,0.0017465113196521997,0.001518044387921691,-0.1266237050294876,12.6,28.09,74,GUIDED,True,ACTIVE,10,6
2026-05-28T14:42:26.370399,-35.363262,149.1652372,9.999,0.0,0.01,0.0,0.020333630964159966,0.020343773066997528,352,0.0016475248849019408,0.0019411485409364104,-0.12666304409503937,12.6,28.12,74,GUIDED,True,ACTIVE,10,6
2026-05-28T14:42:26.871259,-35.363262,149.1652372,9.999,-0.01,0.01,0.0,0.02117438241839409,0.02117726020514965,352,0.0012033729581162333,0.002074975986033678,-0.1266310214996338,12.6,28.09,74,GUIDED,True,ACTIVE,10,6
2026-05-28T14:42:27.371698,-35.363262,149.1652372,10.001,-0.01,0.01,0.0,0.020130233839154243,0.020141640678048134,352,0.0008251624531112611,0.001858685165643692,-0.1265796720981598,12.6,28.09,74,GUIDED,True,ACTIVE,10,6
2026-05-28T14:42:27.872161,-35.363262,149.1652372,10.002,-0.01,0.01,0.0,0.018955662846565247,0.019057154655456543,352,0.0010565202683210373,0.0016228461172431707,-0.12656541168689728,12.6,28.09,74,GUIDED,True,ACTIVE,10,6
2026-05-28T14:42:28.372916,-35.363262,149.1652372,10.001,-0.01,0.01,0.0,0.017758512869477272,0.017906028777360916,352,0.0014032747130841017,0.0013580458471551538,-0.12652559578418732,12.6,28.09,74,GUIDED,True,ACTIVE,10,6
2026-05-28T14:42:28.873649,-35.363262,149.1652372,10.0,-0.01,0.01,0.0,0.01776697114109993,0.01780281588435173,352,0.0017290442483499646,0.0015829186886548996,-0.1265077292919159,12.6,28.09,74,GUIDED,True,ACTIVE,10,6
2026-05-28T14:42:29.374493,-35.363262,149.1652372,10.0,-0.01,0.01,0.0,0.01740885339677334,0.017409170046448708,352,0.0014602669980376959,0.0015088262734934688,-0.12662331759929657,12.6,28.12,74,GUIDED,True,ACTIVE,10,6
2026-05-28T14:42:29.875059,-35.363262,149.1652372,9.999,-0.01,0.01,0.0,0.017827292904257774,0.017828816547989845,352,0.0016922872746363282,0.0018570470856502652,-0.12659969925880432,12.6,28.12,74,GUIDED,True,ACTIVE,10,6
2026-05-28T14:42:30.375447,-35.363262,149.1652372,9.999,-0.01,0.01,0.0,0.01854202337563038,0.01854635775089264,352,0.0013831802643835545,0.0025464585050940514,-0.12660828232765198,12.6,28.12,73,GUIDED,True,ACTIVE,10,6
2026-05-28T14:42:30.876458,-35.3632619,149.1652372,9.999,-0.01,0.01,0.0,0.021998686715960503,0.022005487233400345,352,0.0015179592883214355,0.0029322709888219833,-0.12661027908325195,12.6,28.12,73,GUIDED,True,ACTIVE,10,6
2026-05-28T14:42:31.377076,-35.3632619,149.1652372,9.999,-0.02,0.01,0.0,0.024502277374267578,0.024505792185664177,352,0.0014743650099262595,0.0023505690041929483,-0.1266290247440338,12.6,28.14,73,GUIDED,True,ACTIVE,10,6
2026-05-28T14:42:31.878308,-35.3632619,149.1652372,9.999,-0.02,0.01,0.0,0.025078248232603073,0.025084611028432846,352,0.0015813648933544755,0.0020159815903753042,-0.12661808729171753,12.6,28.09,73,GUIDED,True,ACTIVE,10,6
2026-05-28T14:42:32.378718,-35.3632619,149.1652372,9.999,-0.02,0.01,0.0,0.025055808946490288,0.025061676278710365,352,0.0023156162351369858,0.0017306319205090404,-0.12663792073726654,12.6,28.12,73,GUIDED,True,ACTIVE,10,6
2026-05-28T14:42:32.879317,-35.3632619,149.1652372,9.999,-0.01,0.01,0.0,0.025162573903799057,0.02516917511820793,352,0.002637498779222369,0.000837099680211395,-0.1266673356294632,12.6,28.12,73,GUIDED,True,ACTIVE,10,6
2026-05-28T14:42:33.379892,-35.363262,149.1652372,9.999,-0.01,0.01,0.0,0.023176079615950584,0.023180514574050903,352,0.00239593256264925,0.0005687387892976403,-0.12664921581745148,12.6,28.12,73,GUIDED,True,ACTIVE,10,6
2026-05-28T14:42:33.880521,-35.363262,149.1652372,9.999,0.0,0.01,0.0,0.02189691551029682,0.021908313035964966,352,0.0020474472548812628,0.0008039956446737051,-0.12662675976753235,12.6,28.12,73,GUIDED,True,ACTIVE,10,6
2026-05-28T14:42:34.381083,-35.363262,149.1652372,9.999,0.0,0.01,0.0,0.020575858652591705,0.02058226987719536,352,0.0018019350245594978,0.000999345094896853,-0.12660828232765198,12.6,28.09,72,GUIDED,True,ACTIVE,10,6
2026-05-28T14:42:34.881627,-35.363262,149.1652372,10.001,0.0,0.01,0.0,0.01973717287182808,0.019749673083424568,352,0.001842624507844448,0.0015168840764090419,-0.1266712248325348,12.6,28.12,72,GUIDED,True,ACTIVE,10,6
2026-05-28T14:42:35.382230,-35.363262,149.1652372,10.002,0.0,0.01,0.0,0.020018046721816063,0.020119568333029747,352,0.0016196937067434192,0.0016662584384903312,-0.1266813725233078,12.6,28.09,72,GUIDED,True,ACTIVE,10,6
2026-05-28T14:42:35.882709,-35.363262,149.1652372,10.001,0.0,0.01,0.0,0.01902231015264988,0.019131934270262718,352,0.0009616792085580528,0.0015088070649653673,-0.12664562463760376,12.6,28.12,72,GUIDED,True,ACTIVE,10,6
2026-05-28T14:42:36.383402,-35.363262,149.1652372,10.0,0.0,0.01,0.0,0.016422417014837265,0.01644331030547619,352,0.001159775536507368,0.0016514270100742579,-0.1265387386083603,12.6,28.12,72,GUIDED,True,ACTIVE,10,6
2026-05-28T14:42:36.884207,-35.363262,149.1652372,9.999,-0.01,0.01,0.0,0.01559559814631939,0.015595599077641964,352,0.0011927168816328049,0.0020215921103954315,-0.12658455967903137,12.6,28.12,72,GUIDED,True,ACTIVE,10,6
2026-05-28T14:42:37.384845,-35.363262,149.1652372,9.999,-0.01,0.01,0.0,0.016722744330763817,0.0167230311781168,352,0.0013408702798187733,0.0018573158886283636,-0.12653766572475433,12.6,28.12,72,GUIDED,True,ACTIVE,10,6
2026-05-28T14:42:37.885465,-35.363262,149.1652372,9.999,-0.01,0.01,0.0,0.017498722299933434,0.01750270090997219,352,0.0017546546878293157,0.0018334814812988043,-0.1265786588191986,12.6,28.12,72,GUIDED,True,ACTIVE,10,6
2026-05-28T14:42:38.385937,-35.363262,149.1652372,9.999,-0.01,0.01,0.0,0.018213843926787376,0.018216261640191078,352,0.0017857884522527456,0.0018394209910184145,-0.1266149878501892,12.6,28.09,71,GUIDED,True,ACTIVE,10,6
2026-05-28T14:42:38.887733,-35.363262,149.1652372,9.999,-0.01,0.01,0.0,0.018948737531900406,0.018966665491461754,352,0.0015837667742744088,0.001424147980287671,-0.12659329175949097,12.6,28.12,71,GUIDED,True,ACTIVE,10,6
2026-05-28T14:42:39.391788,-35.363262,149.1652372,9.999,-0.01,0.01,0.0,0.017974141985177994,0.01798432692885399,352,0.001538615208119154,0.0016001468757167459,-0.12665000557899475,12.6,28.09,71,GUIDED,True,ACTIVE,10,6
2026-05-28T14:42:39.893960,-35.363262,149.1652372,9.999,-0.01,0.01,0.0,0.018216747790575027,0.01822046935558319,352,0.0015286793932318687,0.002192443935200572,-0.12659910321235657,12.6,28.12,71,GUIDED,True,ACTIVE,10,6
2026-05-28T14:42:40.394271,-35.363262,149.1652372,9.999,-0.01,0.01,0.0,0.020480632781982422,0.020485496148467064,352,0.001439215149730444,0.002920431550592184,-0.12656687200069427,12.6,28.09,71,GUIDED,True,ACTIVE,10,6
2026-05-28T14:42:40.894705,-35.3632619,149.1652372,9.999,-0.01,0.01,0.0,0.023573415353894234,0.023578351363539696,352,0.001561877317726612,0.0027831015177071095,-0.12656773626804352,12.6,28.09,71,GUIDED,True,ACTIVE,10,6
2026-05-28T14:42:41.395289,-35.3632619,149.1652372,9.999,-0.02,0.01,0.0,0.02589990943670273,0.025904035195708275,352,0.0023658715654164553,0.0022791726514697075,-0.12653739750385284,12.6,28.12,71,GUIDED,True,ACTIVE,10,6
2026-05-28T14:42:41.895851,-35.3632619,149.1652372,10.0,-0.02,0.01,0.0,0.027394384145736694,0.027395548298954964,352,0.002504445146769285,0.0019522418733686209,-0.12662026286125183,12.6,28.09,71,GUIDED,True,ACTIVE,10,6
2026-05-28T14:42:42.396336,-35.3632619,149.1652372,10.002,-0.02,0.01,0.0,0.027936335653066635,0.027987942099571228,352,0.0022782471496611834,0.0012686284026131034,-0.12661436200141907,12.6,28.09,70,GUIDED,True,ACTIVE,10,6
2026-05-28T14:42:42.896723,-35.363262,149.1652372,10.001,-0.01,0.01,0.0,0.025406453758478165,0.025486035272479057,352,0.002030448755249381,0.0006272846949286759,-0.12663106620311737,12.6,28.12,70,GUIDED,True,ACTIVE,10,6
2026-05-28T14:42:43.397334,-35.363262,149.1652372,10.0,-0.01,0.01,0.0,0.022721001878380775,0.022758593782782555,352,0.0018949159421026707,0.0008108114125207067,-0.12664641439914703,12.6,28.12,70,GUIDED,True,ACTIVE,10,6
2026-05-28T14:42:43.897812,-35.363262,149.1652372,10.0,0.0,0.01,0.0,0.02046372927725315,0.02046372927725315,352,0.0016585055273026228,0.0007973144529387355,-0.12669076025485992,12.6,28.12,70,GUIDED,True,ACTIVE,10,6
2026-05-28T14:42:44.399472,-35.363262,149.1652372,9.999,0.0,0.01,0.0,0.019283391535282135,0.019283447414636612,352,0.0019912186544388533,0.0011857780627906322,-0.12666518986225128,12.6,28.12,70,RTL,True,ACTIVE,10,6
2026-05-28T14:42:44.900304,-35.363262,149.1652372,9.995,0.0,0.01,0.01,0.019162265583872795,0.026948107406497,352,0.0009574366267770529,0.0017807703698053956,-0.12665796279907227,12.6,28.02,70,RTL,True,ACTIVE,10,6
2026-05-28T14:42:45.400477,-35.363262,149.1652373,9.989,0.0,0.03,0.0,0.032224271446466446,0.03237316757440567,352,0.007849589921534061,0.001860802061855793,-0.12662962079048157,12.6,28.24,70,RTL,True,ACTIVE,10,6
2026-05-28T14:42:45.900958,-35.363262,149.1652374,9.989,0.0,0.01,0.0,0.020833034068346024,0.020903335884213448,352,-0.006689736153930426,0.0008635820704512298,-0.1265980750322342,12.6,28.14,70,RTL,True,ACTIVE,10,6
2026-05-28T14:42:46.401377,-35.363262,149.1652373,9.989,0.0,0.0,0.0,0.011209731921553612,0.011282455176115036,352,0.002245937706902623,0.0014277029549703002,-0.12660494446754456,12.6,28.09,70,RTL,True,ACTIVE,10,6
2026-05-28T14:42:46.901979,-35.363262,149.1652373,9.99,0.0,0.01,0.0,0.014274339191615582,0.014275656081736088,352,0.0020619689021259546,0.00201119901612401,-0.12658824026584625,12.6,28.12,69,RTL,True,ACTIVE,10,6
2026-05-28T14:42:47.402590,-35.363262,149.1652373,9.989,-0.01,0.01,0.0,0.01720467209815979,0.017207063734531403,352,0.0015652625588700175,0.0021490235812962055,-0.1265881061553955,12.6,28.12,69,RTL,True,ACTIVE,10,6
2026-05-28T14:42:47.902944,-35.363262,149.1652373,9.989,-0.01,0.01,0.0,0.018971500918269157,0.018971865996718407,352,0.0014409224968403578,0.001994835212826729,-0.12654860317707062,12.6,28.12,69,RTL,True,ACTIVE,10,6
2026-05-28T14:42:48.403285,-35.363262,149.1652373,9.989,-0.01,0.01,0.0,0.019183820113539696,0.019185882061719894,352,0.0015364581486210227,0.0016682761488482356,-0.1266118586063385,12.6,28.12,69,RTL,True,ACTIVE,10,6
2026-05-28T14:42:48.903866,-35.363262,149.1652373,9.989,-0.01,0.01,0.0,0.01911834441125393,0.01911845989525318,352,0.001585477846674621,0.001475630677305162,-0.12654364109039307,12.6,28.12,69,RTL,True,ACTIVE,10,6
2026-05-28T14:42:49.404473,-35.363262,149.1652373,9.989,-0.01,0.01,0.0,0.018477385863661766,0.018477579578757286,352,0.001595515524968505,0.0014647386269643903,-0.12655282020568848,12.6,28.12,69,RTL,True,ACTIVE,10,6
2026-05-28T14:42:49.904948,-35.363262,149.1652373,9.989,-0.01,0.01,0.0,0.01797293685376644,0.017975496128201485,352,0.001624695141799748,0.0016246779123321176,-0.12658163905143738,12.6,28.12,69,RTL,True,ACTIVE,10,6
2026-05-28T14:42:50.405397,-35.363262,149.1652373,9.989,-0.01,0.01,0.0,0.01778281107544899,0.01778288744390011,352,0.001747490488924086,0.00199957937002182,-0.12661559879779816,12.6,28.09,69,RTL,True,ACTIVE,10,6
2026-05-28T14:42:50.906100,-35.363262,149.1652373,9.989,-0.01,0.01,0.0,0.020646171644330025,0.020646460354328156,352,0.0019289698684588075,0.0029474745970219374,-0.1266811639070511,12.6,28.09,68,RTL,True,ACTIVE,10,6
2026-05-28T14:42:51.406648,-35.363262,149.1652373,9.941,-0.01,0.01,0.29,0.02403092198073864,0.2937929928302765,352,0.0018249133136123419,0.002873669844120741,-0.12657319009304047,12.6,25.18,68,RTL,True,ACTIVE,10,6
2026-05-28T14:42:51.906892,-35.3632619,149.1652373,9.722,-0.02,0.01,0.53,0.02645295113325119,0.5358812212944031,352,0.0018696188926696777,0.002462808508425951,-0.12660826742649078,12.6,27.04,68,RTL,True,ACTIVE,10,6
2026-05-28T14:42:52.407684,-35.3632619,149.1652373,9.449,-0.02,0.01,0.54,0.02682129479944706,0.542596161365509,352,0.001839362201280892,0.0016225563595071435,-0.12660002708435059,12.6,27.85,68,RTL,True,ACTIVE,10,6
2026-05-28T14:42:52.908432,-35.3632619,149.1652373,9.186,-0.01,0.01,0.5,0.025533178821206093,0.5084695816040039,352,0.0017022782703861594,0.0010448467219248414,-0.12662194669246674,12.6,27.9,68,RTL,True,ACTIVE,10,6
2026-05-28T14:42:53.408973,-35.363262,149.1652373,8.935,-0.01,0.01,0.49,0.022122059017419815,0.49210578203201294,352,0.0017951863119378686,0.0005744986701756716,-0.12662504613399506,12.6,27.83,68,RTL,True,ACTIVE,10,6
2026-05-28T14:42:53.910602,-35.363262,149.1652373,8.688,-0.01,0.01,0.48,0.01960860751569271,0.49024784564971924,352,0.0020235530100762844,0.0007351267850026488,-0.12671174108982086,12.6,27.76,68,RTL,True,ACTIVE,10,6
2026-05-28T14:42:54.411400,-35.363262,149.1652373,8.441,0.0,0.01,0.49,0.017632625997066498,0.49288204312324524,352,0.0014755340525880456,0.0008397878264077008,-0.1266157627105713,12.6,27.71,68,RTL,True,ACTIVE,10,6
2026-05-28T14:42:54.911731,-35.363262,149.1652373,8.192,0.0,0.01,0.49,0.015970250591635704,0.49598821997642517,352,0.0017047567525878549,0.0014009171864017844,-0.12662313878536224,12.6,27.71,68,RTL,True,ACTIVE,10,6
2026-05-28T14:42:55.412293,-35.363262,149.1652373,7.943,0.0,0.01,0.49,0.016288695856928825,0.49693551659584045,352,0.0017567547038197517,0.0015792249469086528,-0.1266973614692688,12.6,27.74,67,RTL,True,ACTIVE,10,6
2026-05-28T14:42:55.912774,-35.363262,149.1652373,7.693,0.0,0.01,0.49,0.017834503203630447,0.49731478095054626,352,0.0020165247842669487,0.0017006101552397013,-0.12674053013324738,12.6,27.74,67,RTL,True,ACTIVE,10,6
2026-05-28T14:42:56.413476,-35.363262,149.1652373,7.443,0.0,0.01,0.49,0.018543509766459465,0.49718499183654785,352,0.001636223285458982,0.0015422118594869971,-0.12664109468460083,12.6,27.76,67,RTL,True,ACTIVE,10,6
2026-05-28T14:42:56.914043,-35.363262,149.1652373,7.194,0.0,0.01,0.49,0.01820053532719612,0.49842455983161926,352,0.001515032141469419,0.0015927987406030297,-0.12662819027900696,12.6,27.76,67,RTL,True,ACTIVE,10,6
2026-05-28T14:42:57.414672,-35.363262,149.1652373,6.945,-0.01,0.01,0.49,0.018196795135736465,0.4992627799510956,352,0.0014761839993298054,0.0020361505448818207,-0.1266239434480667,12.6,27.72,67,RTL,True,ACTIVE,10,6
2026-05-28T14:42:57.919959,-35.363262,149.1652373,6.696,-0.01,0.01,0.49,0.019585903733968735,0.4997515380382538,352,0.0015325287822633982,0.0023135654628276825,-0.12661246955394745,12.6,27.74,67,RTL,True,ACTIVE,10,6
2026-05-28T14:42:58.420140,-35.363262,149.1652373,6.445,-0.01,0.01,0.49,0.02087101712822914,0.4997231662273407,352,0.0017805049428716302,0.0015143209602683783,-0.1265597939491272,12.6,27.74,67,RTL,True,ACTIVE,10,6
2026-05-28T14:42:58.920708,-35.363262,149.1652373,6.195,-0.01,0.01,0.49,0.020702214911580086,0.49959465861320496,352,0.001776146236807108,0.0014751926064491272,-0.1265752762556076,12.6,27.74,67,RTL,True,ACTIVE,10,6
2026-05-28T14:42:59.421048,-35.363262,149.1652373,5.945,-0.01,0.01,0.49,0.020173601806163788,0.4994831681251526,352,0.001563608879223466,0.0015089863445609808,-0.126581609249115,12.6,27.74,67,RTL,True,ACTIVE,10,6
2026-05-28T14:42:59.928575,-35.363262,149.1652373,5.695,-0.01,0.01,0.49,0.01936822012066841,0.499015748500824,352,0.0017570739146322012,0.0018455759854987264,-0.12655039131641388,12.6,27.74,66,RTL,True,ACTIVE,10,6
2026-05-28T14:43:00.428949,-35.363262,149.1652373,5.444,-0.01,0.01,0.49,0.020907023921608925,0.49895256757736206,352,0.0014957516686990857,0.002594604389742017,-0.12655511498451233,12.6,27.74,66,RTL,True,ACTIVE,10,6
2026-05-28T14:43:00.930484,-35.3632619,149.1652373,5.195,-0.01,0.01,0.49,0.023164713755249977,0.4990832507610321,352,0.0010583414696156979,0.0028667834121733904,-0.12652015686035156,12.6,27.74,66,RTL,True,ACTIVE,10,6
2026-05-28T14:43:01.431154,-35.3632619,149.1652373,4.945,-0.02,0.01,0.49,0.024662023410201073,0.4998813271522522,352,0.0011593407252803445,0.002377409255132079,-0.1265622228384018,12.6,27.72,66,RTL,True,ACTIVE,10,6
2026-05-28T14:43:01.932613,-35.3632619,149.1652373,4.696,-0.02,0.01,0.49,0.02467641979455948,0.5004979372024536,352,0.0013327270280569792,0.0019124257378280163,-0.1265876442193985,12.6,27.72,66,RTL,True,ACTIVE,10,6
2026-05-28T14:43:02.433381,-35.3632619,149.1652373,4.446,-0.02,0.01,0.5,0.023928575217723846,0.501044750213623,352,0.0015291825402528048,0.0015699804062023759,-0.12657754123210907,12.6,27.75,66,RTL,True,ACTIVE,10,6
2026-05-28T14:43:02.933770,-35.3632619,149.1652373,4.196,-0.01,0.01,0.5,0.021618781611323357,0.5007734298706055,352,0.0017670459346845746,0.00064102653414011,-0.1266544908285141,12.6,27.77,66,RTL,True,ACTIVE,10,6
2026-05-28T14:43:03.436119,-35.363262,149.1652373,3.946,-0.01,0.01,0.5,0.01823411136865616,0.5006236433982849,352,0.0017493856139481068,0.0005914998473599553,-0.1266036331653595,12.6,27.75,66,RTL,True,ACTIVE,10,6
2026-05-28T14:43:03.936774,-35.363262,149.1652373,3.696,0.0,0.01,0.49,0.016083991155028343,0.5001127123832703,352,0.00177363574039191,0.0009287019493058324,-0.1266486942768097,12.6,27.75,65,RTL,True,ACTIVE,10,6
2026-05-28T14:43:04.437532,-35.363262,149.1652373,3.446,0.0,0.01,0.5,0.015929440036416054,0.500518262386322,352,0.0021179704926908016,0.0011027967557311058,-0.12667560577392578,12.6,27.73,65,RTL,True,ACTIVE,10,6
2026-05-28T14:43:04.938686,-35.363262,149.1652373,3.196,0.0,0.01,0.49,0.017055464908480644,0.500173032283783,352,0.0020131675992161036,0.0011724072974175215,-0.12666139006614685,12.6,27.75,65,RTL,True,ACTIVE,10,6
2026-05-28T14:43:05.439355,-35.363262,149.1652373,2.945,0.0,0.01,0.49,0.017747782170772552,0.49982401728630066,352,0.001824581646360457,0.0015287944115698338,-0.12666650116443634,12.6,27.75,65,RTL,True,ACTIVE,10,6
2026-05-28T14:43:05.939880,-35.363262,149.1652373,2.695,0.0,0.01,0.49,0.018363259732723236,0.49956196546554565,352,0.0017954669892787933,0.0015484695322811604,-0.12663857638835907,12.6,27.73,65,RTL,True,ACTIVE,10,6
2026-05-28T14:43:06.440175,-35.363262,149.1652373,2.446,0.0,0.01,0.49,0.018613561987876892,0.5002274513244629,352,0.001717994106002152,0.001679222914390266,-0.1266455203294754,12.6,27.73,65,RTL,True,ACTIVE,10,6
2026-05-28T14:43:06.940533,-35.363262,149.1652373,2.196,-0.01,0.01,0.5,0.01925530843436718,0.5005173087120056,352,0.0016654267674311996,0.002101688412949443,-0.12662766873836517,12.6,27.73,65,RTL,True,ACTIVE,10,6
2026-05-28T14:43:07.440903,-35.363262,149.1652373,1.946,-0.01,0.01,0.5,0.02057584747672081,0.5006932616233826,352,0.0015940899029374123,0.002130941255018115,-0.12662620842456818,12.6,27.73,65,RTL,True,ACTIVE,10,6
2026-05-28T14:43:07.941541,-35.363262,149.1652373,1.696,-0.01,0.01,0.5,0.021284671500325203,0.5005742311477661,352,0.0016265030717477202,0.00166221777908504,-0.12660136818885803,12.6,27.73,65,RTL,True,ACTIVE,10,6
2026-05-28T14:43:08.441931,-35.363262,149.1652373,1.446,-0.01,0.01,0.5,0.020839596167206764,0.5007143616676331,352,0.0017055688658729196,0.001613510656170547,-0.12659813463687897,12.6,27.75,64,RTL,True,ACTIVE,10,6
2026-05-28T14:43:08.942588,-35.363262,149.1652373,1.196,-0.01,0.01,0.5,0.020521380007267,0.5004624724388123,352,0.0017068014713004231,0.0016332260565832257,-0.12660494446754456,12.6,27.73,64,RTL,True,ACTIVE,10,6
2026-05-28T14:43:09.442867,-35.363262,149.1652373,0.946,-0.01,0.01,0.5,0.019967634230852127,0.500423789024353,352,0.0016051906859502196,0.0015810352051630616,-0.12657959759235382,12.6,27.73,64,LAND,True,ACTIVE,10,6
2026-05-28T14:43:09.943579,-35.363262,149.1652373,0.695,-0.01,0.01,0.49,0.019754324108362198,0.5000935196876526,352,0.0017841679509729147,0.0016651696059852839,-0.12660053372383118,12.6,27.76,64,LAND,True,ACTIVE,10,6
2026-05-28T14:43:10.444841,-35.363262,149.1652373,0.445,-0.01,0.01,0.49,0.019912434741854668,0.49953895807266235,352,0.0017863099928945303,0.001887428225018084,-0.12661413848400116,12.6,27.76,64,LAND,True,ACTIVE,10,6
2026-05-28T14:43:10.945444,-35.363262,149.1652373,0.195,-0.01,0.01,0.49,0.0213319119066,0.499245285987854,352,0.0015439651906490326,0.0027612934354692698,-0.12661464512348175,12.6,27.73,64,LAND,True,ACTIVE,10,6
2026-05-28T14:43:11.445628,-35.363262,149.1652373,-0.03,-0.01,0.01,0.05,0.01847386732697487,0.05886545032262802,352,0.0015753234038129449,0.0021018381230533123,-0.12659014761447906,12.6,27.26,64,LAND,True,ACTIVE,10,6
2026-05-28T14:43:11.945802,-35.3632619,149.1652373,-0.013,-0.01,0.01,0.02,0.017229756340384483,0.03189070522785187,352,0.001638134359382093,0.0015728622674942017,-0.12657830119132996,12.6,2.41,64,LAND,True,ACTIVE,10,6
2026-05-28T14:43:12.446412,-35.3632619,149.1652373,-0.015,0.0,0.01,0.0,0.01638258993625641,0.016422316431999207,352,0.0016330300131812692,0.0015660597709938884,-0.1265682876110077,12.6,0.07,64,LAND,True,ACTIVE,10,6
2026-05-28T14:43:12.947015,-35.3632619,149.1652373,-0.013,0.0,0.01,0.0,0.016471387818455696,0.016641344875097275,352,0.0016381742898374796,0.0015789230819791555,-0.12657366693019867,12.6,0.1,64,LAND,True,ACTIVE,10,6
2026-05-28T14:43:13.447692,-35.3632618,149.1652373,-0.01,0.0,0.01,0.0,0.016539232805371284,0.016659989953041077,352,0.0016398258740082383,0.0015928344801068306,-0.12657831609249115,12.6,0.03,64,LAND,True,ACTIVE,10,6
2026-05-28T14:43:13.948263,-35.3632618,149.1652373,-0.004,-0.01,0.01,0.0,0.017342641949653625,0.017371051013469696,352,0.001655189087614417,0.001608984312042594,-0.12757569551467896,12.6,0.0,64,LAND,False,STANDBY,10,6
2026-05-28T14:43:14.448920,-35.3632618,149.1652373,0.001,-0.01,0.01,0.0,0.01789831928908825,0.017899401485919952,352,0.0016522369114682078,0.0015984418569132686,-0.12841111421585083,12.6,0.0,64,LAND,False,STANDBY,10,6
2026-05-28T14:43:14.949452,-35.3632618,149.1652373,0.005,-0.01,0.01,0.0,0.017853064462542534,0.017855819314718246,352,0.0016215944197028875,0.001572717446833849,-0.1289612501859665,12.6,0.0,64,LAND,False,STANDBY,10,6
2026-05-28T14:43:15.449848,-35.3632618,149.1652373,0.008,-0.01,0.01,0.0,0.01717987470328808,0.01719125173985958,352,0.0015910016372799873,0.0015382057754322886,-0.12931613624095917,12.6,0.0,64,LAND,False,STANDBY,10,6
2026-05-28T14:43:15.950489,-35.3632618,149.1652373,0.011,-0.01,0.01,0.0,0.016411954537034035,0.01644306257367134,352,0.0015829079784452915,0.0015168010722845793,-0.12956249713897705,12.6,0.0,64,LAND,False,STANDBY,10,6
2026-05-28T14:43:16.451097,-35.3632618,149.1652373,0.013,0.0,0.01,0.0,0.015663450583815575,0.01570354402065277,352,0.0015781529946252704,0.001509754336439073,-0.12973178923130035,12.6,0.0,64,LAND,False,STANDBY,10,6
2026-05-28T14:43:16.951675,-35.3632618,149.1652373,0.014,0.0,0.01,0.0,0.01553068496286869,0.015573998913168907,352,0.001596835209056735,0.0015282134991139174,-0.12985362112522125,12.6,0.0,64,LAND,False,STANDBY,10,6
2026-05-28T14:43:17.451871,-35.3632618,149.1652373,0.015,0.0,0.01,0.0,0.01576877199113369,0.015811383724212646,352,0.0016239818651229143,0.0015594563446938992,-0.1299382746219635,12.6,0.0,64,LAND,False,STANDBY,10,6
2026-05-28T14:43:17.952229,-35.3632618,149.1652373,0.016,-0.01,0.01,0.0,0.016628272831439972,0.01667054183781147,352,0.001662167371250689,0.0015947711654007435,-0.13000372052192688,12.6,0.0,64,LAND,False,STANDBY,10,6
2026-05-28T14:43:18.452688,-35.3632618,149.1652373,0.017,-0.01,0.01,0.0,0.017617711797356606,0.017648810520768166,352,0.0016988757997751236,0.0016309517668560147,-0.13003180921077728,12.6,0.0,64,LAND,False,STANDBY,10,6
2026-05-28T14:43:18.953286,-35.3632618,149.1652373,0.018,-0.01,0.01,0.0,0.01875646412372589,0.018783152103424072,352,0.0017460795352235436,0.0016729236813262105,-0.13004234433174133,12.6,0.0,64,LAND,False,STANDBY,10,6
2026-05-28T14:43:19.453904,-35.3632618,149.1652373,0.018,-0.01,0.01,0.0,0.019966617226600647,0.020000768825411797,352,0.0017808261327445507,0.0017159024719148874,-0.13005858659744263,12.6,0.0,64,LAND,False,STANDBY,10,6
2026-05-28T14:43:19.954385,-35.3632618,149.1652373,0.019,-0.01,0.01,0.0,0.02133481204509735,0.02135976403951645,352,0.0018240559147670865,0.0017599882557988167,-0.13005802035331726,12.6,0.0,64,LAND,False,STANDBY,10,6
2026-05-28T14:43:20.455031,-35.3632618,149.1652373,0.019,-0.01,0.01,0.0,0.022502539679408073,0.02252889610826969,352,0.0018579417373985052,0.0017923385603353381,-0.1300361007452011,12.6,0.0,64,LAND,False,STANDBY,10,6
2026-05-28T14:43:20.955541,-35.3632618,149.1652373,0.019,-0.01,0.01,0.0,0.02367648296058178,0.023694342002272606,352,0.0018964804476127028,0.0018223441438749433,-0.13001006841659546,12.6,0.0,64,LAND,False,STANDBY,10,6
2026-05-28T14:43:21.456332,-35.3632618,149.1652373,0.02,-0.01,0.01,0.0,0.024747543036937714,0.0247602928429842,352,0.0019194823689758778,0.0018438426777720451,-0.12997159361839294,12.6,0.0,64,LAND,False,STANDBY,10,6
2026-05-28T14:43:21.956848,-35.3632618,149.1652373,0.02,-0.01,0.01,0.0,0.02543049305677414,0.025442712008953094,352,0.0019375336123630404,0.0018598097376525402,-0.12992537021636963,12.6,0.0,64,LAND,False,STANDBY,10,6
2026-05-28T14:43:22.457110,-35.3632618,149.1652373,0.02,-0.01,0.02,0.0,0.02603224292397499,0.026042718440294266,352,0.0019472248386591673,0.0018557473085820675,-0.12987828254699707,12.6,0.0,64,LAND,False,STANDBY,10,6
2026-05-28T14:43:22.959258,-35.3632618,149.1652373,0.02,-0.01,0.02,0.0,0.026585957035422325,0.026596684008836746,352,0.001959775574505329,0.00185857352335006,-0.12980936467647552,12.6,0.0,64,LAND,False,STANDBY,10,6
2026-05-28T14:43:23.459861,-35.3632618,149.1652373,0.02,-0.01,0.02,0.0,0.026938721537590027,0.026947855949401855,352,0.0019635683856904507,0.0018656227039173245,-0.12973326444625854,12.6,0.0,64,LAND,False,STANDBY,10,6
2026-05-28T14:43:23.960563,-35.3632618,149.1652373,0.02,-0.01,0.02,0.0,0.027097508311271667,0.027103055268526077,352,0.001972080674022436,0.0018766041612252593,-0.12964598834514618,12.6,0.0,64,LAND,False,STANDBY,10,6
2026-05-28T14:43:24.461250,-35.3632618,149.1652373,0.02,-0.01,0.02,0.0,0.02728010155260563,0.02728426642715931,352,0.0019744993187487125,0.0018661299254745245,-0.12955628335475922,12.6,0.0,64,LAND,False,STANDBY,10,6
2026-05-28T14:43:24.962160,-35.3632618,149.1652373,0.02,-0.01,0.02,0.0,0.02718893624842167,0.027193166315555573,352,0.0019746492616832256,0.0018714609323069453,-0.12945614755153656,12.6,0.0,64,LAND,False,STANDBY,10,6
2026-05-28T14:43:25.462922,-35.3632618,149.1652373,0.02,-0.01,0.02,0.0,0.02699020504951477,0.026993758976459503,352,0.0019699183758348227,0.0018527900101616979,-0.1293429434299469,12.6,0.0,64,LAND,False,STANDBY,10,6
2026-05-28T14:43:25.963726,-35.3632618,149.1652373,0.02,-0.01,0.02,0.0,0.02694309689104557,0.02694573812186718,352,0.0019687023013830185,0.0018524144543334842,-0.1292157769203186,12.6,0.0,64,LAND,False,STANDBY,10,6
2026-05-28T14:43:26.464520,-35.3632618,149.1652373,0.02,-0.01,0.02,0.0,0.026525942608714104,0.02652636542916298,352,0.0019535720348358154,0.0018304514233022928,-0.12910082936286926,12.6,0.0,64,LAND,False,STANDBY,10,6
2026-05-28T14:43:26.964836,-35.3632618,149.1652373,0.02,-0.01,0.02,0.0,0.026227634400129318,0.026227839291095734,352,0.001938771572895348,0.0018320598173886538,-0.12896139919757843,12.6,0.0,64,LAND,False,STANDBY,10,6
2026-05-28T14:43:27.465354,-35.3632618,149.1652373,0.02,-0.01,0.02,0.0,0.026016954332590103,0.026017149910330772,352,0.0019263288704678416,0.0018260746728628874,-0.1288224756717682,12.6,0.0,64,LAND,False,STANDBY,10,6
2026-05-28T14:43:27.966028,-35.3632618,149.1652373,0.02,-0.01,0.02,0.0,0.025777745991945267,0.025777747854590416,352,0.0019245896255597472,0.0018305510748177767,-0.12867683172225952,12.6,0.0,64,LAND,False,STANDBY,10,6
2026-05-28T14:43:28.466500,-35.3632618,149.1652373,0.02,-0.01,0.02,0.0,0.025684503838419914,0.02568461187183857,352,0.001921342802233994,0.0018208021065220237,-0.12851935625076294,12.6,0.0,64,LAND,False,STANDBY,10,6
2026-05-28T14:43:28.967235,-35.3632618,149.1652373,0.02,-0.01,0.01,0.0,0.025468196719884872,0.02546842209994793,352,0.0019256338709965348,0.0018134611891582608,-0.12836281955242157,12.6,0.0,64,LAND,False,STANDBY,10,6
2026-05-28T14:43:29.468334,-35.3632618,149.1652373,0.02,-0.01,0.01,0.0,0.02532876841723919,0.02532879449427128,352,0.0019341068109497428,0.0018049122299998999,-0.1281982809305191,12.6,0.0,64,LAND,False,STANDBY,10,6
2026-05-28T14:43:29.968977,-35.3632618,149.1652373,0.02,-0.01,0.02,0.0,0.025391696020960808,0.025391703471541405,352,0.0019275089725852013,0.001797584816813469,-0.12803426384925842,12.6,0.0,64,LAND,False,STANDBY,10,6
2026-05-28T14:43:30.471881,-35.3632618,149.1652373,0.02,-0.01,0.02,0.0,0.025280416011810303,0.025280652567744255,352,0.001911288476549089,0.0017912776675075293,-0.12786656618118286,12.6,0.0,64,LAND,False,STANDBY,10,6
2026-05-28T14:43:30.972558,-35.3632618,149.1652373,0.02,-0.01,0.01,0.0,0.025163745507597923,0.025163840502500534,352,0.001911546103656292,0.0017812915612012148,-0.12770099937915802,12.6,0.0,64,LAND,False,STANDBY,10,6
2026-05-28T14:43:31.473195,-35.3632618,149.1652373,0.02,-0.01,0.01,0.0,0.024962320923805237,0.024962322786450386,352,0.0019056139281019568,0.0017684458289295435,-0.12752726674079895,12.6,0.0,64,LAND,False,STANDBY,10,6
2026-05-28T14:43:31.973545,-35.3632618,149.1652373,0.02,-0.01,0.01,0.0,0.02487177588045597,0.02487219125032425,352,0.0019054237054660916,0.0017691366374492645,-0.12734098732471466,12.6,0.0,64,LAND,False,STANDBY,10,6
2026-05-28T14:43:32.474182,-35.3632618,149.1652373,0.019,-0.01,0.01,0.0,0.024647973477840424,0.024648291990160942,352,0.0018961320165544748,0.0017677309224382043,-0.1271582841873169,12.6,0.0,64,LAND,False,STANDBY,10,6
2026-05-28T14:43:32.974829,-35.3632618,149.1652373,0.019,-0.01,0.01,0.0,0.024577870965003967,0.02457856386899948,352,0.0018953972030431032,0.001768243033438921,-0.12697449326515198,12.6,0.0,64,LAND,False,STANDBY,10,6
2026-05-28T14:43:33.475141,-35.3632618,149.1652373,0.019,-0.01,0.01,0.0,0.02456025965511799,0.024560410529375076,352,0.0018940817099064589,0.0017630524234846234,-0.12678641080856323,12.6,0.0,64,LAND,False,STANDBY,10,6
2026-05-28T14:43:33.975836,-35.3632618,149.1652373,0.019,-0.01,0.01,0.0,0.024594007059931755,0.024594176560640335,352,0.0018926137126982212,0.0017681176541373134,-0.12659938633441925,12.6,0.0,64,LAND,False,STANDBY,10,6
2026-05-28T14:43:34.476614,-35.3632618,149.1652373,0.019,-0.01,0.01,0.0,0.024649538099765778,0.024649804458022118,352,0.0018820952391251922,0.0017574140802025795,-0.12640652060508728,12.6,0.0,64,LAND,False,STANDBY,10,6
2026-05-28T14:43:34.977293,-35.3632618,149.1652373,0.019,-0.01,0.01,0.0,0.024715380743145943,0.024715811014175415,352,0.0018685746472328901,0.001751377247273922,-0.1262163668870926,12.6,0.0,64,LAND,False,STANDBY,10,6
2026-05-28T14:43:35.477962,-35.3632618,149.1652373,0.019,-0.01,0.01,0.0,0.02442934364080429,0.0244306568056345,352,0.0018602190539240837,0.001749054528772831,-0.1260201781988144,12.6,0.0,64,LAND,False,STANDBY,10,6
2026-05-28T14:43:35.978621,-35.3632618,149.1652373,0.019,-0.01,0.01,0.0,0.02439463883638382,0.02439761534333229,352,0.0018667378462851048,0.001746038324199617,-0.12581291794776917,12.6,0.0,64,LAND,False,STANDBY,10,6
2026-05-28T14:43:36.479311,-35.3632618,149.1652373,0.019,-0.01,0.01,0.0,0.024288689717650414,0.024291332811117172,352,0.0018651558784767985,0.0017352518625557423,-0.1256074458360672,12.6,0.0,64,LAND,False,STANDBY,10,6
2026-05-28T14:43:36.980694,-35.3632618,149.1652373,0.019,-0.01,0.01,0.0,0.02429887466132641,0.024301165714859962,352,0.0018605960067361593,0.0017354043666273355,-0.12541760504245758,12.6,0.0,64,LAND,False,STANDBY,10,6
2026-05-28T14:43:37.481182,-35.3632618,149.1652373,0.019,-0.01,0.01,0.0,0.02421167865395546,0.024214744567871094,352,0.0018641123315319419,0.001737755024805665,-0.12521860003471375,12.6,0.0,64,LAND,False,STANDBY,10,6
2026-05-28T14:43:37.982365,-35.3632618,149.1652373,0.019,-0.01,0.01,0.0,0.023935167118906975,0.023938888683915138,352,0.001859429874457419,0.001744091627188027,-0.12501169741153717,12.6,0.0,64,LAND,False,STANDBY,10,6
2026-05-28T14:43:38.484347,-35.3632618,149.1652373,0.019,-0.01,0.01,0.0,0.024029333144426346,0.024034487083554268,352,0.0018522179452702403,0.00174512539524585,-0.12480047345161438,12.6,0.0,64,LAND,False,STANDBY,10,6
2026-05-28T14:43:38.984941,-35.3632618,149.1652373,0.019,-0.01,0.01,0.0,0.02404855377972126,0.02405228652060032,352,0.0018473936943337321,0.00174517254345119,-0.12460151314735413,12.6,0.0,64,LAND,False,STANDBY,10,6
2026-05-28T14:43:39.485533,-35.3632618,149.1652373,0.019,-0.01,0.01,0.0,0.02401784621179104,0.024019047617912292,352,0.0018435567617416382,0.0017387585248798132,-0.12438968569040298,12.6,0.0,64,LAND,False,STANDBY,10,6
2026-05-28T14:43:39.986159,-35.3632618,149.1652373,0.019,-0.01,0.01,0.0,0.024062922224402428,0.024064771831035614,352,0.001842610421590507,0.0017482758266851306,-0.12417919188737869,12.6,0.0,64,LAND,False,STANDBY,10,6
2026-05-28T14:43:40.486745,-35.3632618,149.1652373,0.019,-0.01,0.01,0.0,0.024133436381816864,0.02413657121360302,352,0.001832704758271575,0.001746831345371902,-0.12396397441625595,12.6,0.0,64,LAND,False,STANDBY,10,6
2026-05-28T14:43:40.986962,-35.3632618,149.1652373,0.019,-0.01,0.01,0.0,0.024038165807724,0.02404109202325344,352,0.0018369435565546155,0.0017478453228250146,-0.1237429827451706,12.6,0.0,64,LAND,False,STANDBY,10,6
2026-05-28T14:43:41.487355,-35.3632618,149.1652373,0.019,-0.01,0.01,0.0,0.023865200579166412,0.023867368698120117,352,0.0018363011768087745,0.0017520501278340816,-0.12353036552667618,12.6,0.0,64,LAND,False,STANDBY,10,6
2026-05-28T14:43:41.987875,-35.3632618,149.1652373,0.019,-0.01,0.01,0.0,0.023842575028538704,0.023843863978981972,352,0.0018460075370967388,0.0017552230274304748,-0.1233271062374115,12.6,0.0,64,LAND,False,STANDBY,10,6
2026-05-28T14:43:42.488620,-35.3632618,149.1652373,0.019,-0.01,0.01,0.0,0.02391122654080391,0.023912405595183372,352,0.001845350256189704,0.001747973496094346,-0.12312624603509903,12.6,0.0,64,LAND,False,STANDBY,10,6
2026-05-28T14:43:42.989329,-35.3632618,149.1652373,0.019,-0.01,0.01,0.0,0.023748572915792465,0.02375003509223461,352,0.0018448674818500876,0.001740646199323237,-0.12292255461215973,12.6,0.0,64,LAND,False,STANDBY,10,6
2026-05-28T14:43:43.489996,-35.3632618,149.1652373,0.019,-0.01,0.01,0.0,0.023814357817173004,0.023815542459487915,352,0.001840136363171041,0.001738847466185689,-0.12271278351545334,12.6,0.0,64,LAND,False,STANDBY,10,6
2026-05-28T14:43:43.990748,-35.3632618,149.1652373,0.019,-0.01,0.01,0.0,0.02376904897391796,0.023770548403263092,352,0.0018410425400361419,0.0017337609315291047,-0.12249905616044998,12.6,0.0,64,LAND,False,STANDBY,10,6
2026-05-28T14:43:44.492233,-35.3632618,149.1652373,0.019,-0.01,0.01,0.0,0.023811616003513336,0.023812448605895042,352,0.0018403988797217607,0.0017391276778653264,-0.12228493392467499,12.6,0.0,64,LAND,False,STANDBY,10,6
2026-05-28T14:43:44.992688,-35.3632618,149.1652373,0.019,-0.01,0.01,0.0,0.023904871195554733,0.0239060427993536,353,0.0018527718493714929,0.0017397712217643857,-0.12207014113664627,12.6,0.0,64,LAND,False,STANDBY,10,6
2026-05-28T14:43:45.493031,-35.3632618,149.1652373,0.019,-0.01,0.01,0.0,0.02390885353088379,0.023909147828817368,353,0.0018472661031410098,0.0017324169166386127,-0.1218530610203743,12.6,0.0,64,LAND,False,STANDBY,10,6
2026-05-28T14:43:45.993712,-35.3632618,149.1652373,0.019,-0.01,0.01,0.0,0.023982897400856018,0.023982908576726913,353,0.0018518411088734865,0.0017330708215013146,-0.12164493650197983,12.6,0.0,64,LAND,False,STANDBY,10,6
2026-05-28T14:43:46.494051,-35.3632618,149.1652373,0.019,-0.01,0.01,0.0,0.02390667423605919,0.02390694059431553,353,0.001849633059464395,0.0017169256461784244,-0.12143488973379135,12.6,0.0,64,LAND,False,STANDBY,10,6
2026-05-28T14:43:46.994659,-35.3632618,149.1652373,0.019,-0.01,0.01,0.0,0.02386215515434742,0.023863330483436584,353,0.0018523859325796366,0.0017113398062065244,-0.12123401463031769,12.6,0.0,64,LAND,False,STANDBY,10,6
2026-05-28T14:43:47.495314,-35.3632618,149.1652373,0.019,-0.01,0.01,0.0,0.02356325462460518,0.023563751950860023,353,0.0018383341375738382,0.001705586677417159,-0.12103718519210815,12.6,0.0,64,LAND,False,STANDBY,10,6
2026-05-28T14:43:47.996442,-35.3632618,149.1652373,0.019,-0.01,0.01,0.0,0.02339862659573555,0.023399248719215393,353,0.0018374505452811718,0.001718983636237681,-0.12083768844604492,12.6,0.0,64,LAND,False,STANDBY,10,6
2026-05-28T14:43:48.496795,-35.3632618,149.1652373,0.019,-0.01,0.01,0.0,0.023397529497742653,0.023398812860250473,353,0.001836106413975358,0.0017259306041523814,-0.12063765525817871,12.6,0.0,64,LAND,False,STANDBY,10,6
2026-05-28T14:43:48.997478,-35.3632618,149.1652373,0.019,-0.01,0.01,0.0,0.023534471169114113,0.023535478860139847,353,0.001841711113229394,0.0017309993272647262,-0.12042835354804993,12.6,0.0,64,LAND,False,STANDBY,10,6
2026-05-28T14:43:49.497718,-35.3632618,149.1652373,0.019,-0.01,0.01,0.0,0.023650703951716423,0.02365168370306492,353,0.0018460365245118737,0.0017308590468019247,-0.12022457271814346,12.6,0.0,64,LAND,False,STANDBY,10,6
2026-05-28T14:43:49.999389,-35.3632618,149.1652373,0.02,-0.01,0.01,0.0,0.023692065849900246,0.023694777861237526,353,0.0018540730234235525,0.0017344093648716807,-0.1200171485543251,12.6,0.0,64,LAND,False,STANDBY,10,6
2026-05-28T14:43:50.500362,-35.3632618,149.1652373,0.02,-0.01,0.01,0.0,0.0239060390740633,0.023907916620373726,353,0.0018435853999108076,0.0017344122752547264,-0.1198226809501648,12.6,0.0,64,LAND,False,STANDBY,10,6
2026-05-28T14:43:51.000963,-35.3632618,149.1652373,0.02,-0.01,0.01,0.0,0.023950863629579544,0.02395399659872055,353,0.0018421413842588663,0.0017465953715145588,-0.11963057518005371,12.6,0.0,64,LAND,False,STANDBY,10,6
2026-05-28T14:43:51.501453,-35.3632618,149.1652373,0.02,-0.01,0.01,0.0,0.024037862196564674,0.024038413539528847,353,0.0018363401759415865,0.0017294404096901417,-0.11943057179450989,12.6,0.0,64,LAND,False,STANDBY,10,6
2026-05-28T14:43:52.001903,-35.3632618,149.1652373,0.02,-0.01,0.01,0.0,0.02408987656235695,0.024090368300676346,353,0.001836110488511622,0.0017347523244097829,-0.11924108117818832,12.6,0.0,64,LAND,False,STANDBY,10,6
2026-05-28T14:43:52.502649,-35.3632618,149.1652373,0.02,-0.01,0.01,0.0,0.02399248257279396,0.02399280294775963,353,0.0018416033126413822,0.001738874358125031,-0.1190522089600563,12.6,0.0,64,LAND,False,STANDBY,10,6
2026-05-28T14:43:53.005658,-35.3632618,149.1652373,0.02,-0.01,0.01,0.0,0.02405397780239582,0.02405429445207119,353,0.001843369915150106,0.0017376720206812024,-0.11885516345500946,12.6,0.0,64,LAND,False,STANDBY,10,6
2026-05-28T14:43:53.506099,-35.3632618,149.1652373,0.02,-0.01,0.01,0.0,0.02391907013952732,0.02391907386481762,353,0.001841361983679235,0.001742479158565402,-0.11866477876901627,12.6,0.0,64,LAND,False,STANDBY,10,6
2026-05-28T14:43:54.006572,-35.3632618,149.1652373,0.02,-0.01,0.01,0.0,0.023883115500211716,0.023883124813437462,353,0.0018469628412276506,0.0017448458820581436,-0.11847815662622452,12.6,0.0,64,LAND,False,STANDBY,10,6
2026-05-28T14:43:54.507073,-35.3632618,149.1652373,0.02,-0.01,0.01,0.0,0.02395499125123024,0.023955175653100014,353,0.0018475489923730493,0.0017370698042213917,-0.11829053610563278,12.6,0.0,64,LAND,False,STANDBY,10,6
2026-05-28T14:43:55.007779,-35.3632618,149.1652373,0.02,-0.01,0.01,0.0,0.02392328903079033,0.02392352744936943,353,0.0018478850834071636,0.0017340531339868903,-0.11810712516307831,12.6,0.0,64,LAND,False,STANDBY,10,6
2026-05-28T14:43:55.510737,-35.3632618,149.1652373,0.019,-0.01,0.01,0.0,0.024066247045993805,0.024066604673862457,353,0.001842733472585678,0.001726559828966856,-0.11793401837348938,12.6,0.0,64,LAND,False,STANDBY,10,6
2026-05-28T14:43:56.011394,-35.3632618,149.1652373,0.019,-0.01,0.01,0.0,0.024075081571936607,0.02407580427825451,353,0.0018359411042183638,0.001724611152894795,-0.11775320768356323,12.6,0.0,64,LAND,False,STANDBY,10,6
2026-05-28T14:43:56.512027,-35.3632618,149.1652373,0.019,-0.01,0.01,0.0,0.023879900574684143,0.023880738765001297,353,0.0018266902770847082,0.0017205913318321109,-0.11758211255073547,12.6,0.0,64,LAND,False,STANDBY,10,6
2026-05-28T14:43:57.012614,-35.3632618,149.1652373,0.019,-0.01,0.01,0.0,0.023808272555470467,0.023809382691979408,353,0.001832978567108512,0.0017257266445085406,-0.11740024387836456,12.6,0.0,64,LAND,False,STANDBY,10,6
2026-05-28T14:43:57.513730,-35.3632618,149.1652373,0.019,-0.01,0.01,0.0,0.023643214255571365,0.023643825203180313,353,0.0018318973015993834,0.0017250742530450225,-0.11722138524055481,12.6,0.0,64,LAND,False,STANDBY,10,6
2026-05-28T14:43:58.017664,-35.3632618,149.1652373,0.019,-0.01,0.01,0.0,0.023762188851833344,0.023762479424476624,353,0.0018309232546016574,0.0017214531544595957,-0.11705723404884338,12.6,0.0,64,LAND,False,STANDBY,10,6
2026-05-28T14:43:58.518327,-35.3632618,149.1652373,0.019,-0.01,0.01,0.0,0.023616230115294456,0.023616783320903778,353,0.0018338122172281146,0.0017210050718858838,-0.11688926070928574,12.6,0.0,64,LAND,False,STANDBY,10,6
2026-05-28T14:43:59.018668,-35.3632618,149.1652373,0.019,-0.01,0.01,0.0,0.023451071232557297,0.0234516728669405,353,0.0018359179375693202,0.0017218968132510781,-0.11672919243574142,12.6,0.0,64,LAND,False,STANDBY,10,6
2026-05-28T14:43:59.519147,-35.3632618,149.1652373,0.019,-0.01,0.01,0.0,0.023561574518680573,0.023563073948025703,353,0.0018375107320025563,0.001723733963444829,-0.11656893044710159,12.6,0.0,64,LAND,False,STANDBY,10,6
2026-05-28T14:44:00.020031,-35.3632618,149.1652373,0.019,-0.01,0.01,0.0,0.023597966879606247,0.023600278422236443,353,0.001838714350014925,0.0017221167217940092,-0.11642277985811234,12.6,0.0,64,LAND,False,STANDBY,10,6
2026-05-28T14:44:00.520597,-35.3632618,149.1652373,0.019,-0.01,0.01,0.0,0.0235199686139822,0.023521320894360542,353,0.0018244495149701834,0.0017345830565318465,-0.11626109480857849,12.6,0.0,64,LAND,False,STANDBY,10,6
2026-05-28T14:44:01.021211,-35.3632618,149.1652373,0.019,-0.01,0.01,0.0,0.02354387193918228,0.02354440465569496,353,0.0018277543131262064,0.0017501114634796977,-0.11610662937164307,12.6,0.0,64,LAND,False,STANDBY,10,6
2026-05-28T14:44:01.521594,-35.3632618,149.1652373,0.019,-0.01,0.01,0.0,0.023507889360189438,0.023507965728640556,353,0.0018251915462315083,0.00175136246252805,-0.11594945192337036,12.6,0.0,64,LAND,False,STANDBY,10,6
2026-05-28T14:44:02.021947,-35.3632618,149.1652373,0.019,-0.01,0.01,0.0,0.023675575852394104,0.023675587028265,353,0.001830652472563088,0.001751433126628399,-0.11579571664333344,12.6,0.0,64,LAND,False,STANDBY,10,6
2026-05-28T14:44:02.522633,-35.3632618,149.1652373,0.019,-0.01,0.01,0.0,0.023729903623461723,0.023730359971523285,353,0.0018284213729202747,0.0017523340648040175,-0.11565521359443665,12.6,0.0,64,LAND,False,STANDBY,10,6
2026-05-28T14:44:03.022847,-35.3632618,149.1652373,0.019,-0.01,0.01,0.0,0.023828817531466484,0.023829584941267967,353,0.0018356888322159648,0.0017611128278076649,-0.11551724374294281,12.6,0.0,64,LAND,False,STANDBY,10,6
2026-05-28T14:44:03.523533,-35.3632618,149.1652373,0.019,-0.01,0.01,0.0,0.02385220117866993,0.023854032158851624,353,0.0018340691458433867,0.0017498770030215383,-0.11538076400756836,12.6,0.0,64,LAND,False,STANDBY,10,6
2026-05-28T14:44:04.023914,-35.3632618,149.1652373,0.019,-0.01,0.01,0.0,0.023685162886977196,0.023686900734901428,353,0.0018306807614862919,0.001741484273225069,-0.1152532696723938,12.6,0.0,64,LAND,False,STANDBY,10,6
2026-05-28T14:44:04.524147,-35.3632618,149.1652373,0.019,-0.01,0.01,0.0,0.0236588753759861,0.02365957945585251,353,0.0018185690278187394,0.0017355171730741858,-0.11512316763401031,12.6,0.0,64,LAND,False,STANDBY,10,6
2026-05-28T14:44:05.024791,-35.3632618,149.1652373,0.019,-0.01,0.01,0.0,0.023628557100892067,0.02362981252372265,353,0.0018261419609189034,0.0017307857051491737,-0.11499209702014923,12.6,0.0,64,LAND,False,STANDBY,10,6
2026-05-28T14:44:05.525119,-35.3632618,149.1652373,0.019,-0.01,0.01,0.0,0.023591173812747,0.023591432720422745,353,0.0018260438228026032,0.001736013451591134,-0.11486013233661652,12.6,0.0,64,LAND,False,STANDBY,10,6
2026-05-28T14:44:06.026855,-35.3632618,149.1652373,0.019,-0.01,0.01,0.0,0.02376788854598999,0.02376864291727543,353,0.0018387346062809229,0.0017429279396310449,-0.1147499829530716,12.6,0.0,64,LAND,False,STANDBY,10,6
2026-05-28T14:44:06.527492,-35.3632618,149.1652373,0.019,-0.01,0.01,0.0,0.023786846548318863,0.023786915466189384,353,0.0018383101560175419,0.0017377643380314112,-0.1146240234375,12.6,0.0,64,LAND,False,STANDBY,10,6
2026-05-28T14:44:07.028052,-35.3632618,149.1652373,0.019,-0.01,0.01,0.0,0.0238628052175045,0.023863239213824272,353,0.0018424864392727613,0.001735669793561101,-0.11450338363647461,12.6,0.0,64,LAND,False,STANDBY,10,6
2026-05-28T14:44:07.528308,-35.3632618,149.1652373,0.019,-0.01,0.01,0.0,0.023883789777755737,0.02388470433652401,353,0.0018351140897721052,0.0017329762922599912,-0.1143898069858551,12.6,0.0,64,LAND,False,STANDBY,10,6
2026-05-28T14:44:08.028832,-35.3632618,149.1652373,0.019,-0.01,0.01,0.0,0.02369161881506443,0.023692497983574867,353,0.0018278826028108597,0.001743460539728403,-0.11428585648536682,12.6,0.0,64,LAND,False,STANDBY,10,6
2026-05-28T14:44:08.529459,-35.3632618,149.1652373,0.019,-0.01,0.01,0.0,0.023692093789577484,0.02369292639195919,353,0.001825252315029502,0.0017375258030369878,-0.11418475210666656,12.6,0.0,64,LAND,False,STANDBY,10,6
2026-05-28T14:44:09.030043,-35.3632618,149.1652373,0.019,-0.01,0.01,0.0,0.02363038994371891,0.023631304502487183,353,0.0018280467484146357,0.0017375265015289187,-0.1140812411904335,12.6,0.0,64,LAND,False,STANDBY,10,6
2026-05-28T14:44:09.530636,-35.3632618,149.1652373,0.019,-0.01,0.01,0.0,0.02366596646606922,0.023666610941290855,353,0.001833725837059319,0.0017314085271209478,-0.11397634446620941,12.6,0.0,64,LAND,False,STANDBY,10,6
2026-05-28T14:44:10.031088,-35.3632618,149.1652373,0.019,-0.01,0.01,0.0,0.02355295792222023,0.023553209379315376,353,0.0018466281471773982,0.0017308314563706517,-0.11387558281421661,12.6,0.0,64,LAND,False,STANDBY,10,6
2026-05-28T14:44:10.531728,-35.3632618,149.1652373,0.019,-0.01,0.01,0.0,0.023679617792367935,0.02367987483739853,353,0.0018432085635140538,0.0017283189808949828,-0.11379020661115646,12.6,0.0,64,LAND,False,STANDBY,10,6
2026-05-28T14:44:11.032384,-35.3632618,149.1652373,0.019,-0.01,0.01,0.0,0.0237791258841753,0.0237791258841753,353,0.0018394263461232185,0.0017358416225761175,-0.11370312422513962,12.6,0.0,64,LAND,False,STANDBY,10,6
2026-05-28T14:44:11.533000,-35.3632618,149.1652373,0.019,-0.01,0.01,0.0,0.023987142369151115,0.02398715913295746,353,0.0018353117629885674,0.0017307448433712125,-0.11362046003341675,12.6,0.0,64,LAND,False,STANDBY,10,6
2026-05-28T14:44:12.033545,-35.3632618,149.1652373,0.019,-0.01,0.01,0.0,0.024083495140075684,0.02408350259065628,353,0.0018330393359065056,0.00173760496545583,-0.11353674530982971,12.6,0.0,64,LAND,False,STANDBY,10,6
2026-05-28T14:44:12.533936,-35.3632618,149.1652373,0.019,-0.01,0.01,0.0,0.023927150294184685,0.02392759546637535,353,0.0018260714132338762,0.0017237461870536208,-0.11346154659986496,12.6,0.0,64,LAND,False,STANDBY,10,6
2026-05-28T14:44:13.034552,-35.3632618,149.1652373,0.019,-0.01,0.01,0.0,0.023908106610178947,0.023908110335469246,353,0.0018215952441096306,0.0017230433877557516,-0.11338476091623306,12.6,0.0,64,LAND,False,STANDBY,10,6
2026-05-28T14:44:13.534815,-35.3632618,149.1652373,0.019,-0.01,0.01,0.0,0.023702967911958694,0.02370297722518444,353,0.00182010093703866,0.0017181066796183586,-0.11330228298902512,12.6,0.0,64,LAND,False,STANDBY,10,6
2026-05-28T14:44:14.035291,-35.3632618,149.1652373,0.019,-0.01,0.01,0.0,0.023650599643588066,0.02365064062178135,353,0.0018319063819944859,0.0017190498765558004,-0.11322634667158127,12.6,0.0,64,LAND,False,STANDBY,10,6
2026-05-28T14:44:14.535879,-35.3632618,149.1652373,0.019,-0.01,0.01,0.0,0.02331722155213356,0.023317309096455574,353,0.0018306788988411427,0.0017199281137436628,-0.11315933614969254,12.6,0.0,64,LAND,False,STANDBY,10,6
2026-05-28T14:44:15.036656,-35.3632618,149.1652373,0.019,-0.01,0.01,0.0,0.023355482146143913,0.023355551064014435,353,0.0018328416626900434,0.001730085350573063,-0.1130969300866127,12.6,0.0,64,LAND,False,STANDBY,10,6
2026-05-28T14:44:15.537042,-35.3632618,149.1652373,0.019,-0.01,0.01,0.0,0.023482421413064003,0.023482659831643105,353,0.0018234835006296635,0.0017254650592803955,-0.11303189396858215,12.6,0.0,64,LAND,False,STANDBY,10,6
2026-05-28T14:44:16.037656,-35.3632618,149.1652373,0.019,-0.01,0.01,0.0,0.02342294156551361,0.02342376857995987,353,0.001818567281588912,0.0017292557749897242,-0.11296956241130829,12.6,0.0,64,LAND,False,STANDBY,10,6
2026-05-28T14:44:16.538167,-35.3632618,149.1652373,0.019,-0.01,0.01,0.0,0.023553768172860146,0.02355451136827469,353,0.0018178343307226896,0.0017226178897544742,-0.11290402710437775,12.6,0.0,64,LAND,False,STANDBY,10,6
2026-05-28T14:44:17.038733,-35.3632618,149.1652373,0.019,-0.01,0.01,0.0,0.023565953597426414,0.0235664751380682,353,0.0018194968579337,0.0017307244706898928,-0.11284976452589035,12.6,0.0,64,LAND,False,STANDBY,10,6
2026-05-28T14:44:17.539180,-35.3632618,149.1652373,0.019,-0.01,0.01,0.0,0.023562123998999596,0.023562127724289894,353,0.0018217780161648989,0.0017221380257979035,-0.11279523372650146,12.6,0.0,64,LAND,False,STANDBY,10,6
2026-05-28T14:44:18.039586,-35.3632618,149.1652373,0.019,-0.01,0.01,0.0,0.023539040237665176,0.023539064452052116,353,0.0018264794489368796,0.0017254111589863896,-0.11274435371160507,12.6,0.0,64,LAND,False,STANDBY,10,6
2026-05-28T14:44:18.539993,-35.3632618,149.1652373,0.019,-0.01,0.01,0.0,0.023507075384259224,0.023507660254836082,353,0.0018237052718177438,0.0017221589805558324,-0.11269314587116241,12.6,0.0,64,LAND,False,STANDBY,10,6
2026-05-28T14:44:19.040873,-35.3632618,149.1652373,0.019,-0.01,0.01,0.0,0.023521898314356804,0.023522378876805305,353,0.0018294767942279577,0.0017219961155205965,-0.11264882981777191,12.6,0.0,64,LAND,False,STANDBY,10,6
2026-05-28T14:44:19.541609,-35.3632618,149.1652373,0.019,-0.01,0.01,0.0,0.023358123376965523,0.023358261212706566,353,0.0018269080901518464,0.0017289388924837112,-0.11260933429002762,12.6,0.0,64,LAND,False,STANDBY,10,6
2026-05-28T14:44:20.042257,-35.3632618,149.1652373,0.019,-0.01,0.01,0.0,0.023347826674580574,0.023347938433289528,353,0.0018199712503701448,0.0017301613697782159,-0.11256852000951767,12.6,0.0,64,LAND,False,STANDBY,10,6
2026-05-28T14:44:20.542942,-35.3632618,149.1652373,0.019,-0.01,0.01,0.0,0.023581791669130325,0.02358180843293667,353,0.0018119645537808537,0.00172170449513942,-0.11253159493207932,12.6,0.0,64,LAND,False,STANDBY,10,6
2026-05-28T14:44:21.043511,-35.3632618,149.1652373,0.019,-0.01,0.01,0.0,0.023677337914705276,0.023677339777350426,353,0.0018232996808364987,0.0017141399439424276,-0.11249998956918716,12.6,0.0,64,LAND,False,STANDBY,10,6
2026-05-28T14:44:21.544082,-35.3632618,149.1652373,0.019,-0.01,0.01,0.0,0.02345755323767662,0.023457562550902367,353,0.0018154954304918647,0.0017100489931181073,-0.11246145516633987,12.6,0.0,64,LAND,False,STANDBY,10,6
2026-05-28T14:44:22.044766,-35.3632618,149.1652373,0.019,-0.01,0.01,0.0,0.023481987416744232,0.023482108488678932,353,0.0018257249612361193,0.0017212142702192068,-0.11242420971393585,12.6,0.0,64,LAND,False,STANDBY,10,6
2026-05-28T14:44:22.545427,-35.3632618,149.1652373,0.019,-0.01,0.01,0.0,0.023551611229777336,0.023551689460873604,353,0.00182999181561172,0.001724799512885511,-0.11238909512758255,12.6,0.0,64,LAND,False,STANDBY,10,6
2026-05-28T14:44:23.046101,-35.3632618,149.1652373,0.019,-0.01,0.01,0.0,0.023580502718687057,0.023580551147460938,353,0.00183273502625525,0.0017240168526768684,-0.11234965175390244,12.6,0.0,64,LAND,False,STANDBY,10,6
2026-05-28T14:44:23.546781,-35.3632618,149.1652373,0.019,-0.01,0.01,0.0,0.023577984422445297,0.023577997460961342,353,0.001831293455325067,0.0017258754232898355,-0.11232120543718338,12.6,0.0,64,LAND,False,STANDBY,10,6
2026-05-28T14:44:24.047471,-35.3632618,149.1652373,0.019,-0.01,0.01,0.0,0.023800158873200417,0.023800164461135864,353,0.0018234034068882465,0.0017326406668871641,-0.11230695992708206,12.6,0.0,64,LAND,False,STANDBY,10,6
2026-05-28T14:44:24.547887,-35.3632618,149.1652373,0.019,-0.01,0.01,0.0,0.02360093779861927,0.023601127788424492,353,0.001831436064094305,0.0017398904310539365,-0.11228947341442108,12.6,0.0,64,LAND,False,STANDBY,10,6
2026-05-28T14:44:25.048524,-35.3632618,149.1652373,0.019,-0.01,0.01,0.0,0.023646291345357895,0.023646751418709755,353,0.0018297102069482207,0.00173629738856107,-0.11228162795305252,12.6,0.0,64,LAND,False,STANDBY,10,6
2026-05-28T14:44:25.549162,-35.3632618,149.1652373,0.019,-0.01,0.01,0.0,0.023708047345280647,0.023708214983344078,353,0.0018349195597693324,0.001747916336171329,-0.11226370930671692,12.6,0.0,64,LAND,False,STANDBY,10,6
2026-05-28T14:44:26.049766,-35.3632618,149.1652373,0.019,-0.01,0.01,0.0,0.02377801574766636,0.023778026923537254,353,0.0018398890970274806,0.0017494612839072943,-0.11224851757287979,12.6,0.0,64,LAND,False,STANDBY,10,6
2026-05-28T14:44:26.550288,-35.3632618,149.1652373,0.019,-0.01,0.01,0.0,0.023845966905355453,0.023845970630645752,353,0.0018378454260528088,0.0017518565291538835,-0.1122358962893486,12.6,0.0,64,LAND,False,STANDBY,10,6
2026-05-28T14:44:27.050796,-35.3632618,149.1652373,0.019,-0.01,0.01,0.0,0.024113809689879417,0.024113811552524567,353,0.0018401049310341477,0.001754544791765511,-0.11222688853740692,12.6,0.0,64,LAND,False,STANDBY,10,6
2026-05-28T14:44:27.551282,-35.3632618,149.1652373,0.019,-0.01,0.01,0.0,0.0240116436034441,0.024011719971895218,353,0.0018331907922402024,0.0017466256394982338,-0.11221490800380707,12.6,0.0,64,LAND,False,STANDBY,10,6
2026-05-28T14:44:28.051873,-35.3632618,149.1652373,0.019,-0.01,0.01,0.0,0.023981668055057526,0.023981668055057526,353,0.0018303600372746587,0.0017465316923335195,-0.11220619082450867,12.6,0.0,64,LAND,False,STANDBY,10,6
2026-05-28T14:44:28.552305,-35.3632618,149.1652373,0.019,-0.01,0.01,0.0,0.024023646488785744,0.024023644626140594,353,0.0018236545147374272,0.00174705870449543,-0.11220000684261322,12.6,0.0,64,LAND,False,STANDBY,10,6
2026-05-28T14:44:29.052908,-35.3632618,149.1652373,0.019,-0.01,0.01,0.0,0.023799357935786247,0.023799443617463112,353,0.0018217776669189334,0.0017424850957468152,-0.11220594495534897,12.6,0.0,64,LAND,False,STANDBY,10,6
2026-05-28T14:44:29.553406,-35.3632618,149.1652373,0.019,-0.01,0.01,0.0,0.023726649582386017,0.023726923391222954,353,0.0018249688437208533,0.0017315810546278954,-0.11219661682844162,12.6,0.0,64,LAND,False,STANDBY,10,6
2026-05-28T14:44:30.053596,-35.3632618,149.1652373,0.019,-0.01,0.01,0.0,0.023641914129257202,0.02364213392138481,353,0.0018275496549904346,0.0017356383614242077,-0.11219682544469833,12.6,0.0,64,LAND,False,STANDBY,10,6
2026-05-28T14:44:30.554086,-35.3632618,149.1652373,0.019,-0.01,0.01,0.0,0.023657482117414474,0.02365749143064022,353,0.0018309378065168858,0.0017370883142575622,-0.11220014840364456,12.6,0.0,64,LAND,False,STANDBY,10,6
2026-05-28T14:44:31.054713,-35.3632618,149.1652373,0.019,-0.01,0.01,0.0,0.023612413555383682,0.02361241728067398,353,0.0018369803437963128,0.00173668481875211,-0.1122041717171669,12.6,0.0,64,LAND,False,STANDBY,10,6
2026-05-28T14:44:31.555076,-35.3632618,149.1652373,0.019,-0.01,0.01,0.0,0.023682937026023865,0.023683037608861923,353,0.0018286033300682902,0.0017404231475666165,-0.11220529675483704,12.6,0.0,64,LAND,False,STANDBY,10,6
2026-05-28T14:44:32.055639,-35.3632618,149.1652373,0.019,-0.01,0.01,0.0,0.02365841530263424,0.0236589927226305,353,0.0018458615522831678,0.0017414669273421168,-0.11220934242010117,12.6,0.0,64,LAND,False,STANDBY,10,6
2026-05-28T14:44:32.556081,-35.3632618,149.1652373,0.019,-0.01,0.01,0.0,0.02380872704088688,0.02380959689617157,353,0.001848276355303824,0.0017388134729117155,-0.11222232133150101,12.6,0.0,64,LAND,False,STANDBY,10,6
2026-05-28T14:44:33.056711,-35.3632618,149.1652373,0.019,-0.01,0.01,0.0,0.023982957005500793,0.02398429997265339,353,0.0018385563744232059,0.0017375514144077897,-0.11223151534795761,12.6,0.0,64,LAND,False,STANDBY,10,6
2026-05-28T14:44:33.556920,-35.3632618,149.1652373,0.019,-0.01,0.01,0.0,0.023833326995372772,0.023834461346268654,353,0.001833776943385601,0.0017260081367567182,-0.11223705112934113,12.6,0.0,64,LAND,False,STANDBY,10,6
2026-05-28T14:44:34.057531,-35.3632618,149.1652373,0.019,-0.01,0.01,0.0,0.023837387561798096,0.023839078843593597,353,0.0018346458673477173,0.0017238928703591228,-0.11224936693906784,12.6,0.0,64,LAND,False,STANDBY,10,6
2026-05-28T14:44:34.558101,-35.3632618,149.1652373,0.019,-0.01,0.01,0.0,0.023845892399549484,0.023847900331020355,353,0.001840740442276001,0.0017258296720683575,-0.1122594028711319,12.6,0.0,64,LAND,False,STANDBY,10,6
2026-05-28T14:44:35.060129,-35.3632618,149.1652373,0.019,-0.01,0.01,0.0,0.02377985790371895,0.02378159761428833,353,0.0018417092505842447,0.001732286298647523,-0.11226815730333328,12.6,0.0,64,LAND,False,STANDBY,10,6
2026-05-28T14:44:35.560458,-35.3632618,149.1652373,0.019,-0.01,0.01,0.0,0.02385289967060089,0.02385406754910946,353,0.00183688139077276,0.0017301553161814809,-0.11228436976671219,12.6,0.0,64,LAND,False,STANDBY,10,6
2026-05-28T14:44:36.061118,-35.3632618,149.1652373,0.019,-0.01,0.01,0.0,0.02389441430568695,0.02389492280781269,353,0.0018486514454707503,0.0017410512082278728,-0.11229987442493439,12.6,0.0,64,LAND,False,STANDBY,10,6
2026-05-28T14:44:36.561724,-35.3632618,149.1652373,0.019,-0.01,0.01,0.0,0.023877810686826706,0.023879066109657288,353,0.0018387014279142022,0.0017351103015244007,-0.11232081800699234,12.6,0.0,64,LAND,False,STANDBY,10,6
2026-05-28T14:44:37.062321,-35.3632618,149.1652373,0.019,-0.01,0.01,0.0,0.02406364679336548,0.024064797908067703,353,0.0018427000613883138,0.0017448527505621314,-0.11234328150749207,12.6,0.0,64,LAND,False,STANDBY,10,6
2026-05-28T14:44:37.562802,-35.3632618,149.1652373,0.019,-0.01,0.01,0.0,0.02401350624859333,0.0240150336176157,353,0.0018295611953362823,0.001736485748551786,-0.11235152930021286,12.6,0.0,64,LAND,False,STANDBY,10,6
2026-05-28T14:44:38.063402,-35.3632618,149.1652373,0.019,-0.01,0.01,0.0,0.024073181673884392,0.024073904380202293,353,0.001828712411224842,0.0017424714751541615,-0.11236900836229324,12.6,0.0,64,LAND,False,STANDBY,10,6
2026-05-28T14:44:38.563938,-35.3632618,149.1652373,0.019,-0.01,0.01,0.0,0.023868270218372345,0.023868398740887642,353,0.0018245433457195759,0.0017437065253034234,-0.11238473653793335,12.6,0.0,64,LAND,False,STANDBY,10,6
2026-05-28T14:44:39.064123,-35.3632618,149.1652373,0.019,-0.01,0.01,0.0,0.023883933201432228,0.023884225636720657,353,0.0018304637633264065,0.0017547915922477841,-0.11239823698997498,12.6,0.0,64,LAND,False,STANDBY,10,6
2026-05-28T14:44:39.564762,-35.3632618,149.1652373,0.019,-0.01,0.01,0.0,0.02396894246339798,0.023969033733010292,353,0.001832339446991682,0.001747981645166874,-0.11242640018463135,12.6,0.0,64,LAND,False,STANDBY,10,6
2026-05-28T14:44:40.065228,-35.3632618,149.1652373,0.019,-0.01,0.01,0.0,0.024097027257084846,0.02409709244966507,353,0.0018422245047986507,0.0017457895446568727,-0.11244858801364899,12.6,0.0,64,LAND,False,STANDBY,10,6
2026-05-28T14:44:40.565927,-35.3632618,149.1652373,0.019,-0.01,0.01,0.0,0.023975767195224762,0.02397576905786991,353,0.001838634954765439,0.0017371259164065123,-0.1124720573425293,12.6,0.0,64,LAND,False,STANDBY,10,6
2026-05-28T14:44:41.066408,-35.3632618,149.1652373,0.019,-0.01,0.01,0.0,0.02387496642768383,0.023875128477811813,353,0.001842344761826098,0.0017375849420204759,-0.11249427497386932,12.6,0.0,64,LAND,False,STANDBY,10,6
2026-05-28T14:44:41.566823,-35.3632618,149.1652373,0.019,-0.01,0.01,0.0,0.02402609772980213,0.02402631565928459,353,0.0018339849775657058,0.0017233972903341055,-0.11253118515014648,12.6,0.0,64,LAND,False,STANDBY,10,6
2026-05-28T14:44:42.067435,-35.3632618,149.1652373,0.019,-0.01,0.01,0.0,0.0239409226924181,0.02394097112119198,353,0.0018360576359555125,0.001723886700347066,-0.11255089938640594,12.6,0.0,64,LAND,False,STANDBY,10,6
2026-05-28T14:44:42.567866,-35.3632618,149.1652373,0.019,-0.01,0.01,0.0,0.023897266015410423,0.023897280916571617,353,0.0018311315216124058,0.0017207289347425103,-0.11257516592741013,12.6,0.0,64,LAND,False,STANDBY,10,6
2026-05-28T14:44:43.068496,-35.3632618,149.1652373,0.019,-0.01,0.01,0.0,0.023818207904696465,0.02381841652095318,353,0.0018435684032738209,0.0017206197371706367,-0.1125979796051979,12.6,0.0,64,LAND,False,STANDBY,10,6
2026-05-28T14:44:43.568909,-35.3632618,149.1652373,0.019,-0.01,0.01,0.0,0.02372732199728489,0.023727523162961006,353,0.0018339786911383271,0.0017166746547445655,-0.1126149371266365,12.6,0.0,64,LAND,False,STANDBY,10,6
2026-05-28T14:44:44.069079,-35.3632618,149.1652373,0.019,-0.01,0.01,0.0,0.023775076493620872,0.023775139823555946,353,0.001838966622017324,0.0017209965735673904,-0.112632617354393,12.6,0.0,64,LAND,False,STANDBY,10,6
2026-05-28T14:44:44.569664,-35.3632618,149.1652373,0.019,-0.01,0.01,0.0,0.023843547329306602,0.0238435510545969,353,0.0018316215137019753,0.001715369988232851,-0.11265593022108078,12.6,0.0,64,LAND,False,STANDBY,10,6
2026-05-28T14:44:45.070333,-35.3632618,149.1652373,0.019,-0.01,0.01,0.0,0.02388458140194416,0.02388463169336319,353,0.0018295405898243189,0.001719348831102252,-0.11268845945596695,12.6,0.0,64,LAND,False,STANDBY,10,6
2026-05-28T14:44:45.570746,-35.3632618,149.1652373,0.019,-0.01,0.01,0.0,0.0236009880900383,0.023601023480296135,353,0.0018128238152712584,0.0016957700718194246,-0.1127292737364769,12.6,0.0,64,LAND,False,STANDBY,10,6
2026-05-28T14:44:46.070912,-35.3632618,149.1652373,0.019,-0.01,0.01,0.0,0.02353738620877266,0.02353752963244915,353,0.001811050227843225,0.0016888197278603911,-0.11276914924383163,12.6,0.0,64,LAND,False,STANDBY,10,6
2026-05-28T14:44:46.571297,-35.3632618,149.1652373,0.019,-0.01,0.01,0.0,0.02336038462817669,0.023360513150691986,353,0.0017929731402546167,0.0016719286795705557,-0.11281498521566391,12.6,0.0,64,LAND,False,STANDBY,10,6
2026-05-28T14:44:47.071882,-35.3632618,149.1652373,0.019,-0.01,0.01,0.0,0.02314727194607258,0.023147502914071083,353,0.001770030939951539,0.001650582766160369,-0.11286509037017822,12.6,0.0,64,LAND,False,STANDBY,10,6
2026-05-28T14:44:47.572364,-35.3632618,149.1652373,0.019,-0.01,0.01,0.0,0.022851038724184036,0.022851085290312767,353,0.0017425920814275742,0.0016080213245004416,-0.11292295902967453,12.6,0.0,64,LAND,False,STANDBY,10,6
2026-05-28T14:44:48.072621,-35.3632618,149.1652373,0.019,-0.01,0.01,0.0,0.02228335104882717,0.022283349186182022,353,0.001704828697256744,0.0015696745831519365,-0.11298789083957672,12.6,0.0,64,LAND,False,STANDBY,10,6
2026-05-28T14:44:48.573222,-35.3632618,149.1652373,0.019,-0.01,0.01,0.0,0.021424245089292526,0.021424267441034317,353,0.0016595965716987848,0.0015248554991558194,-0.11305604130029678,12.6,0.0,64,LAND,False,STANDBY,10,6
2026-05-28T14:44:49.073752,-35.3632618,149.1652373,0.019,-0.01,0.01,0.0,0.02060783840715885,0.020607909187674522,353,0.0016058915061876178,0.001479228027164936,-0.11311884969472885,12.6,0.0,64,LAND,False,STANDBY,10,6
2026-05-28T14:44:49.574107,-35.3632618,149.1652373,0.019,-0.01,0.01,0.0,0.019422488287091255,0.019422564655542374,353,0.0015485953772440553,0.0014267561491578817,-0.11318832635879517,12.6,0.0,64,LAND,False,STANDBY,10,6
2026-05-28T14:44:50.074653,-35.3632618,149.1652373,0.019,-0.01,0.01,0.0,0.018358930945396423,0.018358932808041573,353,0.0014891760656610131,0.0013648769818246365,-0.11327862739562988,12.6,0.0,64,LAND,False,STANDBY,10,6
2026-05-28T14:44:50.575268,-35.3632618,149.1652373,0.019,-0.01,0.01,0.0,0.017145302146673203,0.01714531145989895,353,0.0014388300478458405,0.0013178273802623153,-0.11336591094732285,12.6,0.0,64,LAND,False,STANDBY,10,6
2026-05-28T14:44:51.075841,-35.3632618,149.1652373,0.019,0.0,0.01,0.0,0.015990087762475014,0.015990102663636208,353,0.0013865645742043853,0.0012774772476404905,-0.11345036327838898,12.6,0.0,64,LAND,False,STANDBY,10,6
2026-05-28T14:44:51.576542,-35.3632618,149.1652373,0.019,0.0,0.01,0.0,0.014789042994379997,0.01478904951363802,353,0.0013340908335521817,0.0012312761973589659,-0.11353367567062378,12.6,0.0,64,LAND,False,STANDBY,10,6
2026-05-28T14:44:52.077162,-35.3632618,149.1652373,0.019,0.0,0.01,0.0,0.01364841964095831,0.013648595660924911,353,0.001282122335396707,0.0011882777325809002,-0.11362399160861969,12.6,0.0,64,LAND,False,STANDBY,10,6
2026-05-28T14:44:52.577784,-35.3632618,149.1652373,0.019,0.0,0.0,0.0,0.012578343041241169,0.012578838504850864,353,0.0012324355775490403,0.0011297251330688596,-0.1137138083577156,12.6,0.0,64,LAND,False,STANDBY,10,6
2026-05-28T14:44:53.077959,-35.3632618,149.1652373,0.019,0.0,0.0,0.0,0.011535003781318665,0.01153513602912426,353,0.0011860233498737216,0.001089909696020186,-0.11380961537361145,12.6,0.0,64,LAND,False,STANDBY,10,6
2026-05-28T14:44:53.578161,-35.3632618,149.1652373,0.019,0.0,0.0,0.0,0.010279866866767406,0.01027987152338028,353,0.0011419239453971386,0.0010331677040085196,-0.1139121726155281,12.6,0.0,64,LAND,False,STANDBY,10,6
2026-05-28T14:44:54.078680,-35.3632618,149.1652373,0.019,0.0,0.0,0.0,0.009324162267148495,0.009324162267148495,353,0.0010884396033361554,0.0009828060865402222,-0.11401380598545074,12.6,0.0,64,LAND,False,STANDBY,10,6
2026-05-28T14:44:54.579261,-35.3632618,149.1652373,0.019,0.0,0.0,0.0,0.008251774124801159,0.008252549916505814,353,0.0010552635649219155,0.000938650977332145,-0.11411309242248535,12.6,0.0,64,LAND,False,STANDBY,10,6
2026-05-28T14:44:55.079905,-35.3632618,149.1652373,0.019,0.0,0.0,0.0,0.00727548124268651,0.007275604642927647,353,0.0010134709300473332,0.0008882913389243186,-0.11421362310647964,12.6,0.0,64,LAND,False,STANDBY,10,6
2026-05-28T14:44:55.580592,-35.3632618,149.1652373,0.019,0.0,0.0,0.0,0.006242545321583748,0.006242583505809307,353,0.0009612095891498029,0.0008496860391460359,-0.11432158946990967,12.6,0.0,64,LAND,False,STANDBY,10,6
2026-05-28T14:44:56.081759,-35.3632618,149.1652373,0.019,0.0,0.0,0.0,0.00526771554723382,0.005267780274152756,353,0.0009216706384904683,0.0008052692282944918,-0.11442897468805313,12.6,0.0,64,LAND,False,STANDBY,10,6
2026-05-28T14:44:56.582216,-35.3632618,149.1652373,0.019,0.0,0.0,0.0,0.004309701733291149,0.004310648888349533,353,0.0008729195687919855,0.00076389464084059,-0.11454498022794724,12.6,0.0,64,LAND,False,STANDBY,10,6
2026-05-28T14:44:57.082682,-35.3632618,149.1652373,0.019,0.0,0.0,0.0,0.003458559513092041,0.003459979547187686,353,0.0008204019977711141,0.00072094687493518,-0.1146606057882309,12.6,0.0,64,LAND,False,STANDBY,10,6
2026-05-28T14:44:57.583293,-35.3632618,149.1652373,0.019,0.0,0.0,0.0,0.0024631130509078503,0.0024631130509078503,353,0.0007751795928925276,0.0006833692896179855,-0.11477777361869812,12.6,0.0,64,LAND,False,STANDBY,10,6
2026-05-28T14:44:58.083847,-35.3632618,149.1652373,0.019,0.0,0.0,0.0,0.001589547493495047,0.0015900263097137213,353,0.0007311194203794003,0.0006353372009471059,-0.11489400267601013,12.6,0.0,64,LAND,False,STANDBY,10,6
2026-05-28T14:44:58.584469,-35.3632618,149.1652373,0.019,0.0,0.0,0.0,0.0005225324421189725,0.0005225421627983451,353,0.0006835531094111502,0.0005858556251041591,-0.11501475423574448,12.6,0.0,64,LAND,False,STANDBY,10,6
2026-05-28T14:44:59.085570,-35.3632618,149.1652373,0.019,0.0,0.0,0.0,0.0005447342409752309,0.0005514412187039852,353,0.0006490594241768122,0.0005437813233584166,-0.11513450741767883,12.6,0.0,64,LAND,False,STANDBY,10,6
2026-05-28T14:44:59.586098,-35.3632618,149.1652373,0.019,0.0,0.0,0.0,0.001458556274883449,0.0014641982270404696,353,0.0006232772720977664,0.0005142889567650855,-0.11525167524814606,12.6,0.0,64,LAND,False,STANDBY,10,6
2026-05-28T14:45:00.086699,-35.3632618,149.1652373,0.019,0.0,0.0,0.0,0.002225589007139206,0.0022314635571092367,353,0.0005897798109799623,0.0004818185407202691,-0.11537826061248779,12.6,0.0,64,LAND,False,STANDBY,10,6
2026-05-28T14:45:00.587327,-35.3632617,149.1652372,0.019,0.0,0.0,0.0,0.0029155639931559563,0.0029202140867710114,353,0.000557555875275284,0.00045745642273686826,-0.1155051589012146,12.6,0.0,64,LAND,False,STANDBY,10,6
2026-05-28T14:45:01.087872,-35.3632617,149.1652372,0.019,0.0,0.0,0.0,0.0034906615037471056,0.0034916631411761045,353,0.0005227274959906936,0.0004331119707785547,-0.11563671380281448,12.6,0.0,64,LAND,False,STANDBY,10,6
