timestamp,lat,lon,alt,velocity_x,velocity_y,velocity_z,ground_speed,air_speed,heading,roll,pitch,yaw,battery_voltage,battery_current,battery_level,mode,armed,system_status,satellites_visible,fix_type
2025-08-11T17:19:51.355429,-35.363262,149.1652591,9.613,-0.01,0.01,-0.46,0.01807960867881775,0.4657769203186035,359,0.0030874726362526417,0.003173185046762228,-0.016513394191861153,12.6,0.0,100,GUIDED,True,ACTIVE,10,6
2025-08-11T17:19:51.856853,-35.363262,149.1652591,9.613,-0.01,0.01,-0.46,0.01807960867881775,0.4657769203186035,359,0.0030874726362526417,0.003173185046762228,-0.016513394191861153,12.6,0.0,100,GUIDED,True,ACTIVE,10,6
2025-08-11T17:19:52.357858,-35.363262,149.1652591,9.711,0.02,0.04,-0.38,0.05350877344608307,0.3894728422164917,358,0.04413626715540886,-0.04092732071876526,-0.017683278769254684,12.6,0.0,100,GUIDED,True,ACTIVE,10,6
2025-08-11T17:19:52.858812,-35.3632617,149.1652595,9.822,0.29,0.27,-0.56,0.4026488959789276,0.6898329257965088,358,0.13781458139419556,-0.15134873986244202,-0.03377839922904968,12.6,0.0,100,GUIDED,True,ACTIVE,10,6
2025-08-11T17:19:53.359964,-35.3632604,149.1652608,9.993,0.84,0.72,-0.83,1.1108378171920776,1.3873817920684814,4,0.15784820914268494,-0.22783009707927704,0.08057957887649536,12.6,0.0,100,GUIDED,True,ACTIVE,10,6
2025-08-11T17:19:53.860958,-35.3632604,149.1652608,9.993,0.84,0.72,-0.83,1.1108378171920776,1.3873817920684814,4,0.15784820914268494,-0.22783009707927704,0.08057957887649536,12.6,0.0,100,GUIDED,True,ACTIVE,10,6
2025-08-11T17:19:54.361927,-35.3632578,149.1652634,10.232,1.42,1.19,-1.11,1.8603719472885132,2.1690549850463867,19,0.09393446147441864,-0.240356907248497,0.332818865776062,12.6,0.0,100,GUIDED,True,ACTIVE,10,6
2025-08-11T17:19:54.862955,-35.363254,149.1652672,10.542,1.95,1.63,-1.39,2.549262046813965,2.904437303543091,33,0.03404511511325836,-0.2400941252708435,0.577261209487915,12.6,0.0,100,GUIDED,True,ACTIVE,10,6
2025-08-11T17:19:55.363999,-35.3632491,149.1652723,10.92,2.44,2.06,-1.65,3.199038505554199,3.6038730144500732,38,0.013223586603999138,-0.2328113317489624,0.6696544885635376,12.6,0.0,100,GUIDED,True,ACTIVE,10,6
2025-08-11T17:19:55.864942,-35.3632491,149.1652723,10.92,2.44,2.06,-1.65,3.199038505554199,3.6038730144500732,38,0.013223586603999138,-0.2328113317489624,0.6696544885635376,12.6,0.0,100,GUIDED,True,ACTIVE,10,6
2025-08-11T17:19:56.365562,-35.3632435,149.1652781,11.126,2.52,2.12,0.35,3.3004674911499023,3.3200244903564453,41,0.003374270861968398,-0.2237185835838318,0.7215992212295532,12.6,0.0,100,GUIDED,True,ACTIVE,10,6
2025-08-11T17:19:56.866052,-35.3632379,149.1652838,10.73,2.53,2.12,2.8,3.307086706161499,4.33621072769165,44,-0.0052329679019749165,-0.22261996567249298,0.7761391401290894,12.6,0.0,100,GUIDED,False,STANDBY,10,6
2025-08-11T17:19:57.366994,-35.3632379,149.1652838,10.73,2.53,2.12,2.8,3.307086706161499,4.33621072769165,44,-0.0052329679019749165,-0.22261996567249298,0.7761391401290894,12.6,0.0,100,GUIDED,False,STANDBY,10,6
2025-08-11T17:19:57.867998,-35.3632322,149.1652897,9.727,2.56,2.14,5.23,3.3401193618774414,6.209514617919922,47,0.004701669793576002,-0.2731204330921173,0.8285113573074341,12.6,0.0,100,GUIDED,False,STANDBY,10,6
2025-08-11T17:19:58.368985,-35.3632264,149.1652957,8.111,2.61,2.19,7.65,3.413891077041626,8.382156372070312,50,0.07616175711154938,-0.45245978236198425,0.8736775517463684,12.6,0.0,100,GUIDED,False,STANDBY,10,6
2025-08-11T17:19:58.870016,-35.3632205,149.1653018,5.882,2.66,2.28,10.08,3.5113303661346436,10.67922306060791,48,0.27614498138427734,-0.8564126491546631,0.8396554589271545,12.6,0.0,100,GUIDED,False,STANDBY,10,6
2025-08-11T17:19:59.370960,-35.3632205,149.1653018,5.882,2.66,2.28,10.08,3.5113303661346436,10.67922306060791,48,0.27614498138427734,-0.8564126491546631,0.8396554589271545,12.6,0.0,100,GUIDED,False,STANDBY,10,6
2025-08-11T17:19:59.872095,-35.3632146,149.1653082,3.036,2.67,2.32,12.53,3.5472376346588135,13.029169082641602,342,1.567107915878296,-1.3608415126800537,-0.29761943221092224,12.6,0.0,100,GUIDED,False,STANDBY,10,6
2025-08-11T17:20:00.372949,-35.363209,149.1653158,-0.12,0.69,6.3,3.79,6.3414788246154785,7.390918254852295,260,-3.0883889198303223,-0.06302995979785919,-1.7372909784317017,12.6,0.0,100,GUIDED,False,STANDBY,10,6
2025-08-11T17:20:00.873981,-35.363209,149.1653158,-0.12,0.69,6.3,3.79,6.3414788246154785,7.390918254852295,260,-3.0883889198303223,-0.06302995979785919,-1.7372909784317017,12.6,0.0,100,GUIDED,False,STANDBY,10,6
2025-08-11T17:20:01.374986,-35.3632083,149.1653244,-0.721,0.23,2.55,1.7,2.5651605129241943,3.079867124557495,260,-3.128770112991333,-0.0011760209454223514,-1.741184115409851,12.6,0.0,100,GUIDED,False,STANDBY,10,6
2025-08-11T17:20:01.876404,-35.363208,149.1653257,-1.117,0.2,1.17,1.68,1.1886128187179565,2.064922332763672,261,-3.1250593662261963,-0.01589079760015011,-1.720452070236206,12.6,0.0,100,GUIDED,False,STANDBY,10,6
2025-08-11T17:20:02.376968,-35.363208,149.165326,-1.351,0.18,0.83,1.61,0.849977970123291,1.8270329236984253,262,-3.1244735717773438,-0.02261384017765522,-1.7016748189926147,12.6,0.0,100,GUIDED,False,STANDBY,10,6
2025-08-11T17:20:02.878962,-35.363208,149.165326,-1.351,0.18,0.83,1.61,0.849977970123291,1.8270329236984253,262,-3.1244735717773438,-0.02261384017765522,-1.7016748189926147,12.6,0.0,100,GUIDED,False,STANDBY,10,6
2025-08-11T17:20:03.379598,-35.363208,149.1653257,-1.507,0.16,0.51,1.53,0.5441327691078186,1.6286187171936035,263,-3.124082088470459,-0.0290247593075037,-1.6890010833740234,12.6,0.0,100,GUIDED,False,STANDBY,10,6
2025-08-11T17:20:03.880188,-35.363208,149.165325,-1.627,0.14,0.25,1.45,0.29043522477149963,1.4830281734466553,263,-3.1242523193359375,-0.033001963049173355,-1.680659294128418,12.6,0.0,100,GUIDED,False,STANDBY,10,6
2025-08-11T17:20:04.380958,-35.3632081,149.1653242,-1.713,0.12,0.03,1.37,0.12605297565460205,1.3788528442382812,264,-3.1247451305389404,-0.03525159880518913,-1.6746984720230103,12.6,0.0,100,GUIDED,False,STANDBY,10,6
2025-08-11T17:20:04.881858,-35.3632081,149.1653235,-1.779,0.1,-0.14,1.29,0.18188631534576416,1.306585669517517,264,-3.125382423400879,-0.036310769617557526,-1.6697617769241333,12.6,0.0,100,GUIDED,False,STANDBY,10,6
2025-08-11T17:20:05.382773,-35.3632081,149.1653235,-1.779,0.1,-0.14,1.29,0.18188631534576416,1.306585669517517,264,-3.125382423400879,-0.036310769617557526,-1.6697617769241333,12.6,0.0,100,GUIDED,False,STANDBY,10,6
2025-08-11T17:20:05.883945,-35.3632082,149.1653228,-1.835,0.08,-0.29,1.21,0.3047725558280945,1.2569454908370972,264,-3.126037359237671,-0.036420512944459915,-1.665600299835205,12.6,0.0,100,GUIDED,False,STANDBY,10,6
2025-08-11T17:20:06.384949,-35.3632082,149.1653221,-1.885,0.07,-0.4,1.14,0.4121299386024475,1.221484899520874,264,-3.1267988681793213,-0.035911064594984055,-1.6618304252624512,12.6,0.0,100,GUIDED,False,STANDBY,10,6
2025-08-11T17:20:06.885708,-35.3632082,149.1653216,-1.916,0.06,-0.49,1.07,0.49668505787849426,1.1879825592041016,265,-3.1278648376464844,-0.034957658499479294,-1.657952070236206,12.6,0.0,100,GUIDED,False,STANDBY,10,6
2025-08-11T17:20:07.386489,-35.3632082,149.1653211,-1.935,0.05,-0.55,1.0,0.559985339641571,1.153634786605835,265,-3.1289451122283936,-0.0339282788336277,-1.6536834239959717,12.6,0.0,100,GUIDED,False,STANDBY,10,6
2025-08-11T17:20:07.886990,-35.3632082,149.1653206,-1.944,0.04,-0.6,0.94,0.6092703342437744,1.1204838752746582,265,-3.1299691200256348,-0.032758887857198715,-1.6493151187896729,12.6,0.0,100,GUIDED,False,STANDBY,10,6
2025-08-11T17:20:08.388071,-35.3632082,149.1653202,-1.949,0.03,-0.64,0.87,0.6475201845169067,1.0883015394210815,265,-3.1309432983398438,-0.031514689326286316,-1.6449919939041138,12.6,0.0,100,GUIDED,False,STANDBY,10,6
2025-08-11T17:20:08.888988,-35.3632082,149.1653202,-1.949,0.03,-0.64,0.87,0.6475201845169067,1.0883015394210815,265,-3.1309432983398438,-0.031514689326286316,-1.6449919939041138,12.6,0.0,100,GUIDED,False,STANDBY,10,6
2025-08-11T17:20:09.389976,-35.3632083,149.1653199,-1.927,0.03,-0.66,0.8,0.6664472818374634,1.0442322492599487,266,-3.131899356842041,-0.03001631610095501,-1.6402628421783447,12.6,0.0,100,GUIDED,False,STANDBY,10,6
2025-08-11T17:20:09.890971,-35.3632082,149.1653197,-1.906,0.02,-0.67,0.73,0.6773729920387268,1.0013151168823242,266,-3.132822275161743,-0.02832513302564621,-1.6353662014007568,12.6,0.0,100,GUIDED,False,STANDBY,10,6
2025-08-11T17:20:10.391954,-35.3632082,149.1653197,-1.906,0.02,-0.67,0.73,0.6773729920387268,1.0013151168823242,266,-3.132822275161743,-0.02832513302564621,-1.6353662014007568,12.6,0.0,100,GUIDED,False,STANDBY,10,6
2025-08-11T17:20:10.892411,-35.3632082,149.1653194,-1.875,0.02,-0.68,0.67,0.6828755140304565,0.9585127830505371,266,-3.133718729019165,-0.026630278676748276,-1.6305242776870728,12.6,0.0,100,GUIDED,False,STANDBY,10,6
2025-08-11T17:20:11.392948,-35.3632082,149.1653192,-1.842,0.02,-0.68,0.61,0.6837865114212036,0.9169414639472961,266,-3.134599208831787,-0.02500850148499012,-1.6259833574295044,12.6,0.0,100,GUIDED,False,STANDBY,10,6
2025-08-11T17:20:11.893802,-35.3632082,149.1653191,-1.791,0.01,-0.67,0.54,0.6707870364189148,0.8653616309165955,267,-3.135468006134033,-0.023253342136740685,-1.621326208114624,12.6,0.0,100,GUIDED,False,STANDBY,10,6
2025-08-11T17:20:12.394426,-35.3632082,149.165319,-1.738,0.01,-0.65,0.48,0.6525688171386719,0.813318133354187,267,-3.1363425254821777,-0.02134483866393566,-1.6166718006134033,12.6,0.0,100,GUIDED,False,STANDBY,10,6
2025-08-11T17:20:12.895135,-35.3632082,149.165319,-1.738,0.01,-0.65,0.48,0.6525688171386719,0.813318133354187,267,-3.1363425254821777,-0.02134483866393566,-1.6166718006134033,12.6,0.0,100,GUIDED,False,STANDBY,10,6
2025-08-11T17:20:13.395974,-35.3632082,149.1653189,-1.677,0.0,-0.63,0.42,0.6328011155128479,0.763006865978241,267,-3.137197256088257,-0.01950697973370552,-1.6123158931732178,12.6,0.0,100,GUIDED,False,STANDBY,10,6
2025-08-11T17:20:13.897069,-35.3632082,149.1653188,-1.617,0.0,-0.61,0.37,0.6117684841156006,0.7155171036720276,267,-3.138044834136963,-0.017815662547945976,-1.6084593534469604,12.6,0.0,100,GUIDED,False,STANDBY,10,6
2025-08-11T17:20:14.399514,-35.3632082,149.1653189,-1.544,0.0,-0.57,0.31,0.5799257755279541,0.6600741147994995,268,-3.1388962268829346,-0.016043026000261307,-1.6047362089157104,12.6,0.0,100,GUIDED,False,STANDBY,10,6
2025-08-11T17:20:14.900010,-35.3632082,149.165319,-1.473,0.0,-0.54,0.26,0.5458495616912842,0.6060130596160889,268,-3.139796733856201,-0.014247733168303967,-1.6012649536132812,12.6,0.0,100,GUIDED,False,STANDBY,10,6
2025-08-11T17:20:15.400949,-35.3632082,149.165319,-1.473,0.0,-0.54,0.26,0.5458495616912842,0.6060130596160889,268,-3.139796733856201,-0.014247733168303967,-1.6012649536132812,12.6,0.0,100,GUIDED,False,STANDBY,10,6
2025-08-11T17:20:15.901855,-35.3632082,149.165319,-1.397,-0.01,-0.51,0.21,0.5130950808525085,0.5560561418533325,268,3.1413068771362305,-0.013768380507826805,-1.5982346534729004,12.6,0.0,100,GUIDED,False,STANDBY,10,6
2025-08-11T17:20:16.402733,-35.3632083,149.1653191,-1.325,-0.01,-0.47,0.16,0.48028987646102905,0.509382963180542,268,3.1363577842712402,-0.016346652060747147,-1.5957449674606323,12.6,0.0,100,GUIDED,False,STANDBY,10,6
2025-08-11T17:20:16.903871,-35.3632083,149.1653193,-1.248,-0.02,-0.43,0.12,0.44049039483070374,0.45835626125335693,268,3.136117458343506,-0.014225693419575691,-1.5935611724853516,12.6,0.0,100,GUIDED,False,STANDBY,10,6
2025-08-11T17:20:17.404943,-35.3632084,149.1653195,-1.175,-0.03,-0.39,0.08,0.40112555027008057,0.41059431433677673,268,3.1358776092529297,-0.012124876491725445,-1.5917450189590454,12.6,0.0,100,GUIDED,False,STANDBY,10,6
2025-08-11T17:20:17.905629,-35.3632085,149.1653196,-1.1,-0.03,-0.36,0.05,0.36428767442703247,0.3679427206516266,268,3.135664701461792,-0.010166648775339127,-1.5903133153915405,12.6,0.0,100,GUIDED,False,STANDBY,10,6
2025-08-11T17:20:18.407011,-35.3632085,149.1653196,-1.1,-0.03,-0.36,0.05,0.36428767442703247,0.3679427206516266,268,3.135664701461792,-0.010166648775339127,-1.5903133153915405,12.6,0.0,100,GUIDED,False,STANDBY,10,6
2025-08-11T17:20:18.907947,-35.3632085,149.1653198,-1.028,-0.04,-0.32,0.01,0.329794317483902,0.33038419485092163,268,3.1354753971099854,-0.00840014312416315,-1.5893027782440186,12.6,0.0,100,GUIDED,False,STANDBY,10,6
2025-08-11T17:20:19.408859,-35.3632086,149.16532,-0.957,-0.04,-0.28,0.0,0.2913937270641327,0.29155638813972473,268,3.1353256702423096,-0.006668823771178722,-1.5886260271072388,12.6,0.0,100,GUIDED,False,STANDBY,10,6
2025-08-11T17:20:19.910173,-35.3632086,149.1653202,-0.89,-0.05,-0.24,-0.03,0.2550209164619446,0.25748875737190247,269,3.135216236114502,-0.004971205722540617,-1.5882673263549805,12.6,0.0,100,GUIDED,False,STANDBY,10,6
2025-08-11T17:20:20.412962,-35.3632087,149.1653205,-0.824,-0.05,-0.21,-0.05,0.22224539518356323,0.22982202470302582,269,3.135129928588867,-0.00344101176597178,-1.5882176160812378,12.6,0.0,100,GUIDED,False,STANDBY,10,6
2025-08-11T17:20:20.913951,-35.3632087,149.1653205,-0.824,-0.05,-0.21,-0.05,0.22224539518356323,0.22982202470302582,269,3.135129928588867,-0.00344101176597178,-1.5882176160812378,12.6,0.0,100,GUIDED,False,STANDBY,10,6
2025-08-11T17:20:21.414945,-35.3632088,149.1653207,-0.763,-0.06,-0.18,-0.07,0.1929604709148407,0.2082979381084442,269,3.1350672245025635,-0.0020821059588342905,-1.5884209871292114,12.6,0.0,100,GUIDED,False,STANDBY,10,6
2025-08-11T17:20:21.915734,-35.3632088,149.165321,-0.705,-0.06,-0.14,-0.09,0.16290874779224396,0.18895462155342102,268,3.135035514831543,-0.0007879939512349665,-1.5888615846633911,12.6,0.0,100,GUIDED,False,STANDBY,10,6
2025-08-11T17:20:22.416443,-35.3632089,149.1653212,-0.652,-0.06,-0.11,-0.11,0.13611602783203125,0.17515280842781067,268,3.1350417137145996,0.0004382097686175257,-1.5895448923110962,12.6,0.0,100,GUIDED,False,STANDBY,10,6
2025-08-11T17:20:22.917126,-35.3632089,149.1653215,-0.6,-0.07,-0.08,-0.12,0.11403408646583557,0.167748361825943,268,3.1350693702697754,0.0015233956510201097,-1.5903856754302979,12.6,0.0,100,GUIDED,False,STANDBY,10,6
2025-08-11T17:20:23.417958,-35.363209,149.1653217,-0.552,-0.07,-0.06,-0.13,0.09677960723638535,0.16543292999267578,268,3.135099411010742,0.002472883788868785,-1.5913381576538086,12.6,0.0,100,GUIDED,False,STANDBY,10,6
2025-08-11T17:20:23.919029,-35.363209,149.1653217,-0.552,-0.07,-0.06,-0.13,0.09677960723638535,0.16543292999267578,268,3.135099411010742,0.002472883788868785,-1.5913381576538086,12.6,0.0,100,GUIDED,False,STANDBY,10,6
2025-08-11T17:20:24.419964,-35.363209,149.1653219,-0.508,-0.07,-0.03,-0.14,0.08232046663761139,0.16496542096138,268,3.1351616382598877,0.003343643620610237,-1.5924420356750488,12.6,0.0,100,GUIDED,False,STANDBY,10,6
2025-08-11T17:20:24.921492,-35.363209,149.1653222,-0.467,-0.07,-0.01,-0.15,0.0736670270562172,0.16726629436016083,268,3.135249376296997,0.004133341368287802,-1.593685507774353,12.6,0.0,100,GUIDED,False,STANDBY,10,6
2025-08-11T17:20:25.422688,-35.363209,149.1653224,-0.428,-0.07,0.0,-0.15,0.07100627571344376,0.17180857062339783,268,3.1353461742401123,0.004817173350602388,-1.594978928565979,12.6,0.0,100,GUIDED,False,STANDBY,10,6
2025-08-11T17:20:25.923283,-35.3632091,149.1653226,-0.392,-0.07,0.02,-0.16,0.07297591120004654,0.177684485912323,268,3.1354339122772217,0.005409539677202702,-1.5962837934494019,12.6,0.0,100,GUIDED,False,STANDBY,10,6
2025-08-11T17:20:26.424375,-35.3632091,149.1653228,-0.359,-0.06,0.03,-0.16,0.07719923555850983,0.18292731046676636,268,3.135544538497925,0.005927224177867174,-1.597690224647522,12.6,0.0,100,GUIDED,False,STANDBY,10,6
2025-08-11T17:20:26.925964,-35.3632091,149.1653228,-0.359,-0.06,0.03,-0.16,0.07719923555850983,0.18292731046676636,268,3.135544538497925,0.005927224177867174,-1.597690224647522,12.6,0.0,100,GUIDED,False,STANDBY,10,6
2025-08-11T17:20:27.426981,-35.3632091,149.1653229,-0.328,-0.06,0.05,-0.16,0.08295279741287231,0.18819788098335266,268,3.1356751918792725,0.006373621989041567,-1.5991706848144531,12.6,0.0,100,GUIDED,False,STANDBY,10,6
2025-08-11T17:20:27.927980,-35.3632091,149.1653231,-0.299,-0.06,0.06,-0.17,0.08936095237731934,0.1936779022216797,268,3.135801076889038,0.0067448001354932785,-1.6006437540054321,12.6,0.0,100,GUIDED,False,STANDBY,10,6
2025-08-11T17:20:28.428979,-35.3632091,149.1653232,-0.271,-0.06,0.07,-0.17,0.09581752866506577,0.19898821413516998,268,3.13590669631958,0.007062878925353289,-1.6020859479904175,12.6,0.0,100,GUIDED,False,STANDBY,10,6
2025-08-11T17:20:28.930334,-35.3632091,149.1653234,-0.246,-0.05,0.08,-0.17,0.1011442318558693,0.2027716487646103,268,3.1360232830047607,0.007319786585867405,-1.6035932302474976,12.6,0.0,100,GUIDED,False,STANDBY,10,6
2025-08-11T17:20:29.431497,-35.363209,149.1653235,-0.223,-0.05,0.08,-0.17,0.10573643445968628,0.20594248175621033,268,3.136155605316162,0.007513237651437521,-1.6051349639892578,12.6,0.0,100,GUIDED,False,STANDBY,10,6
2025-08-11T17:20:29.932551,-35.363209,149.1653235,-0.223,-0.05,0.08,-0.17,0.10573643445968628,0.20594248175621033,268,3.136155605316162,0.007513237651437521,-1.6051349639892578,12.6,0.0,100,GUIDED,False,STANDBY,10,6
2025-08-11T17:20:30.433510,-35.363209,149.1653236,-0.201,-0.05,0.09,-0.17,0.10979916155338287,0.20908598601818085,267,3.1362693309783936,0.007662457413971424,-1.6066539287567139,12.6,0.0,100,GUIDED,False,STANDBY,10,6
2025-08-11T17:20:30.934956,-35.363209,149.1653237,-0.179,-0.05,0.1,-0.17,0.11336406320333481,0.21205180883407593,267,3.1363718509674072,0.0077820573933422565,-1.6081162691116333,12.6,0.0,100,GUIDED,False,STANDBY,10,6
2025-08-11T17:20:31.435986,-35.363209,149.1653238,-0.161,-0.04,0.1,-0.17,0.11534430831670761,0.21326406300067902,267,3.136488676071167,0.007852789014577866,-1.6096185445785522,12.6,0.0,100,GUIDED,False,STANDBY,10,6
2025-08-11T17:20:31.936715,-35.363209,149.1653238,-0.143,-0.04,0.1,-0.17,0.11655395478010178,0.21409644186496735,267,3.1366126537323,0.007873183116316795,-1.6111565828323364,12.6,0.0,100,GUIDED,False,STANDBY,10,6
2025-08-11T17:20:32.438855,-35.363209,149.1653239,-0.125,-0.04,0.1,-0.18,0.11750511080026627,0.21496707201004028,267,3.136723756790161,0.007872551679611206,-1.6126608848571777,12.6,0.0,100,GUIDED,False,STANDBY,10,6
2025-08-11T17:20:32.939683,-35.363209,149.165324,-0.108,-0.04,0.11,-0.18,0.11820491403341293,0.21593663096427917,267,3.136808395385742,0.007869144901633263,-1.6141213178634644,12.6,0.0,100,GUIDED,False,STANDBY,10,6
2025-08-11T17:20:33.440544,-35.363209,149.165324,-0.108,-0.04,0.11,-0.18,0.11820491403341293,0.21593663096427917,267,3.136808395385742,0.007869144901633263,-1.6141213178634644,12.6,0.0,100,GUIDED,False,STANDBY,10,6
2025-08-11T17:20:33.941746,-35.363209,149.165324,-0.093,-0.03,0.11,-0.18,0.11718151718378067,0.21513323485851288,267,3.1369099617004395,0.007830213755369186,-1.6155935525894165,12.6,0.0,100,GUIDED,False,STANDBY,10,6
2025-08-11T17:20:34.442809,-35.363209,149.165324,-0.079,-0.03,0.11,-0.18,0.11582920700311661,0.21423591673374176,267,3.1370091438293457,0.007762216031551361,-1.617087960243225,12.6,0.0,100,GUIDED,False,STANDBY,10,6
2025-08-11T17:20:34.943950,-35.363209,149.1653241,-0.065,-0.03,0.1,-0.18,0.11464214324951172,0.21379905939102173,267,3.137096881866455,0.007689002901315689,-1.6185415983200073,12.6,0.0,100,GUIDED,False,STANDBY,10,6
2025-08-11T17:20:35.444962,-35.363209,149.1653241,-0.051,-0.03,0.1,-0.18,0.11346740275621414,0.2135784924030304,267,3.1371679306030273,0.0076213120482862,-1.619958758354187,12.6,0.0,100,GUIDED,False,STANDBY,10,6
2025-08-11T17:20:35.945311,-35.363209,149.1653241,-0.051,-0.03,0.1,-0.18,0.11346740275621414,0.2135784924030304,267,3.1371679306030273,0.0076213120482862,-1.619958758354187,12.6,0.0,100,GUIDED,False,STANDBY,10,6
2025-08-11T17:20:36.446097,-35.363209,149.1653241,-0.039,-0.02,0.1,-0.18,0.11084248870611191,0.2118738889694214,267,3.1372504234313965,0.0075307064689695835,-1.6213828325271606,12.6,0.0,100,GUIDED,False,STANDBY,10,6
2025-08-11T17:20:36.946944,-35.363209,149.1653241,-0.028,-0.02,0.1,-0.18,0.10807029902935028,0.2102186530828476,267,3.1373305320739746,0.007406946271657944,-1.6228132247924805,12.6,0.0,100,GUIDED,False,STANDBY,10,6
2025-08-11T17:20:37.447789,-35.363209,149.1653241,-0.016,-0.02,0.1,-0.18,0.1055528074502945,0.2090114802122116,266,3.137404680252075,0.007293664384633303,-1.6242115497589111,12.6,0.0,100,GUIDED,False,STANDBY,10,6
2025-08-11T17:20:37.949932,-35.363209,149.1653241,-0.016,-0.02,0.1,-0.18,0.1055528074502945,0.2090114802122116,266,3.137404680252075,0.007293664384633303,-1.6242115497589111,12.6,0.0,100,GUIDED,False,STANDBY,10,6
2025-08-11T17:20:38.450850,-35.363209,149.1653242,-0.004,-0.02,0.1,-0.18,0.10360114276409149,0.20848610997200012,266,3.137467861175537,0.007198495790362358,-1.6255871057510376,12.6,0.0,100,GUIDED,False,STANDBY,10,6
2025-08-11T17:20:38.951944,-35.363209,149.1653241,0.005,-0.02,0.09,-0.18,0.10030417889356613,0.20659379661083221,266,3.137528419494629,0.007075018715113401,-1.626966953277588,12.6,0.0,100,GUIDED,False,STANDBY,10,6
2025-08-11T17:20:39.452476,-35.3632089,149.1653241,0.014,-0.02,0.09,-0.18,0.09694235771894455,0.20475339889526367,266,3.137586832046509,0.006941629108041525,-1.6283245086669922,12.6,0.0,100,GUIDED,False,STANDBY,10,6
2025-08-11T17:20:39.955087,-35.3632089,149.1653241,0.024,-0.02,0.09,-0.18,0.09412173181772232,0.20347003638744354,266,3.137643814086914,0.006818507332354784,-1.6296603679656982,12.6,0.0,100,GUIDED,False,STANDBY,10,6
2025-08-11T17:20:40.455951,-35.3632089,149.1653241,0.024,-0.02,0.09,-0.18,0.09412173181772232,0.20347003638744354,266,3.137643814086914,0.006818507332354784,-1.6296603679656982,12.6,0.0,100,GUIDED,False,STANDBY,10,6
2025-08-11T17:20:40.956989,-35.3632089,149.1653241,0.034,-0.01,0.08,-0.18,0.0918000116944313,0.20266586542129517,266,3.137693405151367,0.006720866076648235,-1.630947232246399,12.6,0.0,100,GUIDED,False,STANDBY,10,6
2025-08-11T17:20:41.457983,-35.3632089,149.1653241,0.042,-0.01,0.08,-0.18,0.08829338848590851,0.20070911943912506,266,3.1377382278442383,0.006596083752810955,-1.6322487592697144,12.6,0.0,100,GUIDED,False,STANDBY,10,6
2025-08-11T17:20:41.959072,-35.3632089,149.1653241,0.049,-0.01,0.08,-0.17,0.08490636944770813,0.1989162415266037,266,3.13779616355896,0.0064593227580189705,-1.6335387229919434,12.6,0.0,100,GUIDED,False,STANDBY,10,6
2025-08-11T17:20:42.459982,-35.3632089,149.1653241,0.057,-0.01,0.08,-0.17,0.08204927295446396,0.1977064162492752,266,3.137845754623413,0.00634555472061038,-1.6348042488098145,12.6,0.0,100,GUIDED,False,STANDBY,10,6
2025-08-11T17:20:42.961048,-35.3632089,149.1653241,0.057,-0.01,0.08,-0.17,0.08204927295446396,0.1977064162492752,266,3.137845754623413,0.00634555472061038,-1.6348042488098145,12.6,0.0,100,GUIDED,False,STANDBY,10,6
2025-08-11T17:20:43.461967,-35.3632089,149.1653241,0.066,-0.01,0.07,-0.18,0.07965811342000961,0.1970214992761612,266,3.1378836631774902,0.006245749071240425,-1.6360259056091309,12.6,0.0,100,GUIDED,False,STANDBY,10,6
2025-08-11T17:20:43.962996,-35.3632089,149.1653241,0.072,-0.01,0.07,-0.17,0.07633017003536224,0.19519241154193878,266,3.1379337310791016,0.006130252964794636,-1.637253999710083,12.6,0.0,100,GUIDED,False,STANDBY,10,6
2025-08-11T17:20:44.463635,-35.3632089,149.165324,0.079,-0.01,0.07,-0.17,0.07326006144285202,0.1936909705400467,266,3.137981653213501,0.006009083241224289,-1.638466238975525,12.6,0.0,100,GUIDED,False,STANDBY,10,6
2025-08-11T17:20:44.964498,-35.3632089,149.165324,0.085,-0.01,0.06,-0.17,0.07074050605297089,0.1926891952753067,266,3.138021945953369,0.005897904746234417,-1.639665126800537,12.6,0.0,100,GUIDED,False,STANDBY,10,6
2025-08-11T17:20:45.465554,-35.3632089,149.165324,0.085,-0.01,0.06,-0.17,0.07074050605297089,0.1926891952753067,266,3.138021945953369,0.005897904746234417,-1.639665126800537,12.6,0.0,100,GUIDED,False,STANDBY,10,6
2025-08-11T17:20:45.966630,-35.3632089,149.165324,0.092,-0.01,0.06,-0.17,0.06860135495662689,0.19206281006336212,265,3.138054609298706,0.005808250512927771,-1.640811562538147,12.6,0.0,100,GUIDED,False,STANDBY,10,6
2025-08-11T17:20:46.467611,-35.3632089,149.165324,0.097,-0.01,0.06,-0.17,0.06572436541318893,0.19041936099529266,265,3.138097047805786,0.005699280183762312,-1.641969919204712,12.6,0.0,100,GUIDED,False,STANDBY,10,6
2025-08-11T17:20:46.968602,-35.3632089,149.165324,0.103,-0.01,0.06,-0.17,0.06302305310964584,0.18902559578418732,265,3.1381373405456543,0.005586573388427496,-1.6431081295013428,12.6,0.0,100,GUIDED,False,STANDBY,10,6
2025-08-11T17:20:47.469729,-35.3632089,149.165324,0.108,-0.01,0.05,-0.17,0.06086142361164093,0.18818193674087524,265,3.1381735801696777,0.005497541278600693,-1.6442276239395142,12.6,0.0,100,GUIDED,False,STANDBY,10,6
2025-08-11T17:20:47.970638,-35.3632089,149.165324,0.108,-0.01,0.05,-0.17,0.06086142361164093,0.18818193674087524,265,3.1381735801696777,0.005497541278600693,-1.6442276239395142,12.6,0.0,100,GUIDED,False,STANDBY,10,6
2025-08-11T17:20:48.471520,-35.3632089,149.165324,0.115,-0.01,0.05,-0.17,0.05914931744337082,0.1877008080482483,265,3.138204574584961,0.005415251478552818,-1.6453146934509277,12.6,0.0,100,GUIDED,False,STANDBY,10,6
2025-08-11T17:20:48.972571,-35.3632088,149.165324,0.119,-0.01,0.05,-0.17,0.0567893348634243,0.18630047142505646,265,3.1382393836975098,0.005327841266989708,-1.6463888883590698,12.6,0.0,100,GUIDED,False,STANDBY,10,6
2025-08-11T17:20:49.473472,-35.3632088,149.165324,0.123,-0.01,0.05,-0.17,0.05460288003087044,0.18507882952690125,265,3.1382761001586914,0.005228656809777021,-1.647451400756836,12.6,0.0,100,GUIDED,False,STANDBY,10,6
2025-08-11T17:20:49.973997,-35.3632088,149.165324,0.128,-0.01,0.05,-0.17,0.05293203145265579,0.1842781901359558,265,3.1383092403411865,0.005146482959389687,-1.6484975814819336,12.6,0.0,100,GUIDED,False,STANDBY,10,6
2025-08-11T17:20:50.474987,-35.3632088,149.165324,0.128,-0.01,0.05,-0.17,0.05293203145265579,0.1842781901359558,265,3.1383092403411865,0.005146482959389687,-1.6484975814819336,12.6,0.0,100,GUIDED,False,STANDBY,10,6
2025-08-11T17:20:50.975955,-35.3632088,149.165324,0.133,0.0,0.05,-0.17,0.05152324214577675,0.18379047513008118,265,3.138336420059204,0.005080487113445997,-1.6495157480239868,12.6,0.0,100,GUIDED,False,STANDBY,10,6
2025-08-11T17:20:51.477042,-35.3632088,149.165324,0.136,0.0,0.04,-0.17,0.04941435158252716,0.18235917389392853,265,3.1383659839630127,0.005001598037779331,-1.6505181789398193,12.6,0.0,100,GUIDED,False,STANDBY,10,6
2025-08-11T17:20:51.978227,-35.3632088,149.1653239,0.139,0.0,0.04,-0.17,0.04760225862264633,0.18119081854820251,265,3.1384031772613525,0.0049224235117435455,-1.6515097618103027,12.6,0.0,100,GUIDED,False,STANDBY,10,6
2025-08-11T17:20:52.479725,-35.3632088,149.1653239,0.143,0.0,0.04,-0.17,0.04613359272480011,0.18019866943359375,265,3.1384341716766357,0.004843182396143675,-1.652478575706482,12.6,0.0,100,GUIDED,False,STANDBY,10,6
2025-08-11T17:20:52.980674,-35.3632088,149.1653239,0.143,0.0,0.04,-0.17,0.04613359272480011,0.18019866943359375,265,3.1384341716766357,0.004843182396143675,-1.652478575706482,12.6,0.0,100,GUIDED,False,STANDBY,10,6
2025-08-11T17:20:53.481348,-35.3632088,149.1653239,0.148,0.0,0.04,-0.17,0.04502366483211517,0.17986993491649628,265,3.1384575366973877,0.00478739058598876,-1.6534441709518433,12.6,0.0,100,GUIDED,False,STANDBY,10,6
2025-08-11T17:20:53.981950,-35.3632088,149.1653239,0.151,0.0,0.04,-0.17,0.04372917115688324,0.17895254492759705,265,3.1384811401367188,0.004731026478111744,-1.6543763875961304,12.6,0.0,100,GUIDED,False,STANDBY,10,6
2025-08-11T17:20:54.482995,-35.3632088,149.1653239,0.154,0.0,0.04,-0.17,0.04201095923781395,0.17758695781230927,265,3.1385130882263184,0.004662973806262016,-1.6552865505218506,12.6,0.0,100,GUIDED,False,STANDBY,10,6
2025-08-11T17:20:54.983959,-35.3632088,149.1653239,0.154,0.0,0.04,-0.17,0.04201095923781395,0.17758695781230927,265,3.1385130882263184,0.004662973806262016,-1.6552865505218506,12.6,0.0,100,GUIDED,False,STANDBY,10,6
2025-08-11T17:20:55.484936,-35.3632088,149.1653239,0.156,0.0,0.04,-0.17,0.0407043881714344,0.17653000354766846,265,3.138540506362915,0.004598533734679222,-1.6561888456344604,12.6,0.0,100,GUIDED,False,STANDBY,10,6
2025-08-11T17:20:55.985945,-35.3632088,149.1653239,0.159,0.0,0.03,-0.17,0.03975406661629677,0.1758163422346115,265,3.1385726928710938,0.004546808544546366,-1.657069444656372,12.6,0.0,100,GUIDED,False,STANDBY,10,6
2025-08-11T17:20:56.487031,-35.3632088,149.1653238,0.161,0.0,0.03,-0.17,0.03850163146853447,0.17461904883384705,265,3.1386029720306396,0.004485583398491144,-1.657942295074463,12.6,0.0,100,GUIDED,False,STANDBY,10,6
2025-08-11T17:20:56.987958,-35.3632088,149.1653238,0.163,0.0,0.03,-0.16,0.03712309151887894,0.17311133444309235,264,3.1386334896087646,0.004416710697114468,-1.658787488937378,12.6,0.0,100,GUIDED,False,STANDBY,10,6
2025-08-11T17:20:57.489417,-35.3632088,149.1653238,0.163,0.0,0.03,-0.16,0.03712309151887894,0.17311133444309235,264,3.1386334896087646,0.004416710697114468,-1.658787488937378,12.6,0.0,100,GUIDED,False,STANDBY,10,6
2025-08-11T17:20:57.990179,-35.3632088,149.1653238,0.164,0.0,0.03,-0.16,0.03610485792160034,0.1719103902578354,264,3.138662576675415,0.004358119796961546,-1.6596312522888184,12.6,0.0,100,GUIDED,False,STANDBY,10,6
2025-08-11T17:20:58.491142,-35.3632088,149.1653238,0.167,0.0,0.03,-0.16,0.03537136688828468,0.1710941344499588,264,3.138685464859009,0.004313797224313021,-1.6604509353637695,12.6,0.0,100,GUIDED,False,STANDBY,10,6
2025-08-11T17:20:58.991980,-35.3632088,149.1653238,0.168,0.0,0.03,-0.16,0.034320104867219925,0.16981112957000732,264,3.1387081146240234,0.004268239252269268,-1.661259412765503,12.6,0.0,100,GUIDED,False,STANDBY,10,6
2025-08-11T17:20:59.493118,-35.3632088,149.1653238,0.169,0.0,0.03,-0.16,0.033093079924583435,0.168267622590065,264,3.138733386993408,0.004213309846818447,-1.662038803100586,12.6,0.0,100,GUIDED,False,STANDBY,10,6
2025-08-11T17:20:59.993947,-35.3632088,149.1653238,0.169,0.0,0.03,-0.16,0.032139141112565994,0.16706746816635132,264,3.1387648582458496,0.004162426572293043,-1.6628189086914062,12.6,0.0,100,GUIDED,False,STANDBY,10,6
2025-08-11T17:21:00.494762,-35.3632088,149.1653238,0.169,0.0,0.03,-0.16,0.032139141112565994,0.16706746816635132,264,3.1387648582458496,0.004162426572293043,-1.6628189086914062,12.6,0.0,100,GUIDED,False,STANDBY,10,6
2025-08-11T17:21:00.995693,-35.3632088,149.1653238,0.171,0.0,0.03,-0.16,0.03160068392753601,0.16612668335437775,264,3.1387908458709717,0.004123413935303688,-1.6635801792144775,12.6,0.0,100,GUIDED,False,STANDBY,10,6
2025-08-11T17:21:01.496897,-35.3632088,149.1653238,0.171,0.0,0.03,-0.16,0.030766882002353668,0.16478261351585388,264,3.1388111114501953,0.0040828632190823555,-1.6643296480178833,12.6,0.0,100,GUIDED,False,STANDBY,10,6
2025-08-11T17:21:01.997830,-35.3632088,149.1653238,0.171,0.0,0.03,-0.16,0.030766882002353668,0.16478261351585388,264,3.1388111114501953,0.0040828632190823555,-1.6643296480178833,12.6,0.0,100,GUIDED,False,STANDBY,10,6
2025-08-11T17:21:02.498813,-35.3632088,149.1653238,0.171,0.0,0.02,-0.16,0.029879547655582428,0.16324980556964874,264,3.1388392448425293,0.004029333125799894,-1.6650670766830444,12.6,0.0,100,GUIDED,False,STANDBY,10,6
2025-08-11T17:21:02.999849,-35.3632088,149.1653237,0.172,0.0,0.02,-0.15,0.029066866263747215,0.1619413048028946,264,3.1388587951660156,0.003978482447564602,-1.6658012866973877,12.6,0.0,100,GUIDED,False,STANDBY,10,6
2025-08-11T17:21:03.500804,-35.3632088,149.1653237,0.173,0.0,0.02,-0.15,0.028488270938396454,0.16090403497219086,264,3.1388795375823975,0.003943529911339283,-1.666537880897522,12.6,0.0,100,GUIDED,False,STANDBY,10,6
2025-08-11T17:21:04.001688,-35.3632088,149.1653237,0.173,0.0,0.02,-0.15,0.028488270938396454,0.16090403497219086,264,3.1388795375823975,0.003943529911339283,-1.666537880897522,12.6,0.0,100,GUIDED,False,STANDBY,10,6
2025-08-11T17:21:04.502311,-35.3632088,149.1653237,0.172,0.0,0.02,-0.15,0.027767859399318695,0.1594187468290329,264,3.1389074325561523,0.0038980431854724884,-1.667251467704773,12.6,0.0,100,GUIDED,False,STANDBY,10,6
2025-08-11T17:21:05.003015,-35.3632088,149.1653237,0.172,0.0,0.02,-0.15,0.026901530101895332,0.15772075951099396,264,3.1389248371124268,0.0038424800150096416,-1.6679513454437256,12.6,0.0,100,GUIDED,False,STANDBY,10,6
2025-08-11T17:21:05.504197,-35.3632088,149.1653237,0.171,0.0,0.02,-0.15,0.026162391528487206,0.1563158631324768,264,3.1389505863189697,0.003799587022513151,-1.6686413288116455,12.6,0.0,100,GUIDED,False,STANDBY,10,6
2025-08-11T17:21:06.004952,-35.3632088,149.1653237,0.171,0.0,0.02,-0.15,0.026162391528487206,0.1563158631324768,264,3.1389505863189697,0.003799587022513151,-1.6686413288116455,12.6,0.0,100,GUIDED,False,STANDBY,10,6
2025-08-11T17:21:06.505838,-35.3632088,149.1653237,0.172,0.0,0.02,-0.15,0.025679172948002815,0.15524812042713165,264,3.1389729976654053,0.0037603045348078012,-1.6693390607833862,12.6,0.0,100,GUIDED,False,STANDBY,10,6
2025-08-11T17:21:07.006863,-35.3632088,149.1653237,0.171,0.0,0.02,-0.15,0.024897541850805283,0.1536610722541809,264,3.138993978500366,0.0037225845735520124,-1.6700235605239868,12.6,0.0,100,GUIDED,False,STANDBY,10,6
2025-08-11T17:21:07.507980,-35.3632088,149.1653237,0.17,0.0,0.02,-0.15,0.02401181310415268,0.1520385891199112,264,3.1390163898468018,0.0036763963289558887,-1.6706876754760742,12.6,0.0,100,GUIDED,False,STANDBY,10,6
2025-08-11T17:21:08.009015,-35.3632088,149.1653237,0.169,0.0,0.02,-0.14,0.023341016843914986,0.15053583681583405,264,3.139042854309082,0.0036375203635543585,-1.6713531017303467,12.6,0.0,100,GUIDED,False,STANDBY,10,6
2025-08-11T17:21:08.509954,-35.3632088,149.1653237,0.168,0.0,0.02,-0.14,0.023341016843914986,0.15053583681583405,264,3.1390609741210938,0.0036100815050303936,-1.6720324754714966,12.6,0.0,100,GUIDED,False,STANDBY,10,6
2025-08-11T17:21:09.010820,-35.3632088,149.1653237,0.168,0.0,0.02,-0.14,0.022788899019360542,0.14916425943374634,264,3.1390609741210938,0.0036100815050303936,-1.6720324754714966,12.6,0.0,100,GUIDED,False,STANDBY,10,6
2025-08-11T17:21:09.511515,-35.3632088,149.1653237,0.166,0.0,0.02,-0.14,0.022131359204649925,0.1474086195230484,264,3.139078378677368,0.003576829796656966,-1.6726876497268677,12.6,0.0,100,GUIDED,False,STANDBY,10,6
2025-08-11T17:21:10.011963,-35.3632088,149.1653237,0.165,0.0,0.02,-0.14,0.02144082635641098,0.14590902626514435,264,3.1390981674194336,0.003532575676217675,-1.6733288764953613,12.6,0.0,100,GUIDED,False,STANDBY,10,6
2025-08-11T17:21:10.512891,-35.3632088,149.1653237,0.164,0.0,0.02,-0.14,0.020937480032444,0.14438241720199585,264,3.139124870300293,0.003485029563307762,-1.6739689111709595,12.6,0.0,100,GUIDED,False,STANDBY,10,6
2025-08-11T17:21:11.013943,-35.3632088,149.1653237,0.164,0.0,0.02,-0.14,0.020937480032444,0.14438241720199585,264,3.139124870300293,0.003485029563307762,-1.6739689111709595,12.6,0.0,100,GUIDED,False,STANDBY,10,6
2025-08-11T17:21:11.514581,-35.3632088,149.1653237,0.163,0.0,0.02,-0.14,0.020544320344924927,0.1432071477174759,264,3.1391496658325195,0.003449788549914956,-1.6746160984039307,12.6,0.0,100,GUIDED,False,STANDBY,10,6
2025-08-11T17:21:12.014965,-35.3632088,149.1653237,0.161,0.0,0.01,-0.14,0.019854089245200157,0.1414390504360199,264,3.139172315597534,0.003414830658584833,-1.675254464149475,12.6,0.0,100,GUIDED,False,STANDBY,10,6
2025-08-11T17:21:12.515638,-35.3632088,149.1653236,0.159,0.0,0.01,-0.13,0.01922694593667984,0.1398659348487854,263,3.139193058013916,0.0033719034399837255,-1.675886631011963,12.6,0.0,100,GUIDED,False,STANDBY,10,6
2025-08-11T17:21:13.016697,-35.3632087,149.1653236,0.158,0.0,0.01,-0.13,0.01867467537522316,0.13833864033222198,263,3.1392126083374023,0.0033341466914862394,-1.676517128944397,12.6,0.0,100,GUIDED,False,STANDBY,10,6
2025-08-11T17:21:13.517352,-35.3632087,149.1653236,0.158,0.0,0.01,-0.13,0.01867467537522316,0.13833864033222198,263,3.1392126083374023,0.0033341466914862394,-1.676517128944397,12.6,0.0,100,GUIDED,False,STANDBY,10,6
2025-08-11T17:21:14.017958,-35.3632087,149.1653236,0.157,0.0,0.01,-0.13,0.018282033503055573,0.13721254467964172,263,3.139235734939575,0.003299941075965762,-1.6771546602249146,12.6,0.0,100,GUIDED,False,STANDBY,10,6
2025-08-11T17:21:14.518948,-35.3632087,149.1653236,0.154,0.0,0.01,-0.13,0.017632532864809036,0.13541372120380402,263,3.139254093170166,0.0032681196462363005,-1.677781105041504,12.6,0.0,100,GUIDED,False,STANDBY,10,6
2025-08-11T17:21:15.019825,-35.3632087,149.1653236,0.153,0.0,0.01,-0.13,0.016995370388031006,0.13386552035808563,263,3.1392695903778076,0.0032321729231625795,-1.6783981323242188,12.6,0.0,100,GUIDED,False,STANDBY,10,6
2025-08-11T17:21:15.520785,-35.3632087,149.1653236,0.15,0.0,0.01,-0.13,0.016585716977715492,0.1324501931667328,263,3.1392908096313477,0.0031955044250935316,-1.679017424583435,12.6,0.0,100,GUIDED,False,STANDBY,10,6
2025-08-11T17:21:16.022398,-35.3632087,149.1653236,0.151,0.0,0.01,-0.13,0.01624641939997673,0.131562739610672,263,3.1393072605133057,0.0031576992478221655,-1.6796456575393677,12.6,0.0,100,GUIDED,False,STANDBY,10,6
2025-08-11T17:21:16.523542,-35.3632087,149.1653236,0.148,0.0,0.01,-0.12,0.01567457802593708,0.12999050319194794,263,3.1393308639526367,0.00312118255533278,-1.6802705526351929,12.6,0.0,100,GUIDED,False,STANDBY,10,6
2025-08-11T17:21:17.024681,-35.3632087,149.1653236,0.148,0.0,0.01,-0.12,0.01567457802593708,0.12999050319194794,263,3.1393308639526367,0.00312118255533278,-1.6802705526351929,12.6,0.0,100,GUIDED,False,STANDBY,10,6
2025-08-11T17:21:17.525765,-35.3632087,149.1653236,0.146,0.0,0.01,-0.12,0.015007845126092434,0.12820854783058167,263,3.1393470764160156,0.00308482744731009,-1.6808838844299316,12.6,0.0,100,GUIDED,False,STANDBY,10,6
2025-08-11T17:21:18.026836,-35.3632087,149.1653236,0.144,0.0,0.01,-0.12,0.014549767598509789,0.12673313915729523,263,3.139364004135132,0.003051169915124774,-1.6814994812011719,12.6,0.0,100,GUIDED,False,STANDBY,10,6
2025-08-11T17:21:18.527400,-35.3632087,149.1653236,0.142,0.0,0.01,-0.12,0.014171606861054897,0.12551601231098175,263,3.1393845081329346,0.0030199014581739902,-1.682126760482788,12.6,0.0,100,GUIDED,False,STANDBY,10,6
2025-08-11T17:21:19.027950,-35.3632087,149.1653236,0.14,0.0,0.01,-0.12,0.0137145621702075,0.12393900007009506,263,3.1393957138061523,0.002987696323543787,-1.6827538013458252,12.6,0.0,100,GUIDED,False,STANDBY,10,6
2025-08-11T17:21:19.528763,-35.3632087,149.1653236,0.14,0.0,0.01,-0.12,0.0137145621702075,0.12393900007009506,263,3.1393957138061523,0.002987696323543787,-1.6827538013458252,12.6,0.0,100,GUIDED,False,STANDBY,10,6
2025-08-11T17:21:20.029631,-35.3632087,149.1653236,0.137,0.0,0.01,-0.12,0.01325161848217249,0.1222844049334526,263,3.1394121646881104,0.0029569242615252733,-1.6833648681640625,12.6,0.0,100,GUIDED,False,STANDBY,10,6
2025-08-11T17:21:20.530707,-35.3632087,149.1653236,0.134,0.0,0.01,-0.12,0.012883133254945278,0.12077046930789948,263,3.139420986175537,0.002920227125287056,-1.6839855909347534,12.6,0.0,100,GUIDED,False,STANDBY,10,6
2025-08-11T17:21:21.031307,-35.3632087,149.1653236,0.133,0.0,0.01,-0.11,0.012547030113637447,0.1195511445403099,263,3.139437437057495,0.002895322162657976,-1.6846150159835815,12.6,0.0,100,GUIDED,False,STANDBY,10,6
2025-08-11T17:21:21.532246,-35.3632087,149.1653236,0.13,0.0,0.01,-0.11,0.012218134477734566,0.11805130541324615,263,3.1394529342651367,0.0028688793536275625,-1.685240387916565,12.6,0.0,100,GUIDED,False,STANDBY,10,6
2025-08-11T17:21:22.032955,-35.3632087,149.1653236,0.127,0.0,0.01,-0.11,0.011771065182983875,0.11644922941923141,263,3.139465808868408,0.00283516151830554,-1.6858571767807007,12.6,0.0,100,GUIDED,False,STANDBY,10,6
2025-08-11T17:21:22.533898,-35.3632087,149.1653236,0.127,0.0,0.01,-0.11,0.011771065182983875,0.11644922941923141,263,3.139465808868408,0.00283516151830554,-1.6858571767807007,12.6,0.0,100,GUIDED,False,STANDBY,10,6
2025-08-11T17:21:23.034779,-35.3632087,149.1653236,0.125,0.0,0.01,-0.11,0.011436664499342442,0.1149592325091362,263,3.1394779682159424,0.0028049072716385126,-1.6864750385284424,12.6,0.0,100,GUIDED,False,STANDBY,10,6
2025-08-11T17:21:23.535334,-35.3632087,149.1653236,0.122,0.0,0.0,-0.11,0.011162065900862217,0.11360549926757812,263,3.1394917964935303,0.0027813075575977564,-1.6871196031570435,12.6,0.0,100,GUIDED,False,STANDBY,10,6
2025-08-11T17:21:24.036079,-35.3632087,149.1653236,0.12,0.0,0.0,-0.11,0.010827690362930298,0.11211267113685608,263,3.139504909515381,0.0027533641550689936,-1.6877487897872925,12.6,0.0,100,GUIDED,False,STANDBY,10,6
2025-08-11T17:21:24.537048,-35.3632087,149.1653235,0.117,0.0,0.0,-0.11,0.010467900894582272,0.11060107499361038,263,3.139514684677124,0.002722301986068487,-1.6883689165115356,12.6,0.0,100,GUIDED,False,STANDBY,10,6
2025-08-11T17:21:25.037955,-35.3632087,149.1653235,0.117,0.0,0.0,-0.11,0.010467900894582272,0.11060107499361038,263,3.139514684677124,0.002722301986068487,-1.6883689165115356,12.6,0.0,100,GUIDED,False,STANDBY,10,6
2025-08-11T17:21:25.539703,-35.3632087,149.1653235,0.114,0.0,0.0,-0.1,0.01023956947028637,0.10922423005104065,263,3.139519214630127,0.002695789560675621,-1.6890027523040771,12.6,0.0,100,GUIDED,False,STANDBY,10,6
2025-08-11T17:21:26.043968,-35.3632087,149.1653235,0.112,0.0,0.0,-0.1,0.00993758998811245,0.10811260342597961,263,3.139531135559082,0.0026704377960413694,-1.6896392107009888,12.6,0.0,100,GUIDED,False,STANDBY,10,6
2025-08-11T17:21:26.545121,-35.3632087,149.1653235,0.109,0.0,0.0,-0.1,0.009638277813792229,0.10657332092523575,263,3.1395440101623535,0.002639268059283495,-1.6902704238891602,12.6,0.0,100,GUIDED,False,STANDBY,10,6
2025-08-11T17:21:27.049616,-35.3632087,149.1653235,0.109,0.0,0.0,-0.1,0.009638277813792229,0.10657332092523575,263,3.1395440101623535,0.002639268059283495,-1.6902704238891602,12.6,0.0,100,GUIDED,False,STANDBY,10,6
2025-08-11T17:21:27.550950,-35.3632087,149.1653235,0.106,0.0,0.0,-0.1,0.00933173019438982,0.10513921827077866,263,3.139552354812622,0.0026104766875505447,-1.6908941268920898,12.6,0.0,100,GUIDED,False,STANDBY,10,6
2025-08-11T17:21:28.052027,-35.3632087,149.1653235,0.104,0.0,0.0,-0.1,0.009150414727628231,0.1038130670785904,263,3.1395602226257324,0.002578394953161478,-1.691521406173706,12.6,0.0,100,GUIDED,False,STANDBY,10,6
2025-08-11T17:21:28.552934,-35.3632087,149.1653235,0.102,0.0,0.0,-0.1,0.008962349966168404,0.10276132076978683,263,3.1395668983459473,0.0025535777676850557,-1.6921663284301758,12.6,0.0,100,GUIDED,False,STANDBY,10,6
2025-08-11T17:21:29.053819,-35.3632087,149.1653235,0.102,0.0,0.0,-0.1,0.008962349966168404,0.10276132076978683,263,3.1395668983459473,0.0025535777676850557,-1.6921663284301758,12.6,0.0,100,GUIDED,False,STANDBY,10,6
2025-08-11T17:21:29.554862,-35.3632087,149.1653235,0.098,0.0,0.0,-0.1,0.00867020059376955,0.10129524767398834,263,3.1395761966705322,0.002527418779209256,-1.692797303199768,12.6,0.0,100,GUIDED,False,STANDBY,10,6
2025-08-11T17:21:30.055841,-35.3632087,149.1653235,0.096,0.0,0.0,-0.09,0.00842653401196003,0.09989412873983383,262,3.1395840644836426,0.0024997887667268515,-1.6934219598770142,12.6,0.0,100,GUIDED,False,STANDBY,10,6
2025-08-11T17:21:30.556857,-35.3632087,149.1653235,0.096,0.0,0.0,-0.09,0.00842653401196003,0.09989412873983383,262,3.1395840644836426,0.0024997887667268515,-1.6934219598770142,12.6,0.0,100,GUIDED,False,STANDBY,10,6
2025-08-11T17:21:31.057777,-35.3632087,149.1653235,0.093,0.0,0.0,-0.09,0.008271451108157635,0.09864164143800735,262,3.1396000385284424,0.0024715489707887173,-1.694056749343872,12.6,0.0,100,GUIDED,False,STANDBY,10,6
2025-08-11T17:21:31.558709,-35.3632087,149.1653235,0.091,0.0,0.0,-0.09,0.008198645897209644,0.09761771559715271,262,3.139605760574341,0.002451848704367876,-1.6946908235549927,12.6,0.0,100,GUIDED,False,STANDBY,10,6
2025-08-11T17:21:32.059654,-35.3632087,149.1653235,0.088,0.0,0.0,-0.09,0.008025101386010647,0.09625838696956635,262,3.1396148204803467,0.0024249134585261345,-1.6953246593475342,12.6,0.0,100,GUIDED,False,STANDBY,10,6
2025-08-11T17:21:32.560573,-35.3632087,149.1653235,0.085,0.0,0.0,-0.09,0.007893186993896961,0.0949329286813736,262,3.1396231651306152,0.0024079668801277876,-1.6959608793258667,12.6,0.0,100,GUIDED,False,STANDBY,10,6
2025-08-11T17:21:33.061353,-35.3632087,149.1653235,0.082,0.0,0.0,-0.09,0.007774679455906153,0.09380918741226196,262,3.1396324634552,0.0023877043277025223,-1.69659423828125,12.6,0.0,100,GUIDED,False,STANDBY,10,6
2025-08-11T17:21:33.561975,-35.3632087,149.1653235,0.082,0.0,0.0,-0.09,0.007774679455906153,0.09380918741226196,262,3.1396324634552,0.0023877043277025223,-1.69659423828125,12.6,0.0,100,GUIDED,False,STANDBY,10,6
2025-08-11T17:21:34.062951,-35.3632087,149.1653235,0.08,0.0,0.0,-0.09,0.0077011464163661,0.09282375872135162,262,3.1396448612213135,0.002369471127167344,-1.6972339153289795,12.6,0.0,100,GUIDED,False,STANDBY,10,6
2025-08-11T17:21:34.563631,-35.3632087,149.1653235,0.077,0.0,0.0,-0.09,0.007595262490212917,0.09152906388044357,262,3.139655113220215,0.0023460732772946358,-1.6978681087493896,12.6,0.0,100,GUIDED,False,STANDBY,10,6
2025-08-11T17:21:35.064499,-35.3632087,149.1653235,0.075,0.0,0.0,-0.08,0.007540383376181126,0.09029403328895569,262,3.1396613121032715,0.002323560882359743,-1.698502779006958,12.6,0.0,100,GUIDED,False,STANDBY,10,6
2025-08-11T17:21:35.565202,-35.3632087,149.1653235,0.072,0.0,0.0,-0.08,0.007466778624802828,0.08907169848680496,262,3.139679193496704,0.00230417656712234,-1.699141263961792,12.6,0.0,100,GUIDED,False,STANDBY,10,6
2025-08-11T17:21:36.065954,-35.3632087,149.1653235,0.07,0.0,0.0,-0.08,0.007628720719367266,0.08819331228733063,262,3.13969349861145,0.00228441646322608,-1.6997828483581543,12.6,0.0,100,GUIDED,False,STANDBY,10,6
2025-08-11T17:21:36.567295,-35.3632087,149.1653235,0.07,0.0,0.0,-0.08,0.007628720719367266,0.08819331228733063,262,3.13969349861145,0.00228441646322608,-1.6997828483581543,12.6,0.0,100,GUIDED,False,STANDBY,10,6
2025-08-11T17:21:37.067952,-35.3632087,149.1653235,0.067,0.0,0.0,-0.08,0.007710913196206093,0.08696308732032776,262,3.1397011280059814,0.0022597669158130884,-1.7004200220108032,12.6,0.0,100,GUIDED,False,STANDBY,10,6
2025-08-11T17:21:37.568784,-35.3632087,149.1653235,0.065,0.0,0.0,-0.08,0.007850213907659054,0.085795097053051,262,3.139709949493408,0.0022404359187930822,-1.7010551691055298,12.6,0.0,100,GUIDED,False,STANDBY,10,6
2025-08-11T17:21:38.069835,-35.3632087,149.1653235,0.062,0.0,0.0,-0.08,0.007981163449585438,0.08471900969743729,262,3.139726161956787,0.0022246611770242453,-1.7016884088516235,12.6,0.0,100,GUIDED,False,STANDBY,10,6
2025-08-11T17:21:38.570880,-35.3632087,149.1653235,0.061,0.0,0.0,-0.08,0.008188862353563309,0.08405803889036179,262,3.139737367630005,0.0022061520721763372,-1.70233952999115,12.6,0.0,100,GUIDED,False,STANDBY,10,6
2025-08-11T17:21:39.072270,-35.3632087,149.1653235,0.061,0.0,0.0,-0.08,0.008188862353563309,0.08405803889036179,262,3.139737367630005,0.0022061520721763372,-1.70233952999115,12.6,0.0,100,GUIDED,False,STANDBY,10,6
2025-08-11T17:21:39.572950,-35.3632087,149.1653235,0.058,0.0,0.0,-0.08,0.008392258547246456,0.0829588994383812,262,3.139742851257324,0.0021887319162487984,-1.7029749155044556,12.6,0.0,100,GUIDED,False,STANDBY,10,6
2025-08-11T17:21:40.073672,-35.3632087,149.1653235,0.056,0.0,0.0,-0.08,0.008516460657119751,0.08174050599336624,262,3.1397457122802734,0.0021684207022190094,-1.7036036252975464,12.6,0.0,100,GUIDED,False,STANDBY,10,6
2025-08-11T17:21:40.575132,-35.3632087,149.1653235,0.053,0.0,0.0,-0.08,0.008644993416965008,0.0806611105799675,262,3.139753580093384,0.0021502706222236156,-1.7042405605316162,12.6,0.0,100,GUIDED,False,STANDBY,10,6
2025-08-11T17:21:41.076167,-35.3632087,149.1653235,0.051,0.0,0.0,-0.07,0.0088551826775074,0.07981003820896149,262,3.139765977859497,0.002131097484380007,-1.7048795223236084,12.6,0.0,100,GUIDED,False,STANDBY,10,6
2025-08-11T17:21:41.576965,-35.3632087,149.1653235,0.051,0.0,0.0,-0.07,0.0088551826775074,0.07981003820896149,262,3.139765977859497,0.002131097484380007,-1.7048795223236084,12.6,0.0,100,GUIDED,False,STANDBY,10,6
2025-08-11T17:21:42.078053,-35.3632087,149.1653234,0.048,0.0,0.0,-0.07,0.008953055366873741,0.07870659232139587,262,3.1397762298583984,0.002119094133377075,-1.7055153846740723,12.6,0.0,100,GUIDED,False,STANDBY,10,6
2025-08-11T17:21:42.578941,-35.3632087,149.1653234,0.046,0.0,0.0,-0.07,0.009063397534191608,0.07758577913045883,262,3.139787435531616,0.002101518679410219,-1.706146001815796,12.6,0.0,100,GUIDED,False,STANDBY,10,6
2025-08-11T17:21:43.079811,-35.3632087,149.1653234,0.043,0.0,0.0,-0.07,0.009208484552800655,0.07654380053281784,262,3.1397931575775146,0.0020839141216129065,-1.706781029701233,12.6,0.0,100,GUIDED,False,STANDBY,10,6
2025-08-11T17:21:43.580839,-35.3632087,149.1653234,0.041,0.0,0.0,-0.07,0.009434211999177933,0.07577479630708694,262,3.1398048400878906,0.0020636057015508413,-1.7074156999588013,12.6,0.0,100,GUIDED,False,STANDBY,10,6
2025-08-11T17:21:44.081692,-35.3632087,149.1653234,0.041,0.0,0.0,-0.07,0.009434211999177933,0.07577479630708694,262,3.1398048400878906,0.0020636057015508413,-1.7074156999588013,12.6,0.0,100,GUIDED,False,STANDBY,10,6
2025-08-11T17:21:44.582597,-35.3632087,149.1653234,0.039,0.0,0.0,-0.07,0.009567498229444027,0.07479523122310638,262,3.13981032371521,0.002043043030425906,-1.7080495357513428,12.6,0.0,100,GUIDED,False,STANDBY,10,6
2025-08-11T17:21:45.083953,-35.3632087,149.1653234,0.036,0.0,0.0,-0.07,0.009660016745328903,0.07369838654994965,262,3.1398212909698486,0.002027965383604169,-1.708677887916565,12.6,0.0,100,GUIDED,False,STANDBY,10,6
2025-08-11T17:21:45.584940,-35.3632087,149.1653234,0.034,0.0,0.0,-0.07,0.00982679147273302,0.07270757108926773,262,3.139831066131592,0.0020047659054398537,-1.7092934846878052,12.6,0.0,100,GUIDED,False,STANDBY,10,6
2025-08-11T17:21:46.085786,-35.3632087,149.1653234,0.034,0.0,0.0,-0.07,0.00982679147273302,0.07270757108926773,262,3.139831066131592,0.0020047659054398537,-1.7092934846878052,12.6,0.0,100,GUIDED,False,STANDBY,10,6
2025-08-11T17:21:46.586695,-35.3632087,149.1653234,0.032,0.0,0.0,-0.07,0.010045681148767471,0.07206900417804718,262,3.139845371246338,0.001986540388315916,-1.709918737411499,12.6,0.0,100,GUIDED,False,STANDBY,10,6
2025-08-11T17:21:47.087556,-35.3632087,149.1653234,0.029,0.0,0.0,-0.07,0.010232428088784218,0.07106123119592667,262,3.13985538482666,0.001966443844139576,-1.7105456590652466,12.6,0.0,100,GUIDED,False,STANDBY,10,6
2025-08-11T17:21:47.587955,-35.3632087,149.1653234,0.027,0.0,0.0,-0.06,0.010411620140075684,0.07005373388528824,261,3.1398656368255615,0.0019560542423278093,-1.711166501045227,12.6,0.0,100,GUIDED,False,STANDBY,10,6
2025-08-11T17:21:48.088951,-35.3632087,149.1653234,0.027,0.0,0.0,-0.06,0.010411620140075684,0.07005373388528824,261,3.1398656368255615,0.0019560542423278093,-1.711166501045227,12.6,0.0,100,GUIDED,False,STANDBY,10,6
2025-08-11T17:21:48.589878,-35.3632087,149.1653234,0.025,0.0,0.0,-0.06,0.010631270706653595,0.06921283900737762,261,3.139878273010254,0.001942358212545514,-1.7117829322814941,12.6,0.0,100,GUIDED,False,STANDBY,10,6
2025-08-11T17:21:49.090722,-35.3632087,149.1653234,0.023,0.0,0.0,-0.06,0.010943255387246609,0.06844384968280792,261,3.139893054962158,0.0019274130463600159,-1.7123998403549194,12.6,0.0,100,GUIDED,False,STANDBY,10,6
2025-08-11T17:21:49.591574,-35.3632087,149.1653234,0.02,0.0,0.0,-0.06,0.011112307198345661,0.06755892932415009,261,3.139907121658325,0.001913566840812564,-1.7130206823349,12.6,0.0,100,GUIDED,False,STANDBY,10,6
2025-08-11T17:21:50.091964,-35.3632087,149.1653234,0.018,0.01,0.0,-0.06,0.011280686594545841,0.06652843207120895,261,3.139913320541382,0.00190029910299927,-1.7136269807815552,12.6,0.0,100,GUIDED,False,STANDBY,10,6
2025-08-11T17:21:50.592895,-35.3632087,149.1653234,0.018,0.01,0.0,-0.06,0.011280686594545841,0.06652843207120895,261,3.139913320541382,0.00190029910299927,-1.7136269807815552,12.6,0.0,100,GUIDED,False,STANDBY,10,6
2025-08-11T17:21:51.093907,-35.3632087,149.1653234,0.016,0.01,0.0,-0.06,0.011463596485555172,0.06570878624916077,261,3.139922618865967,0.0018861801363527775,-1.7142421007156372,12.6,0.0,100,GUIDED,False,STANDBY,10,6
2025-08-11T17:21:51.595272,-35.3632087,149.1653234,0.014,0.01,0.0,-0.06,0.011707913130521774,0.06502918899059296,261,3.1399335861206055,0.0018738742219284177,-1.714852213859558,12.6,0.0,100,GUIDED,False,STANDBY,10,6
2025-08-11T17:21:52.095945,-35.3632087,149.1653234,0.012,0.01,0.0,-0.06,0.01199040561914444,0.0641934871673584,261,3.139939069747925,0.0018581798067316413,-1.7154616117477417,12.6,0.0,100,GUIDED,False,STANDBY,10,6
2025-08-11T17:21:52.596950,-35.3632087,149.1653234,0.012,0.01,0.0,-0.06,0.01199040561914444,0.0641934871673584,261,3.139939069747925,0.0018581798067316413,-1.7154616117477417,12.6,0.0,100,GUIDED,False,STANDBY,10,6
2025-08-11T17:21:53.098343,-35.3632087,149.1653234,0.01,0.01,0.0,-0.06,0.012178254313766956,0.06327084451913834,261,3.1399474143981934,0.0018436646787449718,-1.7160693407058716,12.6,0.0,100,GUIDED,False,STANDBY,10,6
2025-08-11T17:21:53.599008,-35.3632087,149.1653234,0.008,0.01,0.0,-0.06,0.01234259270131588,0.06247320398688316,261,3.1399524211883545,0.0018311114981770515,-1.7166740894317627,12.6,0.0,100,GUIDED,False,STANDBY,10,6
2025-08-11T17:21:54.100007,-35.3632087,149.1653234,0.008,0.01,0.0,-0.06,0.01234259270131588,0.06247320398688316,261,3.1399524211883545,0.0018311114981770515,-1.7166740894317627,12.6,0.0,100,GUIDED,False,STANDBY,10,6
2025-08-11T17:21:54.600822,-35.3632087,149.1653234,0.006,0.01,0.0,-0.06,0.012588472105562687,0.06183181330561638,261,3.1399662494659424,0.0018153057899326086,-1.717275857925415,12.6,0.0,100,GUIDED,False,STANDBY,10,6
2025-08-11T17:21:55.101499,-35.3632087,149.1653234,0.004,0.01,0.0,-0.05,0.012851267121732235,0.06103731319308281,261,3.1399760246276855,0.0017984923906624317,-1.717875361442566,12.6,0.0,100,GUIDED,False,STANDBY,10,6
2025-08-11T17:21:55.601954,-35.3632087,149.1653234,0.004,0.01,0.0,-0.05,0.012851267121732235,0.06103731319308281,261,3.1399760246276855,0.0017984923906624317,-1.717875361442566,12.6,0.0,100,GUIDED,False,STANDBY,10,6
2025-08-11T17:21:56.102952,-35.3632087,149.1653234,0.002,0.01,0.0,-0.05,0.0129102673381567,0.060227345675230026,261,3.139979600906372,0.0017809758428484201,-1.7184633016586304,12.6,0.0,100,GUIDED,False,STANDBY,10,6
2025-08-11T17:21:56.603521,-35.3632087,149.1653234,0.0,0.01,0.0,-0.05,0.013144281692802906,0.05950779467821121,261,3.139979839324951,0.0017652184469625354,-1.7190536260604858,12.6,0.0,100,GUIDED,False,STANDBY,10,6
2025-08-11T17:21:57.103950,-35.3632087,149.1653234,-0.001,0.01,0.0,-0.05,0.013439787551760674,0.058952804654836655,261,3.139993667602539,0.0017546529415994883,-1.719649314880371,12.6,0.0,100,GUIDED,False,STANDBY,10,6
2025-08-11T17:21:57.604987,-35.3632087,149.1653234,-0.003,0.01,0.0,-0.05,0.013604693114757538,0.05826478451490402,261,3.1399989128112793,0.0017377771437168121,-1.7202391624450684,12.6,0.0,100,GUIDED,False,STANDBY,10,6
2025-08-11T17:21:58.106442,-35.3632087,149.1653234,-0.003,0.01,0.0,-0.05,0.013604693114757538,0.05826478451490402,261,3.1399989128112793,0.0017377771437168121,-1.7202391624450684,12.6,0.0,100,GUIDED,False,STANDBY,10,6
2025-08-11T17:21:58.608690,-35.3632087,149.1653234,-0.005,0.01,0.0,-0.05,0.013702236115932465,0.05744069442152977,261,3.1400022506713867,0.0017304079374298453,-1.7208257913589478,12.6,0.0,100,GUIDED,False,STANDBY,10,6
2025-08-11T17:21:59.109683,-35.3632087,149.1653234,-0.007,0.01,0.0,-0.05,0.013983474113047123,0.05675565078854561,261,3.140005111694336,0.0017243161564692855,-1.7214081287384033,12.6,0.0,100,GUIDED,False,STANDBY,10,6
2025-08-11T17:21:59.610944,-35.3632087,149.1653234,-0.009,0.01,0.0,-0.05,0.014249207451939583,0.05618121102452278,261,3.1400132179260254,0.0017148576444014907,-1.7219897508621216,12.6,0.0,100,GUIDED,False,STANDBY,10,6
2025-08-11T17:22:00.111998,-35.3632087,149.1653234,-0.009,0.01,0.0,-0.05,0.014249207451939583,0.05618121102452278,261,3.1400132179260254,0.0017148576444014907,-1.7219897508621216,12.6,0.0,100,GUIDED,False,STANDBY,10,6
2025-08-11T17:22:00.613691,-35.3632087,149.1653234,-0.011,0.01,0.0,-0.05,0.014498920179903507,0.05545293539762497,261,3.140021800994873,0.0017042143736034632,-1.7225704193115234,12.6,0.0,100,GUIDED,False,STANDBY,10,6
2025-08-11T17:22:01.114725,-35.3632087,149.1653234,-0.013,0.01,0.0,-0.05,0.01461166050285101,0.054752521216869354,261,3.1400206089019775,0.0016973477322608232,-1.7231454849243164,12.6,0.0,100,GUIDED,False,STANDBY,10,6
2025-08-11T17:22:01.616749,-35.3632087,149.1653234,-0.015,0.01,0.0,-0.05,0.014724313281476498,0.054157812148332596,261,3.1400246620178223,0.0016837308648973703,-1.7237128019332886,12.6,0.0,100,GUIDED,False,STANDBY,10,6
2025-08-11T17:22:02.119272,-35.3632087,149.1653234,-0.015,0.01,0.0,-0.05,0.014724313281476498,0.054157812148332596,261,3.1400246620178223,0.0016837308648973703,-1.7237128019332886,12.6,0.0,100,GUIDED,False,STANDBY,10,6
2025-08-11T17:22:02.620011,-35.3632087,149.1653234,-0.016,0.01,0.0,-0.05,0.014937026426196098,0.05362909659743309,261,3.140033721923828,0.0016684536822140217,-1.724282145500183,12.6,0.0,100,GUIDED,False,STANDBY,10,6
2025-08-11T17:22:03.121182,-35.3632087,149.1653234,-0.018,0.01,0.0,-0.05,0.015098057687282562,0.052955079823732376,261,3.14003849029541,0.001663682865910232,-1.7248470783233643,12.6,0.0,100,GUIDED,False,STANDBY,10,6
2025-08-11T17:22:03.621978,-35.3632087,149.1653234,-0.02,0.01,0.0,-0.05,0.015181807801127434,0.05228567123413086,261,3.1400420665740967,0.0016585729317739606,-1.725407361984253,12.6,0.0,100,GUIDED,False,STANDBY,10,6
2025-08-11T17:22:04.123958,-35.3632087,149.1653234,-0.02,0.01,0.0,-0.05,0.015181807801127434,0.05228567123413086,261,3.1400420665740967,0.0016585729317739606,-1.725407361984253,12.6,0.0,100,GUIDED,False,STANDBY,10,6
2025-08-11T17:22:04.625149,-35.3632087,149.1653234,-0.022,0.01,0.0,-0.04,0.015347183682024479,0.05167783051729202,261,3.14005446434021,0.001645702519454062,-1.7259658575057983,12.6,0.0,100,GUIDED,False,STANDBY,10,6
2025-08-11T17:22:05.127001,-35.3632087,149.1653234,-0.023,0.01,-0.01,-0.04,0.015586139634251595,0.05124197527766228,261,3.1400580406188965,0.0016384765040129423,-1.726523518562317,12.6,0.0,100,GUIDED,False,STANDBY,10,6
2025-08-11T17:22:05.627963,-35.3632087,149.1653234,-0.025,0.01,-0.01,-0.04,0.01571359671652317,0.05069349706172943,261,3.1400656700134277,0.001628227881155908,-1.7270786762237549,12.6,0.0,100,GUIDED,False,STANDBY,10,6
2025-08-11T17:22:06.129750,-35.3632087,149.1653234,-0.025,0.01,-0.01,-0.04,0.01571359671652317,0.05069349706172943,261,3.1400656700134277,0.001628227881155908,-1.7270786762237549,12.6,0.0,100,GUIDED,False,STANDBY,10,6
2025-08-11T17:22:06.631076,-35.3632087,149.1653234,-0.027,0.01,-0.01,-0.04,0.01574612222611904,0.049988359212875366,261,3.1400651931762695,0.001618576468899846,-1.7276279926300049,12.6,0.0,100,GUIDED,False,STANDBY,10,6
2025-08-11T17:22:07.132120,-35.3632087,149.1653234,-0.029,0.01,-0.01,-0.04,0.01584404520690441,0.04945913329720497,260,3.1400718688964844,0.0016097362386062741,-1.7281724214553833,12.6,0.0,100,GUIDED,False,STANDBY,10,6
2025-08-11T17:22:07.634345,-35.3632087,149.1653234,-0.03,0.01,-0.01,-0.04,0.01610090397298336,0.04906996712088585,260,3.1400749683380127,0.0015980986645445228,-1.7287170886993408,12.6,0.0,100,GUIDED,False,STANDBY,10,6
2025-08-11T17:22:08.135969,-35.3632087,149.1653234,-0.03,0.01,-0.01,-0.04,0.01610090397298336,0.04906996712088585,260,3.1400749683380127,0.0015980986645445228,-1.7287170886993408,12.6,0.0,100,GUIDED,False,STANDBY,10,6
2025-08-11T17:22:08.639337,-35.3632087,149.1653234,-0.032,0.01,-0.01,-0.04,0.016209285706281662,0.04849906265735626,260,3.140077590942383,0.0015867516631260514,-1.7292592525482178,12.6,0.0,100,GUIDED,False,STANDBY,10,6
2025-08-11T17:22:09.139976,-35.3632087,149.1653234,-0.033,0.01,-0.01,-0.04,0.016229400411248207,0.047841113060712814,260,3.140077590942383,0.0015832503559067845,-1.7297958135604858,12.6,0.0,100,GUIDED,False,STANDBY,10,6
2025-08-11T17:22:09.641277,-35.3632087,149.1653234,-0.033,0.01,-0.01,-0.04,0.016229400411248207,0.047841113060712814,260,3.140077590942383,0.0015832503559067845,-1.7297958135604858,12.6,0.0,100,GUIDED,False,STANDBY,10,6
2025-08-11T17:22:10.141978,-35.3632087,149.1653234,-0.035,0.01,-0.01,-0.04,0.016384921967983246,0.04737105220556259,260,3.1400771141052246,0.0015759073430672288,-1.73033607006073,12.6,0.0,100,GUIDED,False,STANDBY,10,6
2025-08-11T17:22:10.642977,-35.3632087,149.1653234,-0.036,0.01,-0.01,-0.04,0.016662247478961945,0.04701115936040878,260,3.140073537826538,0.0015664672246202826,-1.7308729887008667,12.6,0.0,100,GUIDED,False,STANDBY,10,6
2025-08-11T17:22:11.143970,-35.3632087,149.1653234,-0.038,0.01,-0.01,-0.04,0.016760680824518204,0.04651712253689766,260,3.14007306098938,0.001557835377752781,-1.731402039527893,12.6,0.0,100,GUIDED,False,STANDBY,10,6
2025-08-11T17:22:11.645011,-35.3632087,149.1653234,-0.039,0.01,-0.01,-0.04,0.016683023422956467,0.045942120254039764,260,3.140071392059326,0.0015537213766947389,-1.7319228649139404,12.6,0.0,100,GUIDED,False,STANDBY,10,6
2025-08-11T17:22:12.146491,-35.3632087,149.1653234,-0.039,0.01,-0.01,-0.04,0.016683023422956467,0.045942120254039764,260,3.140071392059326,0.0015537213766947389,-1.7319228649139404,12.6,0.0,100,GUIDED,False,STANDBY,10,6
2025-08-11T17:22:12.647804,-35.3632087,149.1653234,-0.041,0.01,-0.01,-0.04,0.0166849996894598,0.04548794403672218,260,3.1400725841522217,0.0015479829162359238,-1.7324464321136475,12.6,0.0,100,GUIDED,False,STANDBY,10,6
2025-08-11T17:22:13.152968,-35.3632087,149.1653234,-0.042,0.01,-0.01,-0.04,0.016820602118968964,0.04506924748420715,260,3.140073537826538,0.0015369206666946411,-1.7329678535461426,12.6,0.0,100,GUIDED,False,STANDBY,10,6
2025-08-11T17:22:13.653983,-35.3632087,149.1653234,-0.042,0.01,-0.01,-0.04,0.016820602118968964,0.04506924748420715,260,3.140073537826538,0.0015369206666946411,-1.7329678535461426,12.6,0.0,100,GUIDED,False,STANDBY,10,6
2025-08-11T17:22:14.154967,-35.3632087,149.1653234,-0.043,0.01,-0.01,-0.04,0.01691696234047413,0.04454413428902626,260,3.140084981918335,0.0015291559975594282,-1.7334814071655273,12.6,0.0,100,GUIDED,False,STANDBY,10,6
2025-08-11T17:22:14.657265,-35.3632087,149.1653234,-0.043,0.01,-0.01,-0.04,0.01691696234047413,0.04454413428902626,260,3.140084981918335,0.0015291559975594282,-1.7334814071655273,12.6,0.0,100,GUIDED,False,STANDBY,10,6
2025-08-11T17:22:15.158412,-35.3632087,149.1653234,-0.045,0.01,-0.01,-0.04,0.016952065750956535,0.04396820813417435,260,3.1400904655456543,0.0015290436567738652,-1.7339907884597778,12.6,0.0,100,GUIDED,False,STANDBY,10,6
2025-08-11T17:22:15.659966,-35.3632087,149.1653234,-0.045,0.01,-0.01,-0.04,0.016952065750956535,0.04396820813417435,260,3.1400904655456543,0.0015290436567738652,-1.7339907884597778,12.6,0.0,100,GUIDED,False,STANDBY,10,6
2025-08-11T17:22:16.161766,-35.3632087,149.1653233,-0.046,0.01,-0.01,-0.04,0.01702095754444599,0.04348118603229523,260,3.1400933265686035,0.0015262035885825753,-1.7344961166381836,12.6,0.0,100,GUIDED,False,STANDBY,10,6
2025-08-11T17:22:16.663507,-35.3632087,149.1653233,-0.046,0.01,-0.01,-0.04,0.01702095754444599,0.04348118603229523,260,3.1400933265686035,0.0015262035885825753,-1.7344961166381836,12.6,0.0,100,GUIDED,False,STANDBY,10,6
2025-08-11T17:22:17.165304,-35.3632087,149.1653233,-0.047,0.01,-0.01,-0.03,0.0172245092689991,0.04323945939540863,260,3.1401007175445557,0.0015172960702329874,-1.7349998950958252,12.6,0.0,100,GUIDED,False,STANDBY,10,6
2025-08-11T17:22:17.666516,-35.3632087,149.1653233,-0.047,0.01,-0.01,-0.03,0.0172245092689991,0.04323945939540863,260,3.1401007175445557,0.0015172960702329874,-1.7349998950958252,12.6,0.0,100,GUIDED,False,STANDBY,10,6
2025-08-11T17:22:18.169180,-35.3632087,149.1653233,-0.049,0.01,-0.01,-0.03,0.017267189919948578,0.04278694838285446,260,3.140108346939087,0.0015138315502554178,-1.7354975938796997,12.6,0.0,100,GUIDED,False,STANDBY,10,6
2025-08-11T17:22:18.670193,-35.3632087,149.1653233,-0.049,0.01,-0.01,-0.03,0.017267189919948578,0.04278694838285446,260,3.140108346939087,0.0015138315502554178,-1.7354975938796997,12.6,0.0,100,GUIDED,False,STANDBY,10,6
2025-08-11T17:22:19.171406,-35.3632087,149.1653233,-0.05,0.01,-0.01,-0.03,0.017208874225616455,0.0422452837228775,260,3.1401073932647705,0.001513045746833086,-1.7359963655471802,12.6,0.0,100,GUIDED,False,STANDBY,10,6
2025-08-11T17:22:19.672134,-35.3632087,149.1653233,-0.05,0.01,-0.01,-0.03,0.017208874225616455,0.0422452837228775,260,3.1401073932647705,0.001513045746833086,-1.7359963655471802,12.6,0.0,100,GUIDED,False,STANDBY,10,6
2025-08-11T17:22:20.173190,-35.3632087,149.1653233,-0.052,0.01,-0.01,-0.03,0.017299557104706764,0.041774190962314606,260,3.140110731124878,0.0015098332660272717,-1.7364861965179443,12.6,0.0,100,GUIDED,False,STANDBY,10,6
2025-08-11T17:22:20.674488,-35.3632087,149.1653233,-0.052,0.01,-0.01,-0.03,0.017299557104706764,0.041774190962314606,260,3.140110731124878,0.0015098332660272717,-1.7364861965179443,12.6,0.0,100,GUIDED,False,STANDBY,10,6
2025-08-11T17:22:21.175559,-35.3632087,149.1653233,-0.053,0.01,-0.01,-0.03,0.017502188682556152,0.041478320956230164,260,3.14011287689209,0.0015024581225588918,-1.7369771003723145,12.6,0.0,100,GUIDED,False,STANDBY,10,6
2025-08-11T17:22:21.676980,-35.3632087,149.1653233,-0.053,0.01,-0.01,-0.03,0.017502188682556152,0.041478320956230164,260,3.14011287689209,0.0015024581225588918,-1.7369771003723145,12.6,0.0,100,GUIDED,False,STANDBY,10,6
2025-08-11T17:22:22.178006,-35.3632087,149.1653233,-0.053,0.01,-0.01,-0.03,0.017502188682556152,0.041478320956230164,260,3.14011287689209,0.0015024581225588918,-1.7369771003723145,12.6,0.0,100,GUIDED,False,STANDBY,10,6
2025-08-11T17:22:22.679254,-35.3632087,149.1653233,-0.054,0.01,-0.01,-0.03,0.01762307435274124,0.04115943983197212,260,3.1401121616363525,0.0014943728456273675,-1.737468957901001,12.6,0.0,100,GUIDED,False,STANDBY,10,6
2025-08-11T17:22:23.180033,-35.3632087,149.1653233,-0.054,0.01,-0.01,-0.03,0.01762307435274124,0.04115943983197212,260,3.1401121616363525,0.0014943728456273675,-1.737468957901001,12.6,0.0,100,GUIDED,False,STANDBY,10,6
2025-08-11T17:22:23.680817,-35.3632087,149.1653233,-0.055,0.01,-0.01,-0.03,0.017521783709526062,0.04066116362810135,260,3.1401171684265137,0.0014870432205498219,-1.737956166267395,12.6,0.0,100,GUIDED,False,STANDBY,10,6
2025-08-11T17:22:24.181823,-35.3632087,149.1653233,-0.055,0.01,-0.01,-0.03,0.017521783709526062,0.04066116362810135,260,3.1401171684265137,0.0014870432205498219,-1.737956166267395,12.6,0.0,100,GUIDED,False,STANDBY,10,6
2025-08-11T17:22:24.683824,-35.3632087,149.1653233,-0.057,0.01,-0.01,-0.03,0.017654772847890854,0.04035048931837082,260,3.1401174068450928,0.0014824195532128215,-1.7384377717971802,12.6,0.0,100,GUIDED,False,STANDBY,10,6
2025-08-11T17:22:25.185218,-35.3632087,149.1653233,-0.057,0.01,-0.01,-0.03,0.017654772847890854,0.04035048931837082,260,3.1401174068450928,0.0014824195532128215,-1.7384377717971802,12.6,0.0,100,GUIDED,False,STANDBY,10,6
2025-08-11T17:22:25.687242,-35.3632087,149.1653233,-0.058,0.01,-0.01,-0.03,0.017830565571784973,0.040130238980054855,260,3.1401185989379883,0.0014758489560335875,-1.7389214038848877,12.6,0.0,100,GUIDED,False,STANDBY,10,6
2025-08-11T17:22:26.189024,-35.3632087,149.1653233,-0.058,0.01,-0.01,-0.03,0.017830565571784973,0.040130238980054855,260,3.1401185989379883,0.0014758489560335875,-1.7389214038848877,12.6,0.0,100,GUIDED,False,STANDBY,10,6
2025-08-11T17:22:26.692984,-35.3632087,149.1653233,-0.059,0.01,-0.01,-0.03,0.017894383519887924,0.03971058875322342,260,3.140125274658203,0.00146837520878762,-1.7394014596939087,12.6,0.0,100,GUIDED,False,STANDBY,10,6
2025-08-11T17:22:27.194578,-35.3632087,149.1653233,-0.059,0.01,-0.01,-0.03,0.017894383519887924,0.03971058875322342,260,3.140125274658203,0.00146837520878762,-1.7394014596939087,12.6,0.0,100,GUIDED,False,STANDBY,10,6
2025-08-11T17:22:27.695767,-35.3632087,149.1653233,-0.059,0.01,-0.01,-0.03,0.017894383519887924,0.03971058875322342,260,3.140125274658203,0.00146837520878762,-1.7394014596939087,12.6,0.0,100,GUIDED,False,STANDBY,10,6
2025-08-11T17:22:28.196819,-35.3632087,149.1653233,-0.06,0.01,-0.01,-0.03,0.017786100506782532,0.03920090198516846,260,3.1401262283325195,0.0014576122630387545,-1.7398693561553955,12.6,0.0,100,GUIDED,False,STANDBY,10,6
2025-08-11T17:22:28.698063,-35.3632087,149.1653233,-0.06,0.01,-0.01,-0.03,0.017786100506782532,0.03920090198516846,260,3.1401262283325195,0.0014576122630387545,-1.7398693561553955,12.6,0.0,100,GUIDED,False,STANDBY,10,6
2025-08-11T17:22:29.201207,-35.3632087,149.1653233,-0.061,0.01,-0.01,-0.03,0.017909931018948555,0.038885172456502914,260,3.1401238441467285,0.0014455555938184261,-1.7403371334075928,12.6,0.0,100,GUIDED,False,STANDBY,10,6
2025-08-11T17:22:29.701968,-35.3632087,149.1653233,-0.061,0.01,-0.01,-0.03,0.017909931018948555,0.038885172456502914,260,3.1401238441467285,0.0014455555938184261,-1.7403371334075928,12.6,0.0,100,GUIDED,False,STANDBY,10,6
2025-08-11T17:22:30.204319,-35.3632087,149.1653233,-0.062,0.01,-0.01,-0.03,0.018122436478734016,0.03866395726799965,260,3.1401259899139404,0.0014357519103214145,-1.740799903869629,12.6,0.0,100,GUIDED,False,STANDBY,10,6
2025-08-11T17:22:30.706227,-35.3632087,149.1653233,-0.062,0.01,-0.01,-0.03,0.018122436478734016,0.03866395726799965,260,3.1401259899139404,0.0014357519103214145,-1.740799903869629,12.6,0.0,100,GUIDED,False,STANDBY,10,6
2025-08-11T17:22:31.207006,-35.3632087,149.1653233,-0.062,0.01,-0.01,-0.03,0.018122436478734016,0.03866395726799965,260,3.1401259899139404,0.0014357519103214145,-1.740799903869629,12.6,0.0,100,GUIDED,False,STANDBY,10,6
2025-08-11T17:22:31.707957,-35.3632087,149.1653233,-0.063,0.01,-0.01,-0.03,0.018175596371293068,0.03830697014927864,260,3.1401259899139404,0.001430289470590651,-1.7412620782852173,12.6,0.0,100,GUIDED,False,STANDBY,10,6
2025-08-11T17:22:32.213507,-35.3632087,149.1653233,-0.065,0.01,-0.01,-0.03,0.018143460154533386,0.037913817912340164,260,3.140122413635254,0.0014272613916546106,-1.741721749305725,12.6,0.0,100,GUIDED,False,STANDBY,10,6
2025-08-11T17:22:32.716153,-35.3632087,149.1653233,-0.065,0.01,-0.01,-0.03,0.018143460154533386,0.037913817912340164,260,3.140122413635254,0.0014272613916546106,-1.741721749305725,12.6,0.0,100,GUIDED,False,STANDBY,10,6
2025-08-11T17:22:33.216956,-35.3632087,149.1653233,-0.066,0.01,-0.01,-0.03,0.018188152462244034,0.037576548755168915,260,3.14011812210083,0.0014214428374543786,-1.7421894073486328,12.6,0.0,100,GUIDED,False,STANDBY,10,6
2025-08-11T17:22:33.717958,-35.3632087,149.1653233,-0.066,0.01,-0.01,-0.03,0.018188152462244034,0.037576548755168915,260,3.14011812210083,0.0014214428374543786,-1.7421894073486328,12.6,0.0,100,GUIDED,False,STANDBY,10,6
2025-08-11T17:22:34.219083,-35.3632087,149.1653233,-0.067,0.01,-0.01,-0.03,0.0183431226760149,0.03740530461072922,260,3.1401219367980957,0.0014142493018880486,-1.7426518201828003,12.6,0.0,100,GUIDED,False,STANDBY,10,6
2025-08-11T17:22:34.720292,-35.3632087,149.1653233,-0.067,0.01,-0.01,-0.03,0.0183431226760149,0.03740530461072922,260,3.1401219367980957,0.0014142493018880486,-1.7426518201828003,12.6,0.0,100,GUIDED,False,STANDBY,10,6
2025-08-11T17:22:35.221580,-35.3632087,149.1653233,-0.068,0.01,-0.01,-0.03,0.01829013228416443,0.037013739347457886,260,3.140127658843994,0.0014067321317270398,-1.7430931329727173,12.6,0.0,100,GUIDED,False,STANDBY,10,6
2025-08-11T17:22:35.723700,-35.3632087,149.1653233,-0.068,0.01,-0.01,-0.03,0.01829013228416443,0.037013739347457886,260,3.140127658843994,0.0014067321317270398,-1.7430931329727173,12.6,0.0,100,GUIDED,False,STANDBY,10,6
2025-08-11T17:22:36.224355,-35.3632087,149.1653233,-0.069,0.01,-0.01,-0.03,0.018267672508955002,0.03663641959428787,260,3.1401257514953613,0.0014028555015102029,-1.743536114692688,12.6,0.0,100,GUIDED,False,STANDBY,10,6
2025-08-11T17:22:36.725787,-35.3632087,149.1653233,-0.069,0.01,-0.01,-0.03,0.018267672508955002,0.03663641959428787,260,3.1401257514953613,0.0014028555015102029,-1.743536114692688,12.6,0.0,100,GUIDED,False,STANDBY,10,6
2025-08-11T17:22:37.227768,-35.3632087,149.1653233,-0.07,0.01,-0.01,-0.03,0.018425045534968376,0.03644484654068947,260,3.1401286125183105,0.0013933806912973523,-1.7439833879470825,12.6,0.0,100,GUIDED,False,STANDBY,10,6
2025-08-11T17:22:37.729957,-35.3632087,149.1653233,-0.07,0.01,-0.01,-0.03,0.018425045534968376,0.03644484654068947,260,3.1401286125183105,0.0013933806912973523,-1.7439833879470825,12.6,0.0,100,GUIDED,False,STANDBY,10,6
2025-08-11T17:22:38.231560,-35.3632087,149.1653233,-0.07,0.01,-0.01,-0.03,0.018425045534968376,0.03644484654068947,260,3.1401286125183105,0.0013933806912973523,-1.7439833879470825,12.6,0.0,100,GUIDED,False,STANDBY,10,6
2025-08-11T17:22:38.733312,-35.3632087,149.1653233,-0.071,0.01,-0.01,-0.03,0.018611198291182518,0.036265093833208084,260,3.140131711959839,0.0013816331047564745,-1.7444175481796265,12.6,0.0,100,GUIDED,False,STANDBY,10,6
2025-08-11T17:22:39.234698,-35.3632087,149.1653233,-0.071,0.01,-0.01,-0.03,0.018611198291182518,0.036265093833208084,260,3.140131711959839,0.0013816331047564745,-1.7444175481796265,12.6,0.0,100,GUIDED,False,STANDBY,10,6
2025-08-11T17:22:39.736058,-35.3632087,149.1653233,-0.071,0.01,-0.01,-0.03,0.018611198291182518,0.036265093833208084,260,3.140131711959839,0.0013816331047564745,-1.7444175481796265,12.6,0.0,100,GUIDED,False,STANDBY,10,6
2025-08-11T17:22:40.237968,-35.3632087,149.1653233,-0.072,0.01,-0.01,-0.03,0.01869540475308895,0.03598492592573166,260,3.140136957168579,0.0013785589253529906,-1.7448477745056152,12.6,0.0,100,GUIDED,False,STANDBY,10,6
2025-08-11T17:22:40.740201,-35.3632087,149.1653233,-0.072,0.01,-0.01,-0.03,0.01869540475308895,0.03598492592573166,260,3.140136957168579,0.0013785589253529906,-1.7448477745056152,12.6,0.0,100,GUIDED,False,STANDBY,10,6
2025-08-11T17:22:41.241616,-35.3632087,149.1653233,-0.073,0.01,-0.01,-0.03,0.01865777000784874,0.035597458481788635,260,3.1401379108428955,0.0013712154468521476,-1.7452791929244995,12.6,0.0,100,GUIDED,False,STANDBY,10,6
2025-08-11T17:22:41.743180,-35.3632087,149.1653233,-0.073,0.01,-0.01,-0.03,0.01865777000784874,0.035597458481788635,260,3.1401379108428955,0.0013712154468521476,-1.7452791929244995,12.6,0.0,100,GUIDED,False,STANDBY,10,6
2025-08-11T17:22:42.244062,-35.3632087,149.1653233,-0.074,0.01,-0.01,-0.03,0.018817896023392677,0.035425297915935516,259,3.1401379108428955,0.0013635458890348673,-1.7457053661346436,12.6,0.0,100,GUIDED,False,STANDBY,10,6
2025-08-11T17:22:42.745321,-35.3632087,149.1653233,-0.074,0.01,-0.01,-0.03,0.018817896023392677,0.035425297915935516,259,3.1401379108428955,0.0013635458890348673,-1.7457053661346436,12.6,0.0,100,GUIDED,False,STANDBY,10,6
2025-08-11T17:22:43.247119,-35.3632087,149.1653233,-0.074,0.01,-0.01,-0.03,0.018817896023392677,0.035425297915935516,259,3.1401379108428955,0.0013635458890348673,-1.7457053661346436,12.6,0.0,100,GUIDED,False,STANDBY,10,6
2025-08-11T17:22:43.748888,-35.3632087,149.1653233,-0.074,0.01,-0.01,-0.02,0.019133560359477997,0.03534233942627907,259,3.140141487121582,0.0013515116879716516,-1.7461347579956055,12.6,0.0,100,GUIDED,False,STANDBY,10,6
2025-08-11T17:22:44.250136,-35.3632087,149.1653233,-0.074,0.01,-0.01,-0.02,0.019133560359477997,0.03534233942627907,259,3.140141487121582,0.0013515116879716516,-1.7461347579956055,12.6,0.0,100,GUIDED,False,STANDBY,10,6
2025-08-11T17:22:44.751482,-35.3632087,149.1653233,-0.075,0.01,-0.01,-0.02,0.019120117649435997,0.035050660371780396,259,3.1401453018188477,0.0013476709136739373,-1.7465574741363525,12.6,0.0,100,GUIDED,False,STANDBY,10,6
2025-08-11T17:22:45.252664,-35.3632087,149.1653233,-0.075,0.01,-0.01,-0.02,0.019120117649435997,0.035050660371780396,259,3.1401453018188477,0.0013476709136739373,-1.7465574741363525,12.6,0.0,100,GUIDED,False,STANDBY,10,6
2025-08-11T17:22:45.754520,-35.3632087,149.1653233,-0.076,0.01,-0.01,-0.02,0.019171712920069695,0.03479177877306938,259,3.140143394470215,0.0013434545835480094,-1.7469797134399414,12.6,0.0,100,GUIDED,False,STANDBY,10,6
2025-08-11T17:22:46.255548,-35.3632087,149.1653233,-0.076,0.01,-0.01,-0.02,0.019171712920069695,0.03479177877306938,259,3.140143394470215,0.0013434545835480094,-1.7469797134399414,12.6,0.0,100,GUIDED,False,STANDBY,10,6
2025-08-11T17:22:46.756999,-35.3632087,149.1653233,-0.077,0.01,-0.01,-0.02,0.01928885467350483,0.03455255180597305,259,3.140146493911743,0.0013373716501519084,-1.7473903894424438,12.6,0.0,100,GUIDED,False,STANDBY,10,6
2025-08-11T17:22:47.258797,-35.3632087,149.1653233,-0.077,0.01,-0.01,-0.02,0.01928885467350483,0.03455255180597305,259,3.140146493911743,0.0013373716501519084,-1.7473903894424438,12.6,0.0,100,GUIDED,False,STANDBY,10,6
2025-08-11T17:22:47.759953,-35.3632087,149.1653233,-0.077,0.01,-0.01,-0.02,0.01928885467350483,0.03455255180597305,259,3.140146493911743,0.0013373716501519084,-1.7473903894424438,12.6,0.0,100,GUIDED,False,STANDBY,10,6
2025-08-11T17:22:48.260978,-35.3632087,149.1653233,-0.078,0.01,-0.01,-0.02,0.019525442272424698,0.03446442633867264,259,3.1401543617248535,0.0013338926946744323,-1.7478015422821045,12.6,0.0,100,GUIDED,False,STANDBY,10,6
2025-08-11T17:22:48.762985,-35.3632087,149.1653233,-0.078,0.01,-0.01,-0.02,0.019525442272424698,0.03446442633867264,259,3.1401543617248535,0.0013338926946744323,-1.7478015422821045,12.6,0.0,100,GUIDED,False,STANDBY,10,6
2025-08-11T17:22:49.263954,-35.3632087,149.1653233,-0.079,0.01,-0.01,-0.02,0.01945546455681324,0.0341181643307209,259,3.1401560306549072,0.0013296923134475946,-1.7482047080993652,12.6,0.0,100,GUIDED,False,STANDBY,10,6
2025-08-11T17:22:49.764705,-35.3632087,149.1653233,-0.079,0.01,-0.01,-0.02,0.01945546455681324,0.0341181643307209,259,3.1401560306549072,0.0013296923134475946,-1.7482047080993652,12.6,0.0,100,GUIDED,False,STANDBY,10,6
2025-08-11T17:22:50.265967,-35.3632087,149.1653233,-0.08,0.01,-0.01,-0.02,0.01943928748369217,0.03383326157927513,259,3.1401524543762207,0.0013297621626406908,-1.748605728149414,12.6,0.0,100,GUIDED,False,STANDBY,10,6
2025-08-11T17:22:50.766818,-35.3632087,149.1653233,-0.08,0.01,-0.01,-0.02,0.01943928748369217,0.03383326157927513,259,3.1401524543762207,0.0013297621626406908,-1.748605728149414,12.6,0.0,100,GUIDED,False,STANDBY,10,6
2025-08-11T17:22:51.268100,-35.3632087,149.1653233,-0.081,0.01,-0.01,-0.02,0.01952790655195713,0.033646292984485626,259,3.140153646469116,0.0013272855430841446,-1.7490088939666748,12.6,0.0,100,GUIDED,False,STANDBY,10,6
2025-08-11T17:22:51.769235,-35.3632087,149.1653233,-0.081,0.01,-0.01,-0.02,0.01952790655195713,0.033646292984485626,259,3.140153646469116,0.0013272855430841446,-1.7490088939666748,12.6,0.0,100,GUIDED,False,STANDBY,10,6
2025-08-11T17:22:52.271904,-35.3632087,149.1653233,-0.081,0.01,-0.01,-0.02,0.019777365028858185,0.033603377640247345,259,3.1401586532592773,0.001324523356743157,-1.749407410621643,12.6,0.0,100,GUIDED,False,STANDBY,10,6
2025-08-11T17:22:52.773324,-35.3632087,149.1653233,-0.082,0.01,-0.01,-0.02,0.01967448741197586,0.033232852816581726,259,3.1401617527008057,0.0013322910526767373,-1.7497981786727905,12.6,0.0,100,GUIDED,False,STANDBY,10,6
2025-08-11T17:22:53.274280,-35.3632087,149.1653233,-0.082,0.01,-0.01,-0.02,0.01967448741197586,0.033232852816581726,259,3.1401617527008057,0.0013322910526767373,-1.7497981786727905,12.6,0.0,100,GUIDED,False,STANDBY,10,6
2025-08-11T17:22:53.775303,-35.3632087,149.1653233,-0.083,0.01,-0.01,-0.02,0.019616825506091118,0.03296720236539841,259,3.140159845352173,0.0013300549471750855,-1.750185489654541,12.6,0.0,100,GUIDED,False,STANDBY,10,6
2025-08-11T17:22:54.276342,-35.3632087,149.1653233,-0.084,0.01,-0.01,-0.02,0.019715527072548866,0.03279876336455345,259,3.1401593685150146,0.0013338470598682761,-1.750575304031372,12.6,0.0,100,GUIDED,False,STANDBY,10,6
2025-08-11T17:22:54.776962,-35.3632087,149.1653233,-0.084,0.01,-0.01,-0.02,0.01988925412297249,0.03271748498082161,259,3.140162706375122,0.0013254770310595632,-1.7509585618972778,12.6,0.0,100,GUIDED,False,STANDBY,10,6
2025-08-11T17:22:55.278170,-35.3632087,149.1653233,-0.084,0.01,-0.01,-0.02,0.01988925412297249,0.03271748498082161,259,3.140162706375122,0.0013254770310595632,-1.7509585618972778,12.6,0.0,100,GUIDED,False,STANDBY,10,6
2025-08-11T17:22:55.779481,-35.3632087,149.1653233,-0.085,0.01,-0.01,-0.02,0.019802479073405266,0.032389406114816666,259,3.1401660442352295,0.0013184307608753443,-1.7513331174850464,12.6,0.0,100,GUIDED,False,STANDBY,10,6
2025-08-11T17:22:56.279968,-35.3632087,149.1653233,-0.086,0.01,-0.01,-0.02,0.019752778112888336,0.03220235928893089,259,3.1401631832122803,0.0013120135990902781,-1.7517091035842896,12.6,0.0,100,GUIDED,False,STANDBY,10,6
2025-08-11T17:22:56.781046,-35.3632087,149.1653233,-0.086,0.01,-0.01,-0.02,0.01982433907687664,0.03196674585342407,259,3.1401636600494385,0.00131001858972013,-1.7520850896835327,12.6,0.0,100,GUIDED,False,STANDBY,10,6
2025-08-11T17:22:57.282031,-35.3632087,149.1653233,-0.086,0.01,-0.01,-0.02,0.01982433907687664,0.03196674585342407,259,3.1401636600494385,0.00131001858972013,-1.7520850896835327,12.6,0.0,100,GUIDED,False,STANDBY,10,6
2025-08-11T17:22:57.782901,-35.3632087,149.1653233,-0.087,0.01,-0.01,-0.02,0.019975028932094574,0.031895849853754044,259,3.1401731967926025,0.001300974516198039,-1.75245201587677,12.6,0.0,100,GUIDED,False,STANDBY,10,6
2025-08-11T17:22:58.283895,-35.3632087,149.1653233,-0.088,0.01,-0.01,-0.02,0.01996566355228424,0.031658198684453964,259,3.1401784420013428,0.0012998415622860193,-1.7528188228607178,12.6,0.0,100,GUIDED,False,STANDBY,10,6
2025-08-11T17:22:58.784955,-35.3632087,149.1653233,-0.088,0.01,-0.01,-0.02,0.01996566355228424,0.031658198684453964,259,3.1401784420013428,0.0012998415622860193,-1.7528188228607178,12.6,0.0,100,GUIDED,False,STANDBY,10,6
2025-08-11T17:22:59.285865,-35.3632087,149.1653233,-0.089,0.01,-0.01,-0.02,0.01987927407026291,0.03141891211271286,259,3.1401779651641846,0.0012943085748702288,-1.7531800270080566,12.6,0.0,100,GUIDED,False,STANDBY,10,6
2025-08-11T17:22:59.789967,-35.3632087,149.1653233,-0.089,0.01,-0.01,-0.02,0.02002091333270073,0.03133096545934677,259,3.1401774883270264,0.0012875673128291965,-1.7535395622253418,12.6,0.0,100,GUIDED,False,STANDBY,10,6
2025-08-11T17:23:00.290942,-35.3632087,149.1653233,-0.089,0.01,-0.01,-0.02,0.02002091333270073,0.03133096545934677,259,3.1401774883270264,0.0012875673128291965,-1.7535395622253418,12.6,0.0,100,GUIDED,False,STANDBY,10,6
2025-08-11T17:23:00.791777,-35.3632087,149.1653233,-0.09,0.01,-0.01,-0.02,0.020198926329612732,0.031265247613191605,259,3.140181303024292,0.0012793558416888118,-1.7538988590240479,12.6,0.0,100,GUIDED,False,STANDBY,10,6
2025-08-11T17:23:01.292698,-35.3632087,149.1653233,-0.09,0.01,-0.01,-0.02,0.02027551271021366,0.031093288213014603,259,3.140185832977295,0.001272565801627934,-1.7542529106140137,12.6,0.0,100,GUIDED,False,STANDBY,10,6
2025-08-11T17:23:01.793587,-35.3632087,149.1653233,-0.091,0.01,-0.01,-0.02,0.020270515233278275,0.030859891325235367,259,3.140185594558716,0.0012657928746193647,-1.7546021938323975,12.6,0.0,100,GUIDED,False,STANDBY,10,6
2025-08-11T17:23:02.294587,-35.3632087,149.1653233,-0.092,0.01,-0.01,-0.02,0.020355436950922012,0.03074907697737217,259,3.1401894092559814,0.0012649927521124482,-1.7549434900283813,12.6,0.0,100,GUIDED,False,STANDBY,10,6
2025-08-11T17:23:02.795125,-35.3632087,149.1653233,-0.092,0.01,-0.01,-0.02,0.020355436950922012,0.03074907697737217,259,3.1401894092559814,0.0012649927521124482,-1.7549434900283813,12.6,0.0,100,GUIDED,False,STANDBY,10,6
2025-08-11T17:23:03.295979,-35.3632087,149.1653233,-0.092,0.01,-0.01,-0.02,0.020619291812181473,0.03083995170891285,259,3.140192985534668,0.0012609203113242984,-1.7552865743637085,12.6,0.0,100,GUIDED,False,STANDBY,10,6
2025-08-11T17:23:03.796958,-35.3632087,149.1653233,-0.093,0.01,-0.01,-0.02,0.020548369735479355,0.030634040012955666,259,3.140199899673462,0.0012590305414050817,-1.7556266784667969,12.6,0.0,100,GUIDED,False,STANDBY,10,6
2025-08-11T17:23:04.298037,-35.3632087,149.1653233,-0.093,0.01,-0.01,-0.02,0.020548369735479355,0.030634040012955666,259,3.140199899673462,0.0012590305414050817,-1.7556266784667969,12.6,0.0,100,GUIDED,False,STANDBY,10,6
2025-08-11T17:23:04.798905,-35.3632087,149.1653233,-0.093,0.01,-0.01,-0.02,0.0205621849745512,0.030490322038531303,259,3.140195608139038,0.0012593320570886135,-1.7559587955474854,12.6,0.0,100,GUIDED,False,STANDBY,10,6
2025-08-11T17:23:05.299743,-35.3632087,149.1653233,-0.094,0.01,-0.01,-0.02,0.02065279334783554,0.030382543802261353,259,3.140195608139038,0.00126240449026227,-1.7562867403030396,12.6,0.0,100,GUIDED,False,STANDBY,10,6
2025-08-11T17:23:05.801532,-35.3632087,149.1653233,-0.094,0.01,-0.01,-0.02,0.02065279334783554,0.030382543802261353,259,3.140195608139038,0.00126240449026227,-1.7562867403030396,12.6,0.0,100,GUIDED,False,STANDBY,10,6
2025-08-11T17:23:06.302305,-35.3632087,149.1653233,-0.094,0.01,-0.01,-0.02,0.02087019756436348,0.030401645228266716,259,3.1402037143707275,0.001259185140952468,-1.756616473197937,12.6,0.0,100,GUIDED,False,STANDBY,10,6
2025-08-11T17:23:06.803038,-35.3632087,149.1653233,-0.095,0.01,-0.01,-0.02,0.020846134051680565,0.030247244983911514,259,3.1402089595794678,0.0012567485682666302,-1.7569434642791748,12.6,0.0,100,GUIDED,False,STANDBY,10,6
2025-08-11T17:23:07.304881,-35.3632087,149.1653233,-0.095,0.01,-0.01,-0.02,0.020846134051680565,0.030247244983911514,259,3.1402089595794678,0.0012567485682666302,-1.7569434642791748,12.6,0.0,100,GUIDED,False,STANDBY,10,6
2025-08-11T17:23:07.805785,-35.3632087,149.1653233,-0.096,0.01,-0.01,-0.02,0.020810076966881752,0.030036484822630882,259,3.1402127742767334,0.0012573512503877282,-1.7572718858718872,12.6,0.0,100,GUIDED,False,STANDBY,10,6
2025-08-11T17:23:08.306747,-35.3632087,149.1653233,-0.096,0.01,-0.01,-0.02,0.020810076966881752,0.030036484822630882,259,3.1402127742767334,0.0012573512503877282,-1.7572718858718872,12.6,0.0,100,GUIDED,False,STANDBY,10,6
2025-08-11T17:23:08.808569,-35.3632087,149.1653233,-0.096,0.01,-0.01,-0.02,0.02091624215245247,0.029981765896081924,259,3.1402227878570557,0.001252647372893989,-1.7575918436050415,12.6,0.0,100,GUIDED,False,STANDBY,10,6
2025-08-11T17:23:09.309284,-35.3632087,149.1653233,-0.096,0.01,-0.01,-0.02,0.02123890444636345,0.03007531352341175,259,3.140225648880005,0.0012505106860771775,-1.7579100131988525,12.6,0.0,100,GUIDED,False,STANDBY,10,6
2025-08-11T17:23:09.809963,-35.3632087,149.1653233,-0.096,0.01,-0.01,-0.02,0.02123890444636345,0.03007531352341175,259,3.140225648880005,0.0012505106860771775,-1.7579100131988525,12.6,0.0,100,GUIDED,False,STANDBY,10,6
2025-08-11T17:23:10.311143,-35.3632087,149.1653233,-0.097,0.01,-0.01,-0.02,0.02124597318470478,0.029910165816545486,259,3.140228271484375,0.0012492806417867541,-1.7582257986068726,12.6,0.0,100,GUIDED,False,STANDBY,10,6
2025-08-11T17:23:10.812170,-35.3632087,149.1653233,-0.098,0.01,-0.01,-0.02,0.02121063321828842,0.02971534989774227,259,3.1402270793914795,0.0012485493207350373,-1.7585431337356567,12.6,0.0,100,GUIDED,False,STANDBY,10,6
2025-08-11T17:23:11.314023,-35.3632087,149.1653233,-0.098,0.01,-0.01,-0.02,0.02121063321828842,0.02971534989774227,259,3.1402270793914795,0.0012485493207350373,-1.7585431337356567,12.6,0.0,100,GUIDED,False,STANDBY,10,6
2025-08-11T17:23:11.815994,-35.3632087,149.1653233,-0.098,0.01,-0.01,-0.02,0.02134295552968979,0.029670583084225655,259,3.140223741531372,0.0012520307209342718,-1.7588528394699097,12.6,0.0,100,GUIDED,False,STANDBY,10,6
2025-08-11T17:23:12.322953,-35.3632087,149.1653233,-0.098,0.01,-0.01,-0.02,0.02153005450963974,0.02974134311079979,259,3.140227794647217,0.0012535520363599062,-1.759156584739685,12.6,0.0,100,GUIDED,False,STANDBY,10,6
2025-08-11T17:23:12.823942,-35.3632087,149.1653233,-0.098,0.01,-0.01,-0.02,0.02153005450963974,0.02974134311079979,259,3.140227794647217,0.0012535520363599062,-1.759156584739685,12.6,0.0,100,GUIDED,False,STANDBY,10,6
2025-08-11T17:23:13.324808,-35.3632087,149.1653233,-0.099,0.01,-0.01,-0.02,0.021482016891241074,0.029569895938038826,259,3.140228033065796,0.0012494970578700304,-1.759454607963562,12.6,0.0,100,GUIDED,False,STANDBY,10,6
2025-08-11T17:23:13.825922,-35.3632087,149.1653233,-0.099,0.01,-0.01,-0.02,0.02146691456437111,0.029412534087896347,259,3.1402220726013184,0.0012448900379240513,-1.7597553730010986,12.6,0.0,100,GUIDED,False,STANDBY,10,6
2025-08-11T17:23:14.326876,-35.3632087,149.1653233,-0.1,0.01,-0.01,-0.01,0.021536650136113167,0.029379449784755707,259,3.140218496322632,0.0012445197207853198,-1.7600573301315308,12.6,0.0,100,GUIDED,False,STANDBY,10,6
2025-08-11T17:23:14.827741,-35.3632087,149.1653233,-0.1,0.01,-0.01,-0.01,0.021536650136113167,0.029379449784755707,259,3.140218496322632,0.0012445197207853198,-1.7600573301315308,12.6,0.0,100,GUIDED,False,STANDBY,10,6
2025-08-11T17:23:15.328991,-35.3632087,149.1653233,-0.1,0.01,-0.01,-0.01,0.0215997826308012,0.029359521344304085,259,3.1402230262756348,0.0012380287516862154,-1.7603507041931152,12.6,0.0,100,GUIDED,False,STANDBY,10,6
2025-08-11T17:23:15.829959,-35.3632087,149.1653233,-0.101,0.01,-0.01,-0.01,0.02151273749768734,0.02919415570795536,259,3.1402294635772705,0.0012398926774039865,-1.760641098022461,12.6,0.0,100,GUIDED,False,STANDBY,10,6
2025-08-11T17:23:16.330884,-35.3632087,149.1653233,-0.101,0.01,-0.01,-0.01,0.02151273749768734,0.02919415570795536,259,3.1402294635772705,0.0012398926774039865,-1.760641098022461,12.6,0.0,100,GUIDED,False,STANDBY,10,6
2025-08-11T17:23:16.831791,-35.3632087,149.1653233,-0.101,0.01,-0.01,-0.01,0.02142738178372383,0.0290082897990942,259,3.1402273178100586,0.0012419511331245303,-1.7609360218048096,12.6,0.0,100,GUIDED,False,STANDBY,10,6
2025-08-11T17:23:17.332829,-35.3632087,149.1653233,-0.101,0.01,-0.01,-0.01,0.02142738178372383,0.0290082897990942,259,3.1402273178100586,0.0012419511331245303,-1.7609360218048096,12.6,0.0,100,GUIDED,False,STANDBY,10,6
2025-08-11T17:23:17.833953,-35.3632087,149.1653233,-0.101,0.01,-0.01,-0.01,0.021488690748810768,0.028969071805477142,259,3.140233278274536,0.0012421105057001114,-1.761214017868042,12.6,0.0,100,GUIDED,False,STANDBY,10,6
2025-08-11T17:23:18.334871,-35.3632087,149.1653233,-0.102,0.01,-0.01,-0.01,0.021680403500795364,0.02906452678143978,259,3.1402392387390137,0.0012397188693284988,-1.761504054069519,12.6,0.0,100,GUIDED,False,STANDBY,10,6
2025-08-11T17:23:18.835845,-35.3632087,149.1653233,-0.102,0.01,-0.01,-0.01,0.021618809551000595,0.028833847492933273,259,3.1402413845062256,0.0012330581666901708,-1.7617772817611694,12.6,0.0,100,GUIDED,False,STANDBY,10,6
2025-08-11T17:23:19.336864,-35.3632087,149.1653233,-0.102,0.01,-0.01,-0.01,0.021618809551000595,0.028833847492933273,259,3.1402413845062256,0.0012330581666901708,-1.7617772817611694,12.6,0.0,100,GUIDED,False,STANDBY,10,6
2025-08-11T17:23:19.837795,-35.3632087,149.1653233,-0.102,0.01,-0.01,-0.01,0.021553630009293556,0.028629086911678314,259,3.1402406692504883,0.001236974960193038,-1.7620562314987183,12.6,0.0,100,GUIDED,False,STANDBY,10,6
2025-08-11T17:23:20.338884,-35.3632087,149.1653233,-0.103,0.01,-0.01,-0.01,0.02157466486096382,0.028513416647911072,259,3.140240430831909,0.0012333659688010812,-1.7623295783996582,12.6,0.0,100,GUIDED,False,STANDBY,10,6
2025-08-11T17:23:20.839667,-35.3632087,149.1653233,-0.103,0.01,-0.01,-0.01,0.021752364933490753,0.028608079999685287,259,3.1402416229248047,0.0012263645185157657,-1.7626032829284668,12.6,0.0,100,GUIDED,False,STANDBY,10,6
2025-08-11T17:23:21.340824,-35.3632087,149.1653233,-0.103,0.01,-0.01,-0.01,0.021752364933490753,0.028608079999685287,259,3.140239715576172,0.0012217172188684344,-1.7628740072250366,12.6,0.0,100,GUIDED,False,STANDBY,10,6
2025-08-11T17:23:21.842004,-35.3632087,149.1653233,-0.104,0.01,-0.01,-0.01,0.02161300741136074,0.02838769555091858,259,3.140239715576172,0.0012217172188684344,-1.7628740072250366,12.6,0.0,100,GUIDED,False,STANDBY,10,6
2025-08-11T17:23:22.342960,-35.3632087,149.1653233,-0.104,0.01,-0.01,-0.01,0.021457931026816368,0.028142767027020454,258,3.140235185623169,0.0012210666900500655,-1.7631361484527588,12.6,0.0,100,GUIDED,False,STANDBY,10,6
2025-08-11T17:23:22.843960,-35.3632087,149.1653233,-0.104,0.01,-0.01,-0.01,0.021613480523228645,0.028130101040005684,258,3.140240430831909,0.0012175791198387742,-1.7634027004241943,12.6,0.0,100,GUIDED,False,STANDBY,10,6
2025-08-11T17:23:23.344956,-35.3632087,149.1653233,-0.104,0.01,-0.01,-0.01,0.021793875843286514,0.02820800617337227,258,3.1402392387390137,0.0012105554342269897,-1.7636611461639404,12.6,0.0,100,GUIDED,False,STANDBY,10,6
2025-08-11T17:23:23.845852,-35.3632087,149.1653233,-0.104,0.01,-0.01,-0.01,0.021793875843286514,0.02820800617337227,258,3.1402392387390137,0.0012105554342269897,-1.7636611461639404,12.6,0.0,100,GUIDED,False,STANDBY,10,6
2025-08-11T17:23:24.346962,-35.3632087,149.1653233,-0.105,0.01,-0.01,-0.01,0.021717863157391548,0.028027964755892754,258,3.1402344703674316,0.0012066906783729792,-1.7639127969741821,12.6,0.0,100,GUIDED,False,STANDBY,10,6
2025-08-11T17:23:24.847990,-35.3632087,149.1653233,-0.105,0.01,-0.01,-0.01,0.021600723266601562,0.027846720069646835,258,3.1402292251586914,0.0012160853948444128,-1.7641669511795044,12.6,0.0,100,GUIDED,False,STANDBY,10,6
2025-08-11T17:23:25.348938,-35.3632087,149.1653233,-0.105,0.01,-0.01,-0.01,0.021600723266601562,0.027846720069646835,258,3.1402292251586914,0.0012160853948444128,-1.7641669511795044,12.6,0.0,100,GUIDED,False,STANDBY,10,6
2025-08-11T17:23:25.850395,-35.3632087,149.1653233,-0.106,0.01,-0.01,-0.01,0.02170228399336338,0.027889229357242584,258,3.140225648880005,0.001214989461004734,-1.7644109725952148,12.6,0.0,100,GUIDED,False,STANDBY,10,6
2025-08-11T17:23:26.350948,-35.3632087,149.1653233,-0.106,0.01,-0.01,-0.01,0.021793048828840256,0.027914972975850105,258,3.1402292251586914,0.0012118751183152199,-1.7646616697311401,12.6,0.0,100,GUIDED,False,STANDBY,10,6
2025-08-11T17:23:26.852068,-35.3632087,149.1653233,-0.106,0.01,-0.01,-0.01,0.021793048828840256,0.027914972975850105,258,3.1402292251586914,0.0012118751183152199,-1.7646616697311401,12.6,0.0,100,GUIDED,False,STANDBY,10,6
2025-08-11T17:23:27.353008,-35.3632087,149.1653233,-0.106,0.01,-0.01,-0.01,0.02169274352490902,0.027674393728375435,258,3.1402299404144287,0.0012115449644625187,-1.7649025917053223,12.6,0.0,100,GUIDED,False,STANDBY,10,6
2025-08-11T17:23:27.854669,-35.3632087,149.1653233,-0.106,0.01,-0.01,-0.01,0.02156100980937481,0.027451656758785248,258,3.1402227878570557,0.0012061151210218668,-1.765148401260376,12.6,0.0,100,GUIDED,False,STANDBY,10,6
2025-08-11T17:23:28.355146,-35.3632087,149.1653233,-0.107,0.01,-0.01,-0.01,0.02159280888736248,0.02741941809654236,258,3.1402218341827393,0.0012011416256427765,-1.7653852701187134,12.6,0.0,100,GUIDED,False,STANDBY,10,6
2025-08-11T17:23:28.855982,-35.3632087,149.1653233,-0.107,0.01,-0.01,-0.01,0.02159280888736248,0.02741941809654236,258,3.1402218341827393,0.0012011416256427765,-1.7653852701187134,12.6,0.0,100,GUIDED,False,STANDBY,10,6
2025-08-11T17:23:29.356954,-35.3632087,149.1653233,-0.107,0.01,-0.01,-0.01,0.021786214783787727,0.02753305993974209,258,3.140221118927002,0.0011930918553844094,-1.765626311302185,12.6,0.0,100,GUIDED,False,STANDBY,10,6
2025-08-11T17:23:29.858057,-35.3632087,149.1653233,-0.107,0.01,-0.01,-0.01,0.02170098014175892,0.027381589636206627,258,3.1402225494384766,0.0011887896107509732,-1.7658593654632568,12.6,0.0,100,GUIDED,False,STANDBY,10,6
2025-08-11T17:23:30.359702,-35.3632087,149.1653233,-0.107,0.01,-0.01,-0.01,0.021784069016575813,0.02739061415195465,258,3.1402251720428467,0.0011943945428356528,-1.7660913467407227,12.6,0.0,100,GUIDED,False,STANDBY,10,6
2025-08-11T17:23:30.860683,-35.3632087,149.1653233,-0.107,0.01,-0.01,-0.01,0.021784069016575813,0.02739061415195465,258,3.1402251720428467,0.0011943945428356528,-1.7660913467407227,12.6,0.0,100,GUIDED,False,STANDBY,10,6
2025-08-11T17:23:31.361220,-35.3632087,149.1653233,-0.108,0.01,-0.01,-0.01,0.02177906036376953,0.02726694382727146,258,3.1402182579040527,0.0011918050004169345,-1.7663227319717407,12.6,0.0,100,GUIDED,False,STANDBY,10,6
2025-08-11T17:23:31.861973,-35.3632087,149.1653233,-0.108,0.01,-0.01,-0.01,0.021878322586417198,0.027279740199446678,258,3.14021635055542,0.001183333108201623,-1.7665530443191528,12.6,0.0,100,GUIDED,False,STANDBY,10,6
2025-08-11T17:23:32.362962,-35.3632087,149.1653233,-0.108,0.01,-0.01,-0.01,0.02181175723671913,0.027153722941875458,258,3.1402199268341064,0.0011800434440374374,-1.7667710781097412,12.6,0.0,100,GUIDED,False,STANDBY,10,6
2025-08-11T17:23:32.864932,-35.3632087,149.1653233,-0.108,0.01,-0.01,-0.01,0.02181175723671913,0.027153722941875458,258,3.1402199268341064,0.0011800434440374374,-1.7667710781097412,12.6,0.0,100,GUIDED,False,STANDBY,10,6
2025-08-11T17:23:33.368274,-35.3632087,149.1653233,-0.109,0.01,-0.01,-0.01,0.02178071439266205,0.027004260569810867,258,3.1402149200439453,0.001178672187961638,-1.7669994831085205,12.6,0.0,100,GUIDED,False,STANDBY,10,6
2025-08-11T17:23:33.868938,-35.3632087,149.1653233,-0.109,0.01,-0.01,-0.01,0.02178071439266205,0.027004260569810867,258,3.1402149200439453,0.001178672187961638,-1.7669994831085205,12.6,0.0,100,GUIDED,False,STANDBY,10,6
2025-08-11T17:23:34.369792,-35.3632087,149.1653233,-0.109,0.01,-0.01,-0.01,0.021779758855700493,0.026921015232801437,258,3.1402158737182617,0.0011808429844677448,-1.7672176361083984,12.6,0.0,100,GUIDED,False,STANDBY,10,6
2025-08-11T17:23:34.870280,-35.3632087,149.1653233,-0.109,0.01,-0.01,-0.01,0.021943435072898865,0.027020735666155815,258,3.1402125358581543,0.00117479485925287,-1.767440915107727,12.6,0.0,100,GUIDED,False,STANDBY,10,6
2025-08-11T17:23:35.370991,-35.3632087,149.1653233,-0.109,0.01,-0.01,-0.01,0.02188880182802677,0.026922613382339478,258,3.140211582183838,0.0011710148537531495,-1.767661452293396,12.6,0.0,100,GUIDED,False,STANDBY,10,6
2025-08-11T17:23:35.871971,-35.3632087,149.1653233,-0.109,0.01,-0.01,-0.01,0.02188880182802677,0.026922613382339478,258,3.140211582183838,0.0011710148537531495,-1.767661452293396,12.6,0.0,100,GUIDED,False,STANDBY,10,6
2025-08-11T17:23:36.373149,-35.3632087,149.1653233,-0.11,0.01,-0.01,-0.01,0.021727826446294785,0.026677798479795456,258,3.1402087211608887,0.001173074939288199,-1.7678848505020142,12.6,0.0,100,GUIDED,False,STANDBY,10,6
2025-08-11T17:23:36.873948,-35.3632087,149.1653233,-0.11,0.01,-0.01,-0.01,0.02169439196586609,0.0265626460313797,258,3.1402063369750977,0.0011695876019075513,-1.7680913209915161,12.6,0.0,100,GUIDED,False,STANDBY,10,6
2025-08-11T17:23:37.374979,-35.3632087,149.1653233,-0.11,0.01,-0.01,-0.01,0.02169439196586609,0.0265626460313797,258,3.1402063369750977,0.0011695876019075513,-1.7680913209915161,12.6,0.0,100,GUIDED,False,STANDBY,10,6
2025-08-11T17:23:37.875953,-35.3632087,149.1653233,-0.11,0.01,-0.01,-0.01,0.021786214783787727,0.02654716558754444,258,3.140212059020996,0.0011724175419658422,-1.7683048248291016,12.6,0.0,100,GUIDED,False,STANDBY,10,6
2025-08-11T17:23:38.377121,-35.3632087,149.1653233,-0.11,0.01,-0.01,-0.01,0.021786214783787727,0.02654716558754444,258,3.140212059020996,0.0011724175419658422,-1.7683048248291016,12.6,0.0,100,GUIDED,False,STANDBY,10,6
2025-08-11T17:23:38.878068,-35.3632087,149.1653233,-0.11,0.01,-0.01,-0.01,0.021786214783787727,0.02654716558754444,258,3.140212059020996,0.0011724175419658422,-1.7683048248291016,12.6,0.0,100,GUIDED,False,STANDBY,10,6
2025-08-11T17:23:39.378991,-35.3632087,149.1653233,-0.11,0.01,-0.01,-0.01,0.021823709830641747,0.026451032608747482,258,3.140214681625366,0.0011668037623167038,-1.7685221433639526,12.6,0.0,100,GUIDED,False,STANDBY,10,6
2025-08-11T17:23:39.879658,-35.3632087,149.1653233,-0.111,0.01,-0.01,-0.01,0.02172190323472023,0.02627001889050007,258,3.140216827392578,0.0011661970056593418,-1.768724799156189,12.6,0.0,100,GUIDED,False,STANDBY,10,6
2025-08-11T17:23:40.380584,-35.3632087,149.1653233,-0.111,0.01,-0.01,-0.01,0.02172190323472023,0.02627001889050007,258,3.140216827392578,0.0011661970056593418,-1.768724799156189,12.6,0.0,100,GUIDED,False,STANDBY,10,6
2025-08-11T17:23:40.881702,-35.3632087,149.1653233,-0.111,0.01,-0.01,-0.01,0.021643873304128647,0.026140835136175156,258,3.140225887298584,0.0011666343780234456,-1.7689334154129028,12.6,0.0,100,GUIDED,False,STANDBY,10,6
2025-08-11T17:23:41.382740,-35.3632087,149.1653233,-0.111,0.01,-0.01,-0.01,0.021643873304128647,0.026140835136175156,258,3.140225887298584,0.0011666343780234456,-1.7689334154129028,12.6,0.0,100,GUIDED,False,STANDBY,10,6
2025-08-11T17:23:41.883753,-35.3632087,149.1653233,-0.111,0.01,-0.01,-0.01,0.021912002936005592,0.026284990832209587,258,3.1402225494384766,0.0011650436790660024,-1.7691301107406616,12.6,0.0,100,GUIDED,False,STANDBY,10,6
2025-08-11T17:23:42.384839,-35.3632087,149.1653233,-0.111,0.01,-0.01,-0.01,0.021912002936005592,0.026284990832209587,258,3.1402225494384766,0.0011650436790660024,-1.7691301107406616,12.6,0.0,100,GUIDED,False,STANDBY,10,6
2025-08-11T17:23:42.886186,-35.3632087,149.1653233,-0.112,0.01,-0.01,-0.01,0.021871250122785568,0.02615968883037567,258,3.1402223110198975,0.0011606472544372082,-1.7693322896957397,12.6,0.0,100,GUIDED,False,STANDBY,10,6
2025-08-11T17:23:43.387352,-35.3632087,149.1653233,-0.112,0.01,-0.01,-0.01,0.0217825248837471,0.026023974642157555,258,3.140223503112793,0.001163833192549646,-1.7695255279541016,12.6,0.0,100,GUIDED,False,STANDBY,10,6
2025-08-11T17:23:43.887964,-35.3632087,149.1653233,-0.112,0.01,-0.01,-0.01,0.0217825248837471,0.026023974642157555,258,3.140223503112793,0.001163833192549646,-1.7695255279541016,12.6,0.0,100,GUIDED,False,STANDBY,10,6
2025-08-11T17:23:44.389002,-35.3632087,149.1653233,-0.112,0.01,-0.01,-0.01,0.021983060985803604,0.026133505627512932,258,3.1402273178100586,0.001159545499831438,-1.7697241306304932,12.6,0.0,100,GUIDED,False,STANDBY,10,6
2025-08-11T17:23:44.889954,-35.3632087,149.1653233,-0.112,0.01,-0.01,-0.01,0.021983060985803604,0.026133505627512932,258,3.1402273178100586,0.001159545499831438,-1.7697241306304932,12.6,0.0,100,GUIDED,False,STANDBY,10,6
2025-08-11T17:23:45.390848,-35.3632087,149.1653233,-0.112,0.01,-0.01,-0.01,0.022193584591150284,0.02624288573861122,258,3.1402342319488525,0.0011493449565023184,-1.7699140310287476,12.6,0.0,100,GUIDED,False,STANDBY,10,6
2025-08-11T17:23:45.891803,-35.3632087,149.1653233,-0.112,0.01,-0.01,-0.01,0.02218419313430786,0.026169005781412125,258,3.1402344703674316,0.001144780428148806,-1.7701013088226318,12.6,0.0,100,GUIDED,False,STANDBY,10,6
2025-08-11T17:23:46.392951,-35.3632087,149.1653233,-0.112,0.01,-0.01,-0.01,0.02218419313430786,0.026169005781412125,258,3.1402344703674316,0.001144780428148806,-1.7701013088226318,12.6,0.0,100,GUIDED,False,STANDBY,10,6
2025-08-11T17:23:46.893847,-35.3632087,149.1653233,-0.113,0.01,-0.01,-0.01,0.021998241543769836,0.025929005816578865,258,3.140232801437378,0.0011483179405331612,-1.7702975273132324,12.6,0.0,100,GUIDED,False,STANDBY,10,6
2025-08-11T17:23:47.394958,-35.3632087,149.1653233,-0.113,0.01,-0.01,-0.01,0.022164171561598778,0.02603343315422535,258,3.1402406692504883,0.0011459841625764966,-1.770483374595642,12.6,0.0,100,GUIDED,False,STANDBY,10,6
2025-08-11T17:23:47.895779,-35.3632087,149.1653233,-0.113,0.01,-0.01,-0.01,0.022461293265223503,0.02622661553323269,258,3.140244960784912,0.0011395479086786509,-1.7706694602966309,12.6,0.0,100,GUIDED,False,STANDBY,10,6
2025-08-11T17:23:48.397617,-35.3632087,149.1653233,-0.113,0.01,-0.01,-0.01,0.022387923672795296,0.026081334799528122,258,3.140251398086548,0.001135665806941688,-1.770850419998169,12.6,0.0,100,GUIDED,False,STANDBY,10,6
2025-08-11T17:23:48.898451,-35.3632087,149.1653233,-0.113,0.01,-0.01,-0.01,0.022387923672795296,0.026081334799528122,258,3.140251398086548,0.001135665806941688,-1.770850419998169,12.6,0.0,100,GUIDED,False,STANDBY,10,6
2025-08-11T17:23:49.400027,-35.3632087,149.1653233,-0.114,0.01,-0.01,-0.01,0.022318782284855843,0.02589443512260914,258,3.1402430534362793,0.0011400997173041105,-1.771022915840149,12.6,0.0,100,GUIDED,False,STANDBY,10,6
2025-08-11T17:23:49.900988,-35.3632087,149.1653233,-0.114,0.01,-0.01,-0.01,0.022452661767601967,0.025910114869475365,258,3.1402454376220703,0.00113965873606503,-1.7712018489837646,12.6,0.0,100,GUIDED,False,STANDBY,10,6
2025-08-11T17:23:50.402085,-35.3632087,149.1653233,-0.114,0.01,-0.01,-0.01,0.022452661767601967,0.025910114869475365,258,3.1402454376220703,0.00113965873606503,-1.7712018489837646,12.6,0.0,100,GUIDED,False,STANDBY,10,6
2025-08-11T17:23:50.902987,-35.3632087,149.1653233,-0.114,0.01,-0.01,-0.01,0.022663671523332596,0.026082467287778854,258,3.140249013900757,0.001131368102505803,-1.7713723182678223,12.6,0.0,100,GUIDED,False,STANDBY,10,6
2025-08-11T17:23:51.403947,-35.3632087,149.1653233,-0.114,0.01,-0.01,-0.01,0.022679496556520462,0.026040630415081978,258,3.1402499675750732,0.0011281819315627217,-1.7715415954589844,12.6,0.0,100,GUIDED,False,STANDBY,10,6
2025-08-11T17:23:51.904851,-35.3632087,149.1653233,-0.114,0.01,-0.01,-0.01,0.02259751595556736,0.025919165462255478,258,3.1402485370635986,0.0011287359520792961,-1.7717150449752808,12.6,0.0,100,GUIDED,False,STANDBY,10,6
2025-08-11T17:23:52.405712,-35.3632087,149.1653233,-0.114,0.01,-0.01,-0.01,0.02259751595556736,0.025919165462255478,258,3.1402485370635986,0.0011287359520792961,-1.7717150449752808,12.6,0.0,100,GUIDED,False,STANDBY,10,6
2025-08-11T17:23:52.906614,-35.3632087,149.1653233,-0.115,0.01,-0.01,-0.01,0.0226742010563612,0.025958044454455376,258,3.140247344970703,0.0011252730619162321,-1.7718825340270996,12.6,0.0,100,GUIDED,False,STANDBY,10,6
2025-08-11T17:23:53.407358,-35.3632087,149.1653233,-0.115,0.01,-0.01,-0.01,0.02291794866323471,0.02612956054508686,258,3.1402463912963867,0.0011219506850466132,-1.7720515727996826,12.6,0.0,100,GUIDED,False,STANDBY,10,6
2025-08-11T17:23:53.908043,-35.3632087,149.1653233,-0.115,0.01,-0.01,-0.01,0.02291794866323471,0.02612956054508686,258,3.1402463912963867,0.0011219506850466132,-1.7720515727996826,12.6,0.0,100,GUIDED,False,STANDBY,10,6
2025-08-11T17:23:54.408951,-35.3632087,149.1653233,-0.115,0.01,-0.01,-0.01,0.02277448959648609,0.025895889848470688,258,3.140244722366333,0.0011212023673579097,-1.7722103595733643,12.6,0.0,100,GUIDED,False,STANDBY,10,6
2025-08-11T17:23:54.909942,-35.3632087,149.1653233,-0.115,0.01,-0.01,-0.01,0.02274227887392044,0.025790981948375702,258,3.140242099761963,0.0011220445157960057,-1.7723780870437622,12.6,0.0,100,GUIDED,False,STANDBY,10,6
2025-08-11T17:23:55.410828,-35.3632087,149.1653233,-0.115,0.01,-0.01,-0.01,0.02274227887392044,0.025790981948375702,258,3.140242099761963,0.0011220445157960057,-1.7723780870437622,12.6,0.0,100,GUIDED,False,STANDBY,10,6
2025-08-11T17:23:55.911964,-35.3632087,149.1653233,-0.116,0.01,-0.01,-0.01,0.022815613076090813,0.02582375705242157,258,3.140235662460327,0.0011209013173356652,-1.77254056930542,12.6,0.0,100,GUIDED,False,STANDBY,10,6
2025-08-11T17:23:56.412950,-35.3632087,149.1653233,-0.116,0.01,-0.01,-0.01,0.02294362336397171,0.025902552530169487,258,3.140240430831909,0.001113297650590539,-1.772708535194397,12.6,0.0,100,GUIDED,False,STANDBY,10,6
2025-08-11T17:23:56.913953,-35.3632087,149.1653233,-0.116,0.01,-0.01,-0.01,0.02294362336397171,0.025902552530169487,258,3.140240430831909,0.001113297650590539,-1.772708535194397,12.6,0.0,100,GUIDED,False,STANDBY,10,6
2025-08-11T17:23:57.415018,-35.3632087,149.1653233,-0.116,0.01,-0.01,-0.01,0.022754710167646408,0.025611458346247673,258,3.1402416229248047,0.0011159754358232021,-1.7728601694107056,12.6,0.0,100,GUIDED,False,STANDBY,10,6
2025-08-11T17:23:57.915978,-35.3632087,149.1653233,-0.116,0.01,-0.01,-0.01,0.02270456589758396,0.025525882840156555,258,3.140242099761963,0.0011130589991807938,-1.7730191946029663,12.6,0.0,100,GUIDED,False,STANDBY,10,6
2025-08-11T17:23:58.417011,-35.3632087,149.1653233,-0.116,0.01,-0.01,-0.01,0.0227348655462265,0.025504961609840393,258,3.1402430534362793,0.0011157450499013066,-1.7731702327728271,12.6,0.0,100,GUIDED,False,STANDBY,10,6
2025-08-11T17:23:58.917966,-35.3632087,149.1653233,-0.116,0.01,-0.01,-0.01,0.0227348655462265,0.025504961609840393,258,3.1402430534362793,0.0011157450499013066,-1.7731702327728271,12.6,0.0,100,GUIDED,False,STANDBY,10,6
2025-08-11T17:23:59.418939,-35.3632087,149.1653233,-0.117,0.01,-0.01,-0.01,0.023034242913126945,0.025741107761859894,258,3.1402549743652344,0.0011094885412603617,-1.7733227014541626,12.6,0.0,100,GUIDED,False,STANDBY,10,6
2025-08-11T17:23:59.920268,-35.3632087,149.1653233,-0.117,0.01,-0.01,-0.01,0.023132024332880974,0.02575838752090931,258,3.140249013900757,0.0011110384948551655,-1.7734674215316772,12.6,0.0,100,GUIDED,False,STANDBY,10,6
2025-08-11T17:24:00.421170,-35.3632087,149.1653233,-0.117,0.01,-0.01,-0.01,0.02298358827829361,0.025550944730639458,258,3.140244245529175,0.0011154238600283861,-1.7736196517944336,12.6,0.0,100,GUIDED,False,STANDBY,10,6
2025-08-11T17:24:00.921952,-35.3632087,149.1653233,-0.117,0.01,-0.01,-0.01,0.023039981722831726,0.025535861030220985,258,3.140239953994751,0.001108348136767745,-1.7737648487091064,12.6,0.0,100,GUIDED,False,STANDBY,10,6
2025-08-11T17:24:01.422773,-35.3632087,149.1653233,-0.117,0.01,-0.01,-0.01,0.023039981722831726,0.025535861030220985,258,3.140239953994751,0.001108348136767745,-1.7737648487091064,12.6,0.0,100,GUIDED,False,STANDBY,10,6
2025-08-11T17:24:01.923574,-35.3632087,149.1653233,-0.117,0.01,-0.01,-0.01,0.02324260026216507,0.02565479837357998,258,3.1402475833892822,0.001102509326301515,-1.7739077806472778,12.6,0.0,100,GUIDED,False,STANDBY,10,6
2025-08-11T17:24:02.423936,-35.3632087,149.1653233,-0.118,0.01,-0.01,-0.01,0.023165052756667137,0.02552729658782482,258,3.140246629714966,0.001098708133213222,-1.774048924446106,12.6,0.0,100,GUIDED,False,STANDBY,10,6
2025-08-11T17:24:02.924696,-35.3632087,149.1653233,-0.118,0.01,-0.01,-0.01,0.02308051288127899,0.025359762832522392,258,3.140242576599121,0.0010997788049280643,-1.7741948366165161,12.6,0.0,100,GUIDED,False,STANDBY,10,6
2025-08-11T17:24:03.425559,-35.3632087,149.1653233,-0.118,0.01,-0.01,-0.01,0.023043449968099594,0.025244347751140594,258,3.1402480602264404,0.0011006107088178396,-1.7743325233459473,12.6,0.0,100,GUIDED,False,STANDBY,10,6
2025-08-11T17:24:03.925961,-35.3632087,149.1653233,-0.118,0.01,-0.01,-0.01,0.023043449968099594,0.025244347751140594,258,3.1402480602264404,0.0011006107088178396,-1.7743325233459473,12.6,0.0,100,GUIDED,False,STANDBY,10,6
2025-08-11T17:24:04.426952,-35.3632087,149.1653233,-0.118,0.01,-0.01,-0.01,0.023166706785559654,0.025278365239501,258,3.1402485370635986,0.0010986310662701726,-1.774477243423462,12.6,0.0,100,GUIDED,False,STANDBY,10,6
2025-08-11T17:24:04.927934,-35.3632087,149.1653233,-0.119,0.01,-0.01,0.0,0.02321639470756054,0.025237318128347397,258,3.1402535438537598,0.0010943930828943849,-1.774609088897705,12.6,0.0,100,GUIDED,False,STANDBY,10,6
2025-08-11T17:24:05.428648,-35.3632087,149.1653233,-0.119,0.01,-0.01,0.0,0.02321639470756054,0.025237318128347397,258,3.1402535438537598,0.0010943930828943849,-1.774609088897705,12.6,0.0,100,GUIDED,False,STANDBY,10,6
2025-08-11T17:24:05.929698,-35.3632087,149.1653233,-0.119,0.01,-0.01,0.0,0.023104729130864143,0.025049177929759026,258,3.140251874923706,0.0011024679988622665,-1.7747522592544556,12.6,0.0,100,GUIDED,False,STANDBY,10,6
2025-08-11T17:24:06.430594,-35.3632087,149.1653233,-0.119,0.01,-0.01,0.0,0.02313227951526642,0.025001978501677513,258,3.1402556896209717,0.0011007569264620543,-1.7748794555664062,12.6,0.0,100,GUIDED,False,STANDBY,10,6
2025-08-11T17:24:06.931828,-35.3632087,149.1653233,-0.12,0.01,-0.01,0.0,0.023224741220474243,0.025043921545147896,258,3.140261650085449,0.0011003384133800864,-1.7750153541564941,12.6,0.0,100,GUIDED,False,STANDBY,10,6
2025-08-11T17:24:07.433004,-35.3632087,149.1653233,-0.12,0.01,-0.01,0.0,0.023224741220474243,0.025043921545147896,258,3.140261650085449,0.0011003384133800864,-1.7750153541564941,12.6,0.0,100,GUIDED,False,STANDBY,10,6
2025-08-11T17:24:07.933954,-35.3632087,149.1653233,-0.12,0.01,-0.01,0.0,0.02323545515537262,0.025020048022270203,258,3.140260696411133,0.0010928893461823463,-1.7751439809799194,12.6,0.0,100,GUIDED,False,STANDBY,10,6
2025-08-11T17:24:08.434963,-35.3632087,149.1653233,-0.12,0.01,-0.01,0.0,0.02323545515537262,0.025020048022270203,258,3.140260696411133,0.0010928893461823463,-1.7751439809799194,12.6,0.0,100,GUIDED,False,STANDBY,10,6
2025-08-11T17:24:08.935945,-35.3632087,149.1653233,-0.12,0.01,-0.01,0.0,0.023058904334902763,0.024794727563858032,258,3.1402645111083984,0.0010987402638420463,-1.775273323059082,12.6,0.0,100,GUIDED,False,STANDBY,10,6
2025-08-11T17:24:09.437625,-35.3632087,149.1653233,-0.12,0.01,-0.01,0.0,0.023111090064048767,0.024765493348240852,258,3.140261650085449,0.0010973074240610003,-1.7753949165344238,12.6,0.0,100,GUIDED,False,STANDBY,10,6
2025-08-11T17:24:09.939668,-35.3632087,149.1653233,-0.12,0.01,-0.01,0.0,0.023111090064048767,0.024765493348240852,258,3.140261650085449,0.0010973074240610003,-1.7753949165344238,12.6,0.0,100,GUIDED,False,STANDBY,10,6
2025-08-11T17:24:10.440625,-35.3632087,149.1653233,-0.121,0.01,-0.01,0.0,0.023282773792743683,0.024869389832019806,258,3.1402676105499268,0.001089613069780171,-1.7755192518234253,12.6,0.0,100,GUIDED,False,STANDBY,10,6
2025-08-11T17:24:10.942005,-35.3632087,149.1653233,-0.121,0.01,-0.01,0.0,0.023282410576939583,0.02484300173819065,258,3.1402735710144043,0.001088628894649446,-1.7756386995315552,12.6,0.0,100,GUIDED,False,STANDBY,10,6
2025-08-11T17:24:11.443615,-35.3632087,149.1653233,-0.121,0.01,-0.01,0.0,0.023282410576939583,0.02484300173819065,258,3.1402735710144043,0.001088628894649446,-1.7756386995315552,12.6,0.0,100,GUIDED,False,STANDBY,10,6
2025-08-11T17:24:11.944551,-35.3632087,149.1653233,-0.121,0.01,-0.01,0.0,0.023263314738869667,0.024766402319073677,258,3.1402747631073,0.0010927006369456649,-1.7757624387741089,12.6,0.0,100,GUIDED,False,STANDBY,10,6
2025-08-11T17:24:12.445593,-35.3632087,149.1653233,-0.122,0.01,-0.01,0.0,0.023266121745109558,0.024734724313020706,258,3.1402769088745117,0.0010914579033851624,-1.7758779525756836,12.6,0.0,100,GUIDED,False,STANDBY,10,6
2025-08-11T17:24:12.946679,-35.3632087,149.1653233,-0.122,0.01,-0.01,0.0,0.023519253358244896,0.024929337203502655,258,3.1402807235717773,0.0010864614741876721,-1.7759981155395508,12.6,0.0,100,GUIDED,False,STANDBY,10,6
2025-08-11T17:24:13.447423,-35.3632087,149.1653233,-0.122,0.01,-0.01,0.0,0.023519253358244896,0.024929337203502655,258,3.1402807235717773,0.0010864614741876721,-1.7759981155395508,12.6,0.0,100,GUIDED,False,STANDBY,10,6
2025-08-11T17:24:13.948793,-35.3632087,149.1653233,-0.122,0.01,-0.01,0.0,0.023524831980466843,0.02487756870687008,258,3.140284538269043,0.001084440853446722,-1.7761086225509644,12.6,0.0,100,GUIDED,False,STANDBY,10,6
2025-08-11T17:24:14.449801,-35.3632087,149.1653233,-0.122,0.01,-0.01,0.0,0.02347383089363575,0.024759413674473763,258,3.140285015106201,0.0010874668369069695,-1.776225209236145,12.6,0.0,100,GUIDED,False,STANDBY,10,6
2025-08-11T17:24:14.951953,-35.3632087,149.1653233,-0.123,0.01,-0.01,0.0,0.023473208770155907,0.024694319814443588,258,3.140280246734619,0.001086962758563459,-1.7763358354568481,12.6,0.0,100,GUIDED,False,STANDBY,10,6
2025-08-11T17:24:15.452975,-35.3632087,149.1653233,-0.123,0.01,-0.01,0.0,0.023473208770155907,0.024694319814443588,258,3.140280246734619,0.001086962758563459,-1.7763358354568481,12.6,0.0,100,GUIDED,False,STANDBY,10,6
2025-08-11T17:24:15.953952,-35.3632087,149.1653233,-0.123,0.01,-0.01,0.0,0.02367524616420269,0.02483125403523445,258,3.1402792930603027,0.001082796254195273,-1.776444435119629,12.6,0.0,100,GUIDED,False,STANDBY,10,6
2025-08-11T17:24:16.454392,-35.3632087,149.1653233,-0.123,0.01,-0.01,0.0,0.02357366308569908,0.02468850463628769,258,3.1402792930603027,0.0010853235144168139,-1.7765462398529053,12.6,0.0,100,GUIDED,False,STANDBY,10,6
2025-08-11T17:24:16.955349,-35.3632087,149.1653233,-0.123,0.01,-0.01,0.0,0.023528797551989555,0.02460363693535328,258,3.1402785778045654,0.001088012009859085,-1.7766562700271606,12.6,0.0,100,GUIDED,False,STANDBY,10,6
2025-08-11T17:24:17.455954,-35.3632087,149.1653233,-0.124,0.01,-0.01,0.0,0.023602750152349472,0.024621812626719475,258,3.14027738571167,0.0010872017592191696,-1.7767585515975952,12.6,0.0,100,GUIDED,False,STANDBY,10,6
2025-08-11T17:24:17.956706,-35.3632087,149.1653233,-0.124,0.01,-0.01,0.0,0.023602750152349472,0.024621812626719475,258,3.14027738571167,0.0010872017592191696,-1.7767585515975952,12.6,0.0,100,GUIDED,False,STANDBY,10,6
2025-08-11T17:24:18.457411,-35.3632087,149.1653233,-0.124,0.01,-0.01,0.0,0.023743368685245514,0.02469790354371071,258,3.1402857303619385,0.0010843512136489153,-1.7768666744232178,12.6,0.0,100,GUIDED,False,STANDBY,10,6
2025-08-11T17:24:18.958201,-35.3632087,149.1653233,-0.124,0.01,-0.01,0.0,0.02372010052204132,0.024643022567033768,258,3.1402883529663086,0.0010799822630360723,-1.7769619226455688,12.6,0.0,100,GUIDED,False,STANDBY,10,6
2025-08-11T17:24:19.459458,-35.3632087,149.1653233,-0.125,0.01,-0.01,0.0,0.02366243302822113,0.024536408483982086,258,3.1402857303619385,0.0010812574764713645,-1.7770633697509766,12.6,0.0,100,GUIDED,False,STANDBY,10,6
2025-08-11T17:24:19.959959,-35.3632087,149.1653233,-0.125,0.01,-0.01,0.0,0.02374301850795746,0.024585673585534096,258,3.1402904987335205,0.0010795097332447767,-1.7771567106246948,12.6,0.0,100,GUIDED,False,STANDBY,10,6
2025-08-11T17:24:20.460954,-35.3632087,149.1653233,-0.125,0.01,-0.01,0.0,0.02384459786117077,0.024631913751363754,258,3.1402957439422607,0.0010770075023174286,-1.777255892753601,12.6,0.0,100,GUIDED,False,STANDBY,10,6
2025-08-11T17:24:20.961805,-35.3632087,149.1653233,-0.125,0.01,-0.01,0.0,0.02384459786117077,0.024631913751363754,258,3.1402957439422607,0.0010770075023174286,-1.777255892753601,12.6,0.0,100,GUIDED,False,STANDBY,10,6
2025-08-11T17:24:21.462450,-35.3632087,149.1653233,-0.125,0.01,-0.01,0.0,0.023838961496949196,0.02457442507147789,258,3.1402981281280518,0.0010824091732501984,-1.7773346900939941,12.6,0.0,100,GUIDED,False,STANDBY,10,6
2025-08-11T17:24:21.962945,-35.3632087,149.1653233,-0.126,0.01,-0.01,0.0,0.023712897673249245,0.02440718375146389,258,3.1402883529663086,0.0010888116667047143,-1.7774288654327393,12.6,0.0,100,GUIDED,False,STANDBY,10,6
2025-08-11T17:24:22.463848,-35.3632087,149.1653233,-0.126,0.01,-0.01,0.0,0.02374923601746559,0.02438388764858246,258,3.1402883529663086,0.0010935529135167599,-1.7775142192840576,12.6,0.0,100,GUIDED,False,STANDBY,10,6
2025-08-11T17:24:22.964698,-35.3632087,149.1653233,-0.126,0.01,-0.01,0.0,0.02386411465704441,0.024463828653097153,258,3.140286922454834,0.0010913506848737597,-1.7776027917861938,12.6,0.0,100,GUIDED,False,STANDBY,10,6
2025-08-11T17:24:23.465387,-35.3632087,149.1653233,-0.126,0.01,-0.01,0.0,0.02386411465704441,0.024463828653097153,258,3.140286922454834,0.0010913506848737597,-1.7776027917861938,12.6,0.0,100,GUIDED,False,STANDBY,10,6
2025-08-11T17:24:23.966029,-35.3632087,149.1653233,-0.127,0.01,-0.01,0.0,0.023861458525061607,0.024423332884907722,258,3.1402971744537354,0.001090017962269485,-1.7776888608932495,12.6,0.0,100,GUIDED,False,STANDBY,10,6
2025-08-11T17:24:24.467006,-35.3632087,149.1653233,-0.127,0.01,-0.01,0.0,0.023650258779525757,0.024200279265642166,258,3.1402974128723145,0.0010922059882432222,-1.777779221534729,12.6,0.0,100,GUIDED,False,STANDBY,10,6
2025-08-11T17:24:24.967970,-35.3632087,149.1653233,-0.127,0.01,-0.01,0.0,0.023663420230150223,0.024156011641025543,258,3.1402995586395264,0.001095989253371954,-1.777858018875122,12.6,0.0,100,GUIDED,False,STANDBY,10,6
2025-08-11T17:24:25.469039,-35.3632087,149.1653233,-0.127,0.01,-0.01,0.0,0.023663420230150223,0.024156011641025543,258,3.1402995586395264,0.001095989253371954,-1.777858018875122,12.6,0.0,100,GUIDED,False,STANDBY,10,6
2025-08-11T17:24:25.970172,-35.3632087,149.1653233,-0.128,0.01,-0.01,0.0,0.023835686966776848,0.024297263473272324,258,3.1402969360351562,0.0010942892404273152,-1.777942419052124,12.6,0.0,100,GUIDED,False,STANDBY,10,6
2025-08-11T17:24:26.470989,-35.3632087,149.1653233,-0.128,0.01,-0.01,0.0,0.02383285202085972,0.024273790419101715,258,3.1402955055236816,0.0010868220124393702,-1.778023362159729,12.6,0.0,100,GUIDED,False,STANDBY,10,6
2025-08-11T17:24:26.973217,-35.3632087,149.1653233,-0.128,0.01,-0.01,0.0,0.023650551214814186,0.024070316925644875,258,3.1402881145477295,0.001085228635929525,-1.7781038284301758,12.6,0.0,100,GUIDED,False,STANDBY,10,6
2025-08-11T17:24:27.473946,-35.3632087,149.1653233,-0.128,0.01,-0.01,0.0,0.023650551214814186,0.024070316925644875,258,3.1402881145477295,0.001085228635929525,-1.7781038284301758,12.6,0.0,100,GUIDED,False,STANDBY,10,6
2025-08-11T17:24:27.974317,-35.3632087,149.1653233,-0.129,0.01,-0.01,0.0,0.023684129118919373,0.02406664565205574,258,3.140287399291992,0.0010885559022426605,-1.7781786918640137,12.6,0.0,100,GUIDED,False,STANDBY,10,6
2025-08-11T17:24:28.475509,-35.3632087,149.1653233,-0.129,0.01,-0.01,0.0,0.023869210854172707,0.024226920679211617,258,3.140289545059204,0.001085816533304751,-1.778253197669983,12.6,0.0,100,GUIDED,False,STANDBY,10,6
2025-08-11T17:24:28.975960,-35.3632087,149.1653233,-0.129,0.01,-0.01,0.0,0.023822732269763947,0.024157386273145676,258,3.1402862071990967,0.0010816032299771905,-1.7783199548721313,12.6,0.0,100,GUIDED,False,STANDBY,10,6
2025-08-11T17:24:29.476925,-35.3632087,149.1653233,-0.129,0.01,-0.01,0.0,0.023744337260723114,0.02404470555484295,258,3.1402812004089355,0.0010863752104341984,-1.7783920764923096,12.6,0.0,100,GUIDED,False,STANDBY,10,6
2025-08-11T17:24:29.977951,-35.3632087,149.1653233,-0.129,0.01,-0.01,0.0,0.023744337260723114,0.02404470555484295,258,3.1402812004089355,0.0010863752104341984,-1.7783920764923096,12.6,0.0,100,GUIDED,False,STANDBY,10,6
2025-08-11T17:24:30.478944,-35.3632087,149.1653233,-0.13,0.01,-0.01,0.0,0.02363324724137783,0.02390154078602791,258,3.1402790546417236,0.0010882802307605743,-1.7784572839736938,12.6,0.0,100,GUIDED,False,STANDBY,10,6
2025-08-11T17:24:30.979970,-35.3632087,149.1653233,-0.13,0.01,-0.01,0.0,0.02376977726817131,0.024009903892874718,258,3.1402745246887207,0.0010817626025527716,-1.7785248756408691,12.6,0.0,100,GUIDED,False,STANDBY,10,6
2025-08-11T17:24:31.481060,-35.3632087,149.1653233,-0.13,0.01,-0.01,0.0,0.023714495822787285,0.0239372868090868,258,3.140275239944458,0.0010773080866783857,-1.7785884141921997,12.6,0.0,100,GUIDED,False,STANDBY,10,6
2025-08-11T17:24:31.981960,-35.3632087,149.1653233,-0.131,0.01,-0.01,0.0,0.023604480549693108,0.023808158934116364,258,3.1402716636657715,0.0010783543111756444,-1.7786582708358765,12.6,0.0,100,GUIDED,False,STANDBY,10,6
2025-08-11T17:24:32.482948,-35.3632087,149.1653233,-0.131,0.01,-0.01,0.0,0.023640766739845276,0.023826532065868378,258,3.1402640342712402,0.0010779618751257658,-1.7787184715270996,12.6,0.0,100,GUIDED,False,STANDBY,10,6
2025-08-11T17:24:32.985046,-35.3632087,149.1653233,-0.131,0.01,-0.01,0.0,0.023640766739845276,0.023826532065868378,258,3.1402640342712402,0.0010779618751257658,-1.7787184715270996,12.6,0.0,100,GUIDED,False,STANDBY,10,6
2025-08-11T17:24:33.485974,-35.3632087,149.1653233,-0.131,0.01,-0.02,0.0,0.02384079433977604,0.024006886407732964,258,3.1402645111083984,0.0010803879704326391,-1.778786301612854,12.6,0.0,100,GUIDED,False,STANDBY,10,6
2025-08-11T17:24:33.987935,-35.3632087,149.1653233,-0.132,0.01,-0.02,0.0,0.023804983124136925,0.023954113945364952,258,3.140267848968506,0.0010843051131814718,-1.7788434028625488,12.6,0.0,100,GUIDED,False,STANDBY,10,6
2025-08-11T17:24:34.488647,-35.3632087,149.1653233,-0.132,0.01,-0.01,0.0,0.02358650416135788,0.023706883192062378,258,3.140268564224243,0.0010900843190029263,-1.7789108753204346,12.6,0.0,100,GUIDED,False,STANDBY,10,6
2025-08-11T17:24:34.989581,-35.3632087,149.1653233,-0.132,0.01,-0.01,0.0,0.023555124178528786,0.023654358461499214,258,3.140263080596924,0.0010900510242208838,-1.7789666652679443,12.6,0.0,100,GUIDED,False,STANDBY,10,6
2025-08-11T17:24:35.490649,-35.3632087,149.1653233,-0.132,0.01,-0.01,0.0,0.023555124178528786,0.023654358461499214,258,3.140263080596924,0.0010900510242208838,-1.7789666652679443,12.6,0.0,100,GUIDED,False,STANDBY,10,6
2025-08-11T17:24:35.991602,-35.3632087,149.1653233,-0.133,0.01,-0.01,0.0,0.023669477552175522,0.023750634863972664,258,3.1402645111083984,0.0010841984767466784,-1.7790275812149048,12.6,0.0,100,GUIDED,False,STANDBY,10,6
2025-08-11T17:24:36.492712,-35.3632087,149.1653233,-0.133,0.01,-0.01,0.0,0.023537637665867805,0.023600760847330093,258,3.140265941619873,0.001091290032491088,-1.7790753841400146,12.6,0.0,100,GUIDED,False,STANDBY,10,6
2025-08-11T17:24:36.995157,-35.3632087,149.1653233,-0.133,0.01,-0.01,0.0,0.023313509300351143,0.02336357906460762,258,3.14026141166687,0.0010945294052362442,-1.7791316509246826,12.6,0.0,100,GUIDED,False,STANDBY,10,6
2025-08-11T17:24:37.496119,-35.3632087,149.1653233,-0.134,0.01,-0.01,0.0,0.02327871508896351,0.023312998935580254,258,3.140263319015503,0.001097127329558134,-1.7791756391525269,12.6,0.0,100,GUIDED,False,STANDBY,10,6
2025-08-11T17:24:37.996973,-35.3632087,149.1653233,-0.134,0.01,-0.01,0.0,0.02327871508896351,0.023312998935580254,258,3.140263319015503,0.001097127329558134,-1.7791756391525269,12.6,0.0,100,GUIDED,False,STANDBY,10,6
2025-08-11T17:24:38.499174,-35.3632087,149.1653233,-0.134,0.01,-0.01,0.0,0.023442057892680168,0.023465562611818314,258,3.140265703201294,0.0011005318956449628,-1.7792292833328247,12.6,0.0,100,GUIDED,False,STANDBY,10,6
2025-08-11T17:24:39.003544,-35.3632087,149.1653233,-0.134,0.01,-0.01,0.0,0.023442057892680168,0.023465562611818314,258,3.140265703201294,0.0011005318956449628,-1.7792292833328247,12.6,0.0,100,GUIDED,False,STANDBY,10,6
2025-08-11T17:24:39.504963,-35.3632087,149.1653233,-0.134,0.01,-0.01,0.0,0.02333647757768631,0.023353196680545807,258,3.1402699947357178,0.001092819613404572,-1.779269814491272,12.6,0.0,100,GUIDED,False,STANDBY,10,6
2025-08-11T17:24:40.006301,-35.3632087,149.1653233,-0.134,0.01,-0.01,0.0,0.02333647757768631,0.023353196680545807,258,3.1402699947357178,0.001092819613404572,-1.779269814491272,12.6,0.0,100,GUIDED,False,STANDBY,10,6
2025-08-11T17:24:40.508879,-35.3632087,149.1653233,-0.134,0.01,-0.01,0.0,0.02333647757768631,0.023353196680545807,258,3.1402699947357178,0.001092819613404572,-1.779269814491272,12.6,0.0,100,GUIDED,False,STANDBY,10,6
2025-08-11T17:24:41.009863,-35.3632087,149.1653233,-0.135,0.01,-0.01,0.0,0.023194171488285065,0.023206738755106926,258,3.140267848968506,0.0010997087229043245,-1.779319167137146,12.6,0.0,100,GUIDED,False,STANDBY,10,6
2025-08-11T17:24:41.510934,-35.3632087,149.1653233,-0.135,0.01,-0.01,0.0,0.023194171488285065,0.023206738755106926,258,3.140267848968506,0.0010997087229043245,-1.779319167137146,12.6,0.0,100,GUIDED,False,STANDBY,10,6
2025-08-11T17:24:42.013943,-35.3632087,149.1653233,-0.135,0.01,-0.01,0.0,0.02314438857138157,0.023152677342295647,258,3.1402645111083984,0.0011031804606318474,-1.7793530225753784,12.6,0.0,100,GUIDED,False,STANDBY,10,6
2025-08-11T17:24:42.514439,-35.3632087,149.1653233,-0.135,0.01,-0.01,0.0,0.02314438857138157,0.023152677342295647,258,3.1402645111083984,0.0011031804606318474,-1.7793530225753784,12.6,0.0,100,GUIDED,False,STANDBY,10,6
2025-08-11T17:24:43.015322,-35.3632087,149.1653233,-0.136,0.01,-0.01,0.0,0.023262230679392815,0.023267192766070366,258,3.1402692794799805,0.0010920928325504065,-1.7793962955474854,12.6,0.0,100,GUIDED,False,STANDBY,10,6
2025-08-11T17:24:43.515964,-35.3632087,149.1653233,-0.136,0.01,-0.01,0.0,0.02328553795814514,0.023288071155548096,258,3.140275239944458,0.001089729368686676,-1.7794346809387207,12.6,0.0,100,GUIDED,False,STANDBY,10,6
2025-08-11T17:24:44.016557,-35.3632087,149.1653233,-0.136,0.01,-0.01,0.0,0.02318304032087326,0.023183578625321388,258,3.1402699947357178,0.001092788646928966,-1.7794729471206665,12.6,0.0,100,GUIDED,False,STANDBY,10,6
2025-08-11T17:24:44.518063,-35.3632087,149.1653233,-0.136,0.01,-0.01,0.0,0.02318304032087326,0.023183578625321388,258,3.1402699947357178,0.001092788646928966,-1.7794729471206665,12.6,0.0,100,GUIDED,False,STANDBY,10,6
2025-08-11T17:24:45.018975,-35.3632087,149.1653233,-0.137,0.01,-0.01,0.0,0.02322155050933361,0.023221589624881744,258,3.140270948410034,0.00109395245090127,-1.779505968093872,12.6,0.0,100,GUIDED,False,STANDBY,10,6
2025-08-11T17:24:45.520234,-35.3632087,149.1653233,-0.137,0.01,-0.01,0.0,0.02333638444542885,0.02333786152303219,258,3.1402714252471924,0.0010855133878067136,-1.7795450687408447,12.6,0.0,100,GUIDED,False,STANDBY,10,6
2025-08-11T17:24:46.020948,-35.3632087,149.1653233,-0.137,0.01,-0.01,0.0,0.02342175878584385,0.023426175117492676,258,3.1402769088745117,0.0010826901998370886,-1.7795755863189697,12.6,0.0,100,GUIDED,False,STANDBY,10,6
2025-08-11T17:24:46.521765,-35.3632087,149.1653233,-0.138,0.01,-0.01,0.0,0.02329469844698906,0.02330571413040161,258,3.140273332595825,0.0010846294462680817,-1.77961266040802,12.6,0.0,100,GUIDED,False,STANDBY,10,6
2025-08-11T17:24:47.022496,-35.3632087,149.1653233,-0.138,0.01,-0.01,0.0,0.02329469844698906,0.02330571413040161,258,3.140273332595825,0.0010846294462680817,-1.77961266040802,12.6,0.0,100,GUIDED,False,STANDBY,10,6
2025-08-11T17:24:47.522977,-35.3632087,149.1653233,-0.138,0.01,-0.01,0.0,0.023353928700089455,0.02337154746055603,258,3.140270948410034,0.0010874239960685372,-1.7796368598937988,12.6,0.0,100,GUIDED,False,STANDBY,10,6
2025-08-11T17:24:48.023965,-35.3632087,149.1653233,-0.138,0.01,-0.01,0.0,0.023353928700089455,0.02337154746055603,258,3.140270948410034,0.0010874239960685372,-1.7796368598937988,12.6,0.0,100,GUIDED,False,STANDBY,10,6
2025-08-11T17:24:48.524944,-35.3632087,149.1653233,-0.138,0.01,-0.01,0.0,0.023600073531270027,0.023626094684004784,258,3.1402714252471924,0.001087885582819581,-1.7796659469604492,12.6,0.0,100,GUIDED,False,STANDBY,10,6
2025-08-11T17:24:49.025854,-35.3632087,149.1653233,-0.139,0.01,-0.01,0.0,0.02356116846203804,0.023594558238983154,258,3.1402745246887207,0.001083897426724434,-1.779691457748413,12.6,0.0,100,GUIDED,False,STANDBY,10,6
2025-08-11T17:24:49.526937,-35.3632087,149.1653233,-0.139,0.01,-0.01,0.0,0.02356116846203804,0.023594558238983154,258,3.1402745246887207,0.001083897426724434,-1.779691457748413,12.6,0.0,100,GUIDED,False,STANDBY,10,6
2025-08-11T17:24:50.027493,-35.3632087,149.1653233,-0.139,0.01,-0.01,0.0,0.023455362766981125,0.02350177988409996,258,3.1402714252471924,0.0010908320546150208,-1.7797173261642456,12.6,0.0,100,GUIDED,False,STANDBY,10,6
2025-08-11T17:24:50.528536,-35.3632087,149.1653233,-0.139,0.01,-0.01,0.0,0.023455362766981125,0.02350177988409996,258,3.1402714252471924,0.0010908320546150208,-1.7797173261642456,12.6,0.0,100,GUIDED,False,STANDBY,10,6
2025-08-11T17:24:51.029511,-35.3632087,149.1653233,-0.139,0.01,-0.01,0.0,0.023471973836421967,0.02352876588702202,258,3.140270948410034,0.0010929177515208721,-1.779736042022705,12.6,0.0,100,GUIDED,False,STANDBY,10,6
2025-08-11T17:24:51.530690,-35.3632087,149.1653233,-0.14,0.01,-0.01,0.0,0.023647703230381012,0.023716988041996956,258,3.140275239944458,0.0010924777016043663,-1.7797660827636719,12.6,0.0,100,GUIDED,False,STANDBY,10,6
2025-08-11T17:24:52.031986,-35.3632087,149.1653233,-0.14,0.01,-0.01,0.0,0.023647703230381012,0.023716988041996956,258,3.140275239944458,0.0010924777016043663,-1.7797660827636719,12.6,0.0,100,GUIDED,False,STANDBY,10,6
2025-08-11T17:24:52.532970,-35.3632087,149.1653233,-0.14,0.01,-0.01,0.0,0.023583419620990753,0.02366793341934681,258,3.140277862548828,0.001086581265553832,-1.7797831296920776,12.6,0.0,100,GUIDED,False,STANDBY,10,6
2025-08-11T17:24:53.033715,-35.3632087,149.1653233,-0.141,0.01,-0.01,0.0,0.02342510223388672,0.023532019928097725,258,3.140272378921509,0.0010897641768679023,-1.7797986268997192,12.6,0.0,100,GUIDED,False,STANDBY,10,6
2025-08-11T17:24:53.534609,-35.3632087,149.1653233,-0.141,0.01,-0.01,0.0,0.02342510223388672,0.023532019928097725,258,3.140272378921509,0.0010897641768679023,-1.7797986268997192,12.6,0.0,100,GUIDED,False,STANDBY,10,6
2025-08-11T17:24:54.035588,-35.3632087,149.1653233,-0.141,0.01,-0.01,0.0,0.02342326194047928,0.023548435419797897,258,3.140268325805664,0.001087362295947969,-1.779808759689331,12.6,0.0,100,GUIDED,False,STANDBY,10,6
2025-08-11T17:24:54.536505,-35.3632087,149.1653233,-0.141,0.01,-0.01,0.0,0.023622961714863777,0.023769570514559746,258,3.1402759552001953,0.001082698698155582,-1.7798280715942383,12.6,0.0,100,GUIDED,False,STANDBY,10,6
2025-08-11T17:24:55.037211,-35.3632087,149.1653233,-0.141,0.01,-0.01,0.0,0.023622961714863777,0.023769570514559746,258,3.1402759552001953,0.001082698698155582,-1.7798280715942383,12.6,0.0,100,GUIDED,False,STANDBY,10,6
2025-08-11T17:24:55.537984,-35.3632087,149.1653233,-0.142,0.01,-0.01,0.0,0.02367657795548439,0.023842139169573784,258,3.1402812004089355,0.0010808520019054413,-1.7798393964767456,12.6,0.0,100,GUIDED,False,STANDBY,10,6
2025-08-11T17:24:56.038980,-35.3632087,149.1653233,-0.142,0.01,-0.01,0.0,0.023563483729958534,0.02376055158674717,258,3.1402688026428223,0.001086747390218079,-1.77985417842865,12.6,0.0,100,GUIDED,False,STANDBY,10,6
2025-08-11T17:24:56.539952,-35.3632087,149.1653233,-0.142,0.01,-0.01,0.0,0.023540906608104706,0.023772435262799263,258,3.1402647495269775,0.001082472037523985,-1.7798583507537842,12.6,0.0,100,GUIDED,False,STANDBY,10,6
2025-08-11T17:24:57.040303,-35.3632087,149.1653233,-0.143,0.01,-0.01,0.0,0.02363693341612816,0.023899203166365623,258,3.1402640342712402,0.0010780759621411562,-1.7798659801483154,12.6,0.0,100,GUIDED,False,STANDBY,10,6
2025-08-11T17:24:57.541155,-35.3632087,149.1653233,-0.143,0.01,-0.01,0.0,0.02363693341612816,0.023899203166365623,258,3.1402640342712402,0.0010780759621411562,-1.7798659801483154,12.6,0.0,100,GUIDED,False,STANDBY,10,6
2025-08-11T17:24:58.041972,-35.3632087,149.1653233,-0.143,0.01,-0.01,0.0,0.023592453449964523,0.023868268355727196,258,3.1402640342712402,0.001078000059351325,-1.7798680067062378,12.6,0.0,100,GUIDED,False,STANDBY,10,6
2025-08-11T17:24:58.542946,-35.3632087,149.1653233,-0.144,0.01,-0.01,0.0,0.023398524150252342,0.02370755933225155,258,3.1402664184570312,0.0010840640170499682,-1.7798670530319214,12.6,0.0,100,GUIDED,False,STANDBY,10,6
2025-08-11T17:24:59.043898,-35.3632087,149.1653233,-0.144,0.01,-0.01,0.0,0.023398524150252342,0.02370755933225155,258,3.1402664184570312,0.0010840640170499682,-1.7798670530319214,12.6,0.0,100,GUIDED,False,STANDBY,10,6
2025-08-11T17:24:59.544518,-35.3632087,149.1653233,-0.144,0.01,-0.01,0.0,0.023501751944422722,0.02383873611688614,258,3.1402690410614014,0.0010864052455872297,-1.7798690795898438,12.6,0.0,100,GUIDED,False,STANDBY,10,6
2025-08-11T17:25:00.045630,-35.3632087,149.1653233,-0.144,0.01,-0.01,0.0,0.023670857772231102,0.024037662893533707,258,3.1402695178985596,0.0010798148578032851,-1.7798676490783691,12.6,0.0,100,GUIDED,False,STANDBY,10,6
2025-08-11T17:25:00.546561,-35.3632087,149.1653233,-0.144,0.01,-0.01,0.0,0.023670857772231102,0.024037662893533707,258,3.1402695178985596,0.0010798148578032851,-1.7798676490783691,12.6,0.0,100,GUIDED,False,STANDBY,10,6
2025-08-11T17:25:01.047489,-35.3632087,149.1653233,-0.145,0.01,-0.01,0.0,0.02366202138364315,0.024064091965556145,258,3.1402783393859863,0.0010821482865139842,-1.7798618078231812,12.6,0.0,100,GUIDED,False,STANDBY,10,6
2025-08-11T17:25:01.548090,-35.3632087,149.1653233,-0.145,0.01,-0.01,0.0,0.0235887560993433,0.024007737636566162,258,3.1402785778045654,0.001084175193682313,-1.7798584699630737,12.6,0.0,100,GUIDED,False,STANDBY,10,6
2025-08-11T17:25:02.049960,-35.3632087,149.1653233,-0.145,0.01,-0.01,0.0,0.0235887560993433,0.024007737636566162,258,3.1402785778045654,0.001084175193682313,-1.7798584699630737,12.6,0.0,100,GUIDED,False,STANDBY,10,6
2025-08-11T17:25:02.550490,-35.3632087,149.1653233,-0.145,0.01,-0.01,0.0,0.023649590089917183,0.02411223202943802,258,3.14028000831604,0.0010814176639541984,-1.7798529863357544,12.6,0.0,100,GUIDED,False,STANDBY,10,6
2025-08-11T17:25:03.051392,-35.3632087,149.1653233,-0.146,0.01,-0.01,0.0,0.02376837469637394,0.024260781705379486,258,3.1402828693389893,0.0010791150853037834,-1.779848337173462,12.6,0.0,100,GUIDED,False,STANDBY,10,6
2025-08-11T17:25:03.552038,-35.3632087,149.1653233,-0.146,0.01,-0.01,0.0,0.02376837469637394,0.024260781705379486,258,3.1402828693389893,0.0010791150853037834,-1.779848337173462,12.6,0.0,100,GUIDED,False,STANDBY,10,6
2025-08-11T17:25:04.053046,-35.3632087,149.1653233,-0.146,0.01,-0.02,0.0,0.023859556764364243,0.02440124936401844,258,3.140284299850464,0.001072321436367929,-1.7798426151275635,12.6,0.0,100,GUIDED,False,STANDBY,10,6
2025-08-11T17:25:04.555347,-35.3632087,149.1653233,-0.147,0.01,-0.01,0.0,0.023724110797047615,0.024304857477545738,258,3.1402835845947266,0.0010754744289442897,-1.7798415422439575,12.6,0.0,100,GUIDED,False,STANDBY,10,6
2025-08-11T17:25:05.056018,-35.3632087,149.1653233,-0.147,0.01,-0.01,0.0,0.023724110797047615,0.024304857477545738,258,3.1402835845947266,0.0010754744289442897,-1.7798415422439575,12.6,0.0,100,GUIDED,False,STANDBY,10,6
2025-08-11T17:25:05.556955,-35.3632087,149.1653233,-0.147,0.01,-0.01,0.0,0.023784654214978218,0.02440403401851654,258,3.1402835845947266,0.0010735866380855441,-1.7798261642456055,12.6,0.0,100,GUIDED,False,STANDBY,10,6
2025-08-11T17:25:06.057894,-35.3632087,149.1653233,-0.147,0.01,-0.01,0.0,0.023784654214978218,0.02440403401851654,258,3.1402835845947266,0.0010735866380855441,-1.7798261642456055,12.6,0.0,100,GUIDED,False,STANDBY,10,6
2025-08-11T17:25:06.558964,-35.3632087,149.1653233,-0.147,0.01,-0.02,0.0,0.02392742782831192,0.024591121822595596,258,3.1402852535247803,0.0010733504313975573,-1.779820442199707,12.6,0.0,100,GUIDED,False,STANDBY,10,6
2025-08-11T17:25:07.060355,-35.3632087,149.1653233,-0.148,0.01,-0.02,0.0,0.024021605029702187,0.024735527113080025,258,3.1402876377105713,0.001074886997230351,-1.7798091173171997,12.6,0.0,100,GUIDED,False,STANDBY,10,6
2025-08-11T17:25:07.566010,-35.3632087,149.1653233,-0.148,0.01,-0.02,0.0,0.024021605029702187,0.024735527113080025,258,3.1402876377105713,0.001074886997230351,-1.7798091173171997,12.6,0.0,100,GUIDED,False,STANDBY,10,6
2025-08-11T17:25:08.067881,-35.3632087,149.1653233,-0.148,0.01,-0.01,0.0,0.023919755592942238,0.024687912315130234,258,3.1402788162231445,0.0010772454552352428,-1.7797967195510864,12.6,0.0,100,GUIDED,False,STANDBY,10,6
2025-08-11T17:25:08.569247,-35.3632087,149.1653233,-0.148,0.01,-0.01,0.0,0.023919755592942238,0.024687912315130234,258,3.1402788162231445,0.0010772454552352428,-1.7797967195510864,12.6,0.0,100,GUIDED,False,STANDBY,10,6
2025-08-11T17:25:09.070744,-35.3632087,149.1653233,-0.148,0.01,-0.01,0.0,0.023838717490434647,0.024660078808665276,258,3.1402745246887207,0.0010702654253691435,-1.7797725200653076,12.6,0.0,100,GUIDED,False,STANDBY,10,6
2025-08-11T17:25:09.573120,-35.3632087,149.1653233,-0.148,0.01,-0.01,0.0,0.023838717490434647,0.024660078808665276,258,3.1402745246887207,0.0010702654253691435,-1.7797725200653076,12.6,0.0,100,GUIDED,False,STANDBY,10,6
2025-08-11T17:25:10.076877,-35.3632087,149.1653233,-0.149,0.01,-0.02,0.0,0.023963578045368195,0.024824878200888634,258,3.140277147293091,0.0010689814807847142,-1.7797480821609497,12.6,0.0,100,GUIDED,False,STANDBY,10,6
2025-08-11T17:25:10.578356,-35.3632087,149.1653233,-0.149,0.01,-0.02,0.0,0.023963578045368195,0.024824878200888634,258,3.140277147293091,0.0010689814807847142,-1.7797480821609497,12.6,0.0,100,GUIDED,False,STANDBY,10,6
2025-08-11T17:25:11.079088,-35.3632087,149.1653233,-0.149,0.01,-0.02,0.0,0.023963578045368195,0.024824878200888634,258,3.140277147293091,0.0010689814807847142,-1.7797480821609497,12.6,0.0,100,GUIDED,False,STANDBY,10,6
2025-08-11T17:25:11.580948,-35.3632087,149.1653233,-0.149,0.01,-0.01,0.0,0.023876458406448364,0.024789027869701385,258,3.140277862548828,0.001068863202817738,-1.7797185182571411,12.6,0.0,100,GUIDED,False,STANDBY,10,6
2025-08-11T17:25:12.081422,-35.3632087,149.1653233,-0.15,0.01,-0.01,0.0,0.023782366886734962,0.024781210348010063,258,3.14027738571167,0.0010742119047790766,-1.7796980142593384,12.6,0.0,100,GUIDED,False,STANDBY,10,6
2025-08-11T17:25:12.581956,-35.3632087,149.1653233,-0.15,0.01,-0.01,0.0,0.023766955360770226,0.024818943813443184,258,3.140277147293091,0.0010738578857854009,-1.7796748876571655,12.6,0.0,100,GUIDED,False,STANDBY,10,6
2025-08-11T17:25:13.082431,-35.3632087,149.1653233,-0.15,0.01,-0.01,0.0,0.023766955360770226,0.024818943813443184,258,3.140277147293091,0.0010738578857854009,-1.7796748876571655,12.6,0.0,100,GUIDED,False,STANDBY,10,6
2025-08-11T17:25:13.583493,-35.3632087,149.1653233,-0.151,0.01,-0.01,0.0,0.023886820301413536,0.024976762011647224,258,3.1402809619903564,0.0010710149072110653,-1.779659390449524,12.6,0.0,100,GUIDED,False,STANDBY,10,6
2025-08-11T17:25:14.084178,-35.3632087,149.1653233,-0.151,0.01,-0.01,0.0,0.023840177804231644,0.024991609156131744,258,3.1402831077575684,0.0010702480794861913,-1.7796287536621094,12.6,0.0,100,GUIDED,False,STANDBY,10,6
2025-08-11T17:25:14.585095,-35.3632087,149.1653233,-0.151,0.01,-0.01,0.0,0.023840177804231644,0.024991609156131744,258,3.1402831077575684,0.0010702480794861913,-1.7796287536621094,12.6,0.0,100,GUIDED,False,STANDBY,10,6
2025-08-11T17:25:15.085939,-35.3632087,149.1653233,-0.151,0.01,-0.01,0.0,0.023694826290011406,0.024906663224101067,258,3.140275478363037,0.0010767218191176653,-1.7796028852462769,12.6,0.0,100,GUIDED,False,STANDBY,10,6
2025-08-11T17:25:15.586990,-35.3632087,149.1653233,-0.152,0.01,-0.01,0.0,0.023694906383752823,0.024976005777716637,258,3.1402747631073,0.001075154053978622,-1.7795685529708862,12.6,0.0,100,GUIDED,False,STANDBY,10,6
2025-08-11T17:25:16.088426,-35.3632087,149.1653233,-0.152,0.01,-0.01,0.0,0.02377302572131157,0.025116996839642525,258,3.140280246734619,0.0010712177027016878,-1.779547929763794,12.6,0.0,100,GUIDED,False,STANDBY,10,6
2025-08-11T17:25:16.589354,-35.3632087,149.1653233,-0.152,0.01,-0.01,0.0,0.023731756955385208,0.025164073333144188,258,3.140277147293091,0.0010698818368837237,-1.7795101404190063,12.6,0.0,100,GUIDED,False,STANDBY,10,6
2025-08-11T17:25:17.090291,-35.3632087,149.1653233,-0.153,0.01,-0.01,0.0,0.023645350709557533,0.025159750133752823,258,3.140275478363037,0.0010759099386632442,-1.7794772386550903,12.6,0.0,100,GUIDED,False,STANDBY,10,6
2025-08-11T17:25:17.592025,-35.3632087,149.1653233,-0.153,0.01,-0.01,0.0,0.023645350709557533,0.025159750133752823,258,3.140275478363037,0.0010759099386632442,-1.7794772386550903,12.6,0.0,100,GUIDED,False,STANDBY,10,6
2025-08-11T17:25:18.092940,-35.3632087,149.1653233,-0.153,0.01,-0.01,0.0,0.023631200194358826,0.025228185579180717,258,3.140275478363037,0.001075653824955225,-1.7794389724731445,12.6,0.0,100,GUIDED,False,STANDBY,10,6
2025-08-11T17:25:18.594529,-35.3632087,149.1653233,-0.154,0.01,-0.01,0.0,0.023759175091981888,0.02544923685491085,258,3.1402807235717773,0.001070951228030026,-1.7794089317321777,12.6,0.0,100,GUIDED,False,STANDBY,10,6
2025-08-11T17:25:19.095065,-35.3632087,149.1653233,-0.154,0.01,-0.01,0.0,0.023759175091981888,0.02544923685491085,258,3.1402807235717773,0.001070951228030026,-1.7794089317321777,12.6,0.0,100,GUIDED,False,STANDBY,10,6
2025-08-11T17:25:19.600964,-35.3632087,149.1653233,-0.154,0.01,-0.01,0.0,0.023759175091981888,0.02544923685491085,258,3.1402807235717773,0.001070951228030026,-1.7794089317321777,12.6,0.0,100,GUIDED,False,STANDBY,10,6
2025-08-11T17:25:20.101821,-35.3632087,149.1653233,-0.154,0.01,-0.01,0.0,0.02379107102751732,0.02555759623646736,258,3.1402809619903564,0.0010679573751986027,-1.7793699502944946,12.6,0.0,100,GUIDED,False,STANDBY,10,6
2025-08-11T17:25:20.604695,-35.3632087,149.1653233,-0.154,0.01,-0.01,0.0,0.02379107102751732,0.02555759623646736,258,3.1402809619903564,0.0010679573751986027,-1.7793699502944946,12.6,0.0,100,GUIDED,False,STANDBY,10,6
2025-08-11T17:25:21.107325,-35.3632087,149.1653233,-0.154,0.01,-0.01,0.0,0.02379107102751732,0.02555759623646736,258,3.1402809619903564,0.0010679573751986027,-1.7793699502944946,12.6,0.0,100,GUIDED,False,STANDBY,10,6
2025-08-11T17:25:21.611955,-35.3632087,149.1653233,-0.155,0.01,-0.01,0.0,0.02364855632185936,0.025490164756774902,258,3.1402716636657715,0.0010686700697988272,-1.7793323993682861,12.6,0.0,100,GUIDED,False,STANDBY,10,6
2025-08-11T17:25:22.113159,-35.3632087,149.1653233,-0.155,0.01,-0.01,0.0,0.02364855632185936,0.025490164756774902,258,3.1402716636657715,0.0010686700697988272,-1.7793323993682861,12.6,0.0,100,GUIDED,False,STANDBY,10,6
2025-08-11T17:25:22.613981,-35.3632087,149.1653233,-0.155,0.01,-0.01,0.0,0.02364855632185936,0.025490164756774902,258,3.1402716636657715,0.0010686700697988272,-1.7793323993682861,12.6,0.0,100,GUIDED,False,STANDBY,10,6
2025-08-11T17:25:23.115113,-35.3632087,149.1653233,-0.155,0.01,-0.01,0.0,0.02370668761432171,0.02558344602584839,258,3.1402690410614014,0.0010725754546001554,-1.7792844772338867,12.6,0.0,100,GUIDED,False,STANDBY,10,6
2025-08-11T17:25:23.615961,-35.3632087,149.1653233,-0.155,0.01,-0.01,0.0,0.02370668761432171,0.02558344602584839,258,3.1402690410614014,0.0010725754546001554,-1.7792844772338867,12.6,0.0,100,GUIDED,False,STANDBY,10,6
2025-08-11T17:25:24.117097,-35.3632087,149.1653233,-0.155,0.01,-0.02,0.0,0.02391902357339859,0.025896606966853142,258,3.140268564224243,0.0010637048399075866,-1.7792478799819946,12.6,0.0,100,GUIDED,False,STANDBY,10,6
2025-08-11T17:25:24.617962,-35.3632087,149.1653233,-0.156,0.01,-0.02,0.01,0.02389129064977169,0.025928866118192673,258,3.140270471572876,0.0010588167933747172,-1.7792006731033325,12.6,0.0,100,GUIDED,False,STANDBY,10,6
2025-08-11T17:25:25.118961,-35.3632087,149.1653233,-0.156,0.01,-0.02,0.01,0.02389129064977169,0.025928866118192673,258,3.140270471572876,0.0010588167933747172,-1.7792006731033325,12.6,0.0,100,GUIDED,False,STANDBY,10,6
2025-08-11T17:25:25.620012,-35.3632087,149.1653233,-0.156,0.01,-0.01,0.01,0.023833032697439194,0.02593425288796425,258,3.1402676105499268,0.001056985231116414,-1.779157042503357,12.6,0.0,100,GUIDED,False,STANDBY,10,6
2025-08-11T17:25:26.123969,-35.3632087,149.1653233,-0.157,0.01,-0.01,0.01,0.02381354197859764,0.02598908171057701,258,3.140259265899658,0.0010590755846351385,-1.7791022062301636,12.6,0.0,100,GUIDED,False,STANDBY,10,6
2025-08-11T17:25:26.624986,-35.3632087,149.1653233,-0.157,0.01,-0.01,0.01,0.02381354197859764,0.02598908171057701,258,3.140259265899658,0.0010590755846351385,-1.7791022062301636,12.6,0.0,100,GUIDED,False,STANDBY,10,6
2025-08-11T17:25:27.126017,-35.3632087,149.1653233,-0.157,0.01,-0.02,0.01,0.023892905563116074,0.0261524748057127,258,3.1402587890625,0.001056939596310258,-1.7790591716766357,12.6,0.0,100,GUIDED,False,STANDBY,10,6
2025-08-11T17:25:27.627023,-35.3632087,149.1653233,-0.157,0.01,-0.02,0.01,0.023865556344389915,0.026185257360339165,258,3.1402604579925537,0.0010545550612732768,-1.7790096998214722,12.6,0.0,100,GUIDED,False,STANDBY,10,6
2025-08-11T17:25:28.127956,-35.3632087,149.1653233,-0.157,0.01,-0.02,0.01,0.023865556344389915,0.026185257360339165,258,3.1402604579925537,0.0010545550612732768,-1.7790096998214722,12.6,0.0,100,GUIDED,False,STANDBY,10,6
2025-08-11T17:25:28.628978,-35.3632087,149.1653233,-0.158,0.01,-0.02,0.01,0.023772090673446655,0.02617201954126358,258,3.1402552127838135,0.0010566188720986247,-1.7789589166641235,12.6,0.0,100,GUIDED,False,STANDBY,10,6
2025-08-11T17:25:29.129967,-35.3632087,149.1653233,-0.158,0.01,-0.02,0.01,0.023763295263051987,0.02623623050749302,258,3.140254259109497,0.0010611159959807992,-1.7789009809494019,12.6,0.0,100,GUIDED,False,STANDBY,10,6
2025-08-11T17:25:29.632522,-35.3632087,149.1653233,-0.158,0.01,-0.02,0.01,0.023763295263051987,0.02623623050749302,258,3.140254259109497,0.0010611159959807992,-1.7789009809494019,12.6,0.0,100,GUIDED,False,STANDBY,10,6
2025-08-11T17:25:30.140076,-35.3632087,149.1653233,-0.159,0.01,-0.02,0.01,0.023959459736943245,0.026506880298256874,258,3.1402552127838135,0.0010561587987467647,-1.7788478136062622,12.6,0.0,100,GUIDED,False,STANDBY,10,6
2025-08-11T17:25:30.669235,-35.3632087,149.1653233,-0.159,0.01,-0.02,0.01,0.023959459736943245,0.026506880298256874,258,3.1402552127838135,0.0010561587987467647,-1.7788478136062622,12.6,0.0,100,GUIDED,False,STANDBY,10,6
2025-08-11T17:25:31.280668,-35.3632087,149.1653233,-0.159,0.01,-0.02,0.01,0.023959459736943245,0.026506880298256874,258,3.1402552127838135,0.0010561587987467647,-1.7788478136062622,12.6,0.0,100,GUIDED,False,STANDBY,10,6
2025-08-11T17:25:31.807334,-35.3632087,149.1653233,-0.159,0.01,-0.02,0.01,0.023959459736943245,0.026506880298256874,258,3.1402552127838135,0.0010561587987467647,-1.7788478136062622,12.6,0.0,100,GUIDED,False,STANDBY,10,6
2025-08-11T17:25:32.363452,-35.3632087,149.1653233,-0.159,0.01,-0.02,0.01,0.023959459736943245,0.026506880298256874,258,3.1402552127838135,0.0010561587987467647,-1.7788478136062622,12.6,0.0,100,GUIDED,False,STANDBY,10,6
2025-08-11T17:25:32.896971,-35.3632087,149.1653233,-0.159,0.01,-0.02,0.01,0.023959459736943245,0.026506880298256874,258,3.1402552127838135,0.0010561587987467647,-1.7788478136062622,12.6,0.0,100,GUIDED,False,STANDBY,10,6
2025-08-11T17:25:33.451555,-35.3632087,149.1653233,-0.159,0.01,-0.02,0.01,0.023959459736943245,0.026506880298256874,258,3.1402552127838135,0.0010561587987467647,-1.7788478136062622,12.6,0.0,100,GUIDED,False,STANDBY,10,6
2025-08-11T17:25:33.967879,-35.3632087,149.1653233,-0.159,0.01,-0.02,0.01,0.023959459736943245,0.026506880298256874,258,3.1402552127838135,0.0010561587987467647,-1.7788478136062622,12.6,0.0,100,GUIDED,False,STANDBY,10,6
2025-08-11T17:25:34.492273,-35.3632087,149.1653233,-0.159,0.01,-0.02,0.01,0.023959459736943245,0.026506880298256874,258,3.1402552127838135,0.0010561587987467647,-1.7788478136062622,12.6,0.0,100,GUIDED,False,STANDBY,10,6
2025-08-11T17:25:35.087820,-35.3632087,149.1653233,-0.159,0.01,-0.02,0.01,0.023959459736943245,0.026506880298256874,258,3.1402552127838135,0.0010561587987467647,-1.7788478136062622,12.6,0.0,100,GUIDED,False,STANDBY,10,6
2025-08-11T17:25:35.588396,-35.3632087,149.1653233,-0.159,0.01,-0.02,0.01,0.023959459736943245,0.026506880298256874,258,3.1402552127838135,0.0010561587987467647,-1.7788478136062622,12.6,0.0,100,GUIDED,False,STANDBY,10,6
2025-08-11T17:25:36.127052,-35.3632087,149.1653233,-0.159,0.01,-0.02,0.01,0.023959459736943245,0.026506880298256874,258,3.1402552127838135,0.0010561587987467647,-1.7788478136062622,12.6,0.0,100,GUIDED,False,STANDBY,10,6
2025-08-11T17:25:36.681648,-35.3632087,149.1653233,-0.159,0.01,-0.02,0.01,0.023959459736943245,0.026506880298256874,258,3.1402552127838135,0.0010561587987467647,-1.7788478136062622,12.6,0.0,100,GUIDED,False,STANDBY,10,6
2025-08-11T17:25:37.221098,-35.3632087,149.1653233,-0.159,0.01,-0.02,0.01,0.023959459736943245,0.026506880298256874,258,3.1402552127838135,0.0010561587987467647,-1.7788478136062622,12.6,0.0,100,GUIDED,False,STANDBY,10,6
2025-08-11T17:25:37.757424,-35.3632087,149.1653233,-0.159,0.01,-0.02,0.01,0.023959459736943245,0.026506880298256874,258,3.1402552127838135,0.0010561587987467647,-1.7788478136062622,12.6,0.0,100,GUIDED,False,STANDBY,10,6
2025-08-11T17:25:38.290353,-35.3632087,149.1653233,-0.159,0.01,-0.02,0.01,0.023959459736943245,0.026506880298256874,258,3.1402552127838135,0.0010561587987467647,-1.7788478136062622,12.6,0.0,100,GUIDED,False,STANDBY,10,6
2025-08-11T17:25:38.825990,-35.3632087,149.1653233,-0.159,0.01,-0.02,0.01,0.023959459736943245,0.026506880298256874,258,3.1402552127838135,0.0010561587987467647,-1.7788478136062622,12.6,0.0,100,GUIDED,False,STANDBY,10,6
2025-08-11T17:25:39.366320,-35.3632087,149.1653233,-0.159,0.01,-0.02,0.01,0.023959459736943245,0.026506880298256874,258,3.1402552127838135,0.0010561587987467647,-1.7788478136062622,12.6,0.0,100,GUIDED,False,STANDBY,10,6
2025-08-11T17:25:39.895577,-35.3632087,149.1653233,-0.159,0.01,-0.02,0.01,0.023901810869574547,0.02651803381741047,258,3.1402556896209717,0.0010558045469224453,-1.778788685798645,12.6,0.0,100,GUIDED,False,STANDBY,10,6
2025-08-11T17:25:40.445510,-35.3632087,149.1653233,-0.159,0.01,-0.02,0.01,0.023901810869574547,0.02651803381741047,258,3.1402556896209717,0.0010558045469224453,-1.778788685798645,12.6,0.0,100,GUIDED,False,STANDBY,10,6
2025-08-11T17:25:40.965800,-35.3632087,149.1653233,-0.159,0.01,-0.02,0.01,0.023901810869574547,0.02651803381741047,258,3.1402556896209717,0.0010558045469224453,-1.778788685798645,12.6,0.0,100,GUIDED,False,STANDBY,10,6
2025-08-11T17:25:41.494546,-35.3632087,149.1653233,-0.159,0.01,-0.02,0.01,0.023901810869574547,0.02651803381741047,258,3.1402556896209717,0.0010558045469224453,-1.778788685798645,12.6,0.0,100,GUIDED,False,STANDBY,10,6
2025-08-11T17:25:42.079742,-35.3632087,149.1653233,-0.159,0.01,-0.02,0.01,0.023901810869574547,0.02651803381741047,258,3.1402556896209717,0.0010558045469224453,-1.778788685798645,12.6,0.0,100,GUIDED,False,STANDBY,10,6
2025-08-11T17:25:42.613622,-35.3632087,149.1653233,-0.159,0.01,-0.02,0.01,0.023901810869574547,0.02651803381741047,258,3.1402556896209717,0.0010558045469224453,-1.778788685798645,12.6,0.0,100,GUIDED,False,STANDBY,10,6
2025-08-11T17:25:43.155692,-35.3632087,149.1653233,-0.159,0.01,-0.02,0.01,0.023901810869574547,0.02651803381741047,258,3.1402556896209717,0.0010558045469224453,-1.778788685798645,12.6,0.0,100,GUIDED,False,STANDBY,10,6
2025-08-11T17:25:43.726416,-35.3632087,149.1653233,-0.159,0.01,-0.02,0.01,0.023901810869574547,0.02651803381741047,258,3.1402556896209717,0.0010558045469224453,-1.778788685798645,12.6,0.0,100,GUIDED,False,STANDBY,10,6
2025-08-11T17:25:44.272577,-35.3632087,149.1653233,-0.159,0.01,-0.02,0.01,0.023901810869574547,0.02651803381741047,258,3.1402556896209717,0.0010558045469224453,-1.778788685798645,12.6,0.0,100,GUIDED,False,STANDBY,10,6
2025-08-11T17:25:44.851294,-35.3632087,149.1653233,-0.159,0.01,-0.02,0.01,0.023901810869574547,0.02651803381741047,258,3.1402556896209717,0.0010558045469224453,-1.778788685798645,12.6,0.0,100,GUIDED,False,STANDBY,10,6
2025-08-11T17:25:45.410175,-35.3632087,149.1653233,-0.159,0.01,-0.02,0.01,0.023901810869574547,0.02651803381741047,258,3.1402556896209717,0.0010558045469224453,-1.778788685798645,12.6,0.0,100,GUIDED,False,STANDBY,10,6
2025-08-11T17:25:46.028068,-35.3632087,149.1653233,-0.159,0.01,-0.02,0.01,0.023901810869574547,0.02651803381741047,258,3.1402556896209717,0.0010558045469224453,-1.778788685798645,12.6,0.0,100,GUIDED,False,STANDBY,10,6
2025-08-11T17:25:46.617942,-35.3632087,149.1653233,-0.159,0.01,-0.02,0.01,0.023901810869574547,0.02651803381741047,258,3.1402556896209717,0.0010558045469224453,-1.778788685798645,12.6,0.0,100,GUIDED,False,STANDBY,10,6
2025-08-11T17:25:47.217246,-35.3632087,149.1653233,-0.159,0.01,-0.02,0.01,0.023901810869574547,0.02651803381741047,258,3.1402556896209717,0.0010558045469224453,-1.778788685798645,12.6,0.0,100,GUIDED,False,STANDBY,10,6
2025-08-11T17:25:47.814166,-35.3632087,149.1653233,-0.159,0.01,-0.02,0.01,0.023901810869574547,0.02651803381741047,258,3.1402556896209717,0.0010558045469224453,-1.778788685798645,12.6,0.0,100,GUIDED,False,STANDBY,10,6
2025-08-11T17:25:48.364704,-35.3632087,149.1653233,-0.159,0.01,-0.02,0.01,0.023901810869574547,0.02651803381741047,258,3.1402556896209717,0.0010558045469224453,-1.778788685798645,12.6,0.0,100,GUIDED,False,STANDBY,10,6
2025-08-11T17:25:48.951697,-35.3632087,149.1653233,-0.159,0.01,-0.02,0.01,0.023901810869574547,0.02651803381741047,258,3.1402556896209717,0.0010558045469224453,-1.778788685798645,12.6,0.0,100,GUIDED,False,STANDBY,10,6
2025-08-11T17:25:49.523767,-35.3632087,149.1653233,-0.159,0.01,-0.02,0.01,0.023901810869574547,0.02651803381741047,258,3.1402556896209717,0.0010558045469224453,-1.778788685798645,12.6,0.0,100,GUIDED,False,STANDBY,10,6
2025-08-11T17:25:50.120505,-35.3632087,149.1653233,-0.159,0.01,-0.02,0.01,0.023901810869574547,0.02651803381741047,258,3.1402556896209717,0.0010558045469224453,-1.778788685798645,12.6,0.0,100,GUIDED,False,STANDBY,10,6
2025-08-11T17:25:50.632530,-35.3632087,149.1653233,-0.159,0.01,-0.02,0.01,0.023901810869574547,0.02651803381741047,258,3.1402556896209717,0.0010558045469224453,-1.778788685798645,12.6,0.0,100,GUIDED,False,STANDBY,10,6
2025-08-11T17:25:51.200797,-35.3632087,149.1653233,-0.159,0.01,-0.02,0.01,0.023901810869574547,0.02651803381741047,258,3.1402556896209717,0.0010558045469224453,-1.778788685798645,12.6,0.0,100,GUIDED,False,STANDBY,10,6
2025-08-11T17:25:51.879025,-35.3632087,149.1653233,-0.159,0.01,-0.02,0.01,0.023901810869574547,0.02651803381741047,258,3.1402556896209717,0.0010558045469224453,-1.778788685798645,12.6,0.0,100,GUIDED,False,STANDBY,10,6
2025-08-11T17:25:52.542906,-35.3632087,149.1653233,-0.159,0.01,-0.02,0.01,0.023901810869574547,0.02651803381741047,258,3.1402556896209717,0.0010558045469224453,-1.778788685798645,12.6,0.0,100,GUIDED,False,STANDBY,10,6
2025-08-11T17:25:53.095718,-35.3632087,149.1653233,-0.159,0.01,-0.02,0.01,0.023901810869574547,0.02651803381741047,258,3.1402556896209717,0.0010558045469224453,-1.778788685798645,12.6,0.0,100,GUIDED,False,STANDBY,10,6
2025-08-11T17:25:53.731112,-35.3632087,149.1653233,-0.159,0.01,-0.02,0.01,0.023901810869574547,0.02651803381741047,258,3.1402556896209717,0.0010558045469224453,-1.778788685798645,12.6,0.0,100,GUIDED,False,STANDBY,10,6
2025-08-11T17:25:54.301529,-35.3632087,149.1653233,-0.159,0.01,-0.02,0.01,0.023901810869574547,0.02651803381741047,258,3.1402556896209717,0.0010558045469224453,-1.778788685798645,12.6,0.0,100,GUIDED,False,STANDBY,10,6
2025-08-11T17:25:54.958063,-35.3632087,149.1653233,-0.159,0.01,-0.02,0.01,0.023901810869574547,0.02651803381741047,258,3.1402556896209717,0.0010558045469224453,-1.778788685798645,12.6,0.0,100,GUIDED,False,STANDBY,10,6
2025-08-11T17:25:55.497282,-35.3632087,149.1653233,-0.159,0.01,-0.02,0.01,0.023901810869574547,0.02651803381741047,258,3.1402556896209717,0.0010558045469224453,-1.778788685798645,12.6,0.0,100,GUIDED,False,STANDBY,10,6
2025-08-11T17:25:56.053589,-35.3632087,149.1653233,-0.159,0.01,-0.02,0.01,0.023901810869574547,0.02651803381741047,258,3.1402556896209717,0.0010558045469224453,-1.778788685798645,12.6,0.0,100,GUIDED,False,STANDBY,10,6
2025-08-11T17:25:56.672985,-35.3632087,149.1653233,-0.159,0.01,-0.02,0.01,0.023901810869574547,0.02651803381741047,258,3.1402556896209717,0.0010558045469224453,-1.778788685798645,12.6,0.0,100,GUIDED,False,STANDBY,10,6
2025-08-11T17:25:57.251158,-35.3632087,149.1653233,-0.159,0.01,-0.02,0.01,0.023901810869574547,0.02651803381741047,258,3.1402556896209717,0.0010558045469224453,-1.778788685798645,12.6,0.0,100,GUIDED,False,STANDBY,10,6
2025-08-11T17:25:57.794984,-35.3632087,149.1653233,-0.159,0.01,-0.02,0.01,0.023901810869574547,0.02651803381741047,258,3.1402556896209717,0.0010558045469224453,-1.778788685798645,12.6,0.0,100,GUIDED,False,STANDBY,10,6
2025-08-11T17:25:58.363901,-35.3632087,149.1653233,-0.159,0.01,-0.02,0.01,0.023901810869574547,0.02651803381741047,258,3.1402556896209717,0.0010558045469224453,-1.778788685798645,12.6,0.0,100,GUIDED,False,STANDBY,10,6
2025-08-11T17:25:58.976962,-35.3632087,149.1653233,-0.159,0.01,-0.02,0.01,0.023901810869574547,0.02651803381741047,258,3.1402556896209717,0.0010558045469224453,-1.778788685798645,12.6,0.0,100,GUIDED,False,STANDBY,10,6
2025-08-11T17:25:59.588519,-35.3632087,149.1653233,-0.159,0.01,-0.02,0.01,0.023901810869574547,0.02651803381741047,258,3.1402556896209717,0.0010558045469224453,-1.778788685798645,12.6,0.0,100,GUIDED,False,STANDBY,10,6
2025-08-11T17:26:00.158491,-35.3632087,149.1653233,-0.159,0.01,-0.02,0.01,0.023901810869574547,0.02651803381741047,258,3.1402556896209717,0.0010558045469224453,-1.778788685798645,12.6,0.0,100,GUIDED,False,STANDBY,10,6
2025-08-11T17:26:00.732136,-35.3632087,149.1653233,-0.159,0.01,-0.02,0.01,0.023901810869574547,0.02651803381741047,258,3.1402556896209717,0.0010558045469224453,-1.778788685798645,12.6,0.0,100,GUIDED,False,STANDBY,10,6
2025-08-11T17:26:01.328199,-35.3632087,149.1653233,-0.159,0.01,-0.02,0.01,0.023901810869574547,0.02651803381741047,258,3.1402556896209717,0.0010558045469224453,-1.778788685798645,12.6,0.0,100,GUIDED,False,STANDBY,10,6
2025-08-11T17:26:01.933434,-35.3632087,149.1653233,-0.159,0.01,-0.02,0.01,0.023901810869574547,0.02651803381741047,258,3.1402556896209717,0.0010558045469224453,-1.778788685798645,12.6,0.0,100,GUIDED,False,STANDBY,10,6
2025-08-11T17:26:02.532240,-35.3632087,149.1653233,-0.159,0.01,-0.02,0.01,0.023901810869574547,0.02651803381741047,258,3.1402556896209717,0.0010558045469224453,-1.778788685798645,12.6,0.0,100,GUIDED,False,STANDBY,10,6
2025-08-11T17:26:03.087761,-35.3632087,149.1653233,-0.159,0.01,-0.02,0.01,0.023901810869574547,0.02651803381741047,258,3.1402556896209717,0.0010558045469224453,-1.778788685798645,12.6,0.0,100,GUIDED,False,STANDBY,10,6
2025-08-11T17:26:03.631241,-35.3632087,149.1653233,-0.159,0.01,-0.02,0.01,0.023901810869574547,0.02651803381741047,258,3.1402556896209717,0.0010558045469224453,-1.778788685798645,12.6,0.0,100,GUIDED,False,STANDBY,10,6
2025-08-11T17:26:04.260759,-35.3632087,149.1653233,-0.159,0.01,-0.02,0.01,0.023901810869574547,0.02651803381741047,258,3.1402556896209717,0.0010558045469224453,-1.778788685798645,12.6,0.0,100,GUIDED,False,STANDBY,10,6
2025-08-11T17:26:04.812726,-35.3632087,149.1653233,-0.159,0.01,-0.02,0.01,0.023901810869574547,0.02651803381741047,258,3.1402556896209717,0.0010558045469224453,-1.778788685798645,12.6,0.0,100,GUIDED,False,STANDBY,10,6
2025-08-11T17:26:05.363306,-35.3632087,149.1653233,-0.159,0.01,-0.02,0.01,0.023901810869574547,0.02651803381741047,258,3.1402556896209717,0.0010558045469224453,-1.778788685798645,12.6,0.0,100,GUIDED,False,STANDBY,10,6
2025-08-11T17:26:06.065806,-35.3632087,149.1653233,-0.159,0.01,-0.02,0.01,0.023901810869574547,0.02651803381741047,258,3.1402556896209717,0.0010558045469224453,-1.778788685798645,12.6,0.0,100,GUIDED,False,STANDBY,10,6
2025-08-11T17:26:06.606154,-35.3632087,149.1653233,-0.159,0.01,-0.02,0.01,0.023901810869574547,0.02651803381741047,258,3.1402556896209717,0.0010558045469224453,-1.778788685798645,12.6,0.0,100,GUIDED,False,STANDBY,10,6
2025-08-11T17:26:07.228589,-35.3632087,149.1653233,-0.159,0.01,-0.02,0.01,0.023901810869574547,0.02651803381741047,258,3.1402556896209717,0.0010558045469224453,-1.778788685798645,12.6,0.0,100,GUIDED,False,STANDBY,10,6
2025-08-11T17:26:07.793698,-35.3632087,149.1653233,-0.159,0.01,-0.02,0.01,0.023901810869574547,0.02651803381741047,258,3.1402556896209717,0.0010558045469224453,-1.778788685798645,12.6,0.0,100,GUIDED,False,STANDBY,10,6
2025-08-11T17:26:08.486459,-35.3632087,149.1653233,-0.159,0.01,-0.02,0.01,0.023901810869574547,0.02651803381741047,258,3.1402556896209717,0.0010558045469224453,-1.778788685798645,12.6,0.0,100,GUIDED,False,STANDBY,10,6
2025-08-11T17:26:09.112359,-35.3632087,149.1653233,-0.159,0.01,-0.02,0.01,0.023901810869574547,0.02651803381741047,258,3.1402556896209717,0.0010558045469224453,-1.778788685798645,12.6,0.0,100,GUIDED,False,STANDBY,10,6
2025-08-11T17:26:09.720980,-35.3632087,149.1653233,-0.159,0.01,-0.02,0.01,0.023901810869574547,0.02651803381741047,258,3.1402556896209717,0.0010558045469224453,-1.778788685798645,12.6,0.0,100,GUIDED,False,STANDBY,10,6
2025-08-11T17:26:10.428260,-35.3632087,149.1653233,-0.159,0.01,-0.02,0.01,0.023901810869574547,0.02651803381741047,258,3.1402556896209717,0.0010558045469224453,-1.778788685798645,12.6,0.0,100,GUIDED,False,STANDBY,10,6
2025-08-11T17:26:10.989234,-35.3632087,149.1653233,-0.159,0.01,-0.02,0.01,0.023901810869574547,0.02651803381741047,258,3.1402556896209717,0.0010558045469224453,-1.778788685798645,12.6,0.0,100,GUIDED,False,STANDBY,10,6
2025-08-11T17:26:11.653804,-35.3632087,149.1653233,-0.159,0.01,-0.02,0.01,0.023901810869574547,0.02651803381741047,258,3.1402556896209717,0.0010558045469224453,-1.778788685798645,12.6,0.0,100,GUIDED,False,STANDBY,10,6
2025-08-11T17:26:12.223248,-35.3632087,149.1653233,-0.159,0.01,-0.02,0.01,0.023901810869574547,0.02651803381741047,258,3.1402556896209717,0.0010558045469224453,-1.778788685798645,12.6,0.0,100,GUIDED,False,STANDBY,10,6
2025-08-11T17:26:12.926583,-35.3632087,149.1653233,-0.159,0.01,-0.02,0.01,0.023901810869574547,0.02651803381741047,258,3.1402556896209717,0.0010558045469224453,-1.778788685798645,12.6,0.0,100,GUIDED,False,STANDBY,10,6
2025-08-11T17:26:13.517261,-35.3632087,149.1653233,-0.159,0.01,-0.02,0.01,0.023901810869574547,0.02651803381741047,258,3.1402556896209717,0.0010558045469224453,-1.778788685798645,12.6,0.0,100,GUIDED,False,STANDBY,10,6
2025-08-11T17:26:14.149328,-35.3632087,149.1653233,-0.159,0.01,-0.02,0.01,0.023901810869574547,0.02651803381741047,258,3.1402556896209717,0.0010558045469224453,-1.778788685798645,12.6,0.0,100,GUIDED,False,STANDBY,10,6
2025-08-11T17:26:14.811808,-35.3632087,149.1653233,-0.159,0.01,-0.02,0.01,0.023901810869574547,0.02651803381741047,258,3.1402556896209717,0.0010558045469224453,-1.778788685798645,12.6,0.0,100,GUIDED,False,STANDBY,10,6
2025-08-11T17:26:15.409435,-35.3632087,149.1653233,-0.159,0.01,-0.02,0.01,0.023901810869574547,0.02651803381741047,258,3.1402556896209717,0.0010558045469224453,-1.778788685798645,12.6,0.0,100,GUIDED,False,STANDBY,10,6
2025-08-11T17:26:15.987291,-35.3632087,149.1653233,-0.159,0.01,-0.02,0.01,0.023901810869574547,0.02651803381741047,258,3.1402556896209717,0.0010558045469224453,-1.778788685798645,12.6,0.0,100,GUIDED,False,STANDBY,10,6
2025-08-11T17:26:16.549439,-35.3632087,149.1653233,-0.159,0.01,-0.02,0.01,0.023901810869574547,0.02651803381741047,258,3.1402556896209717,0.0010558045469224453,-1.778788685798645,12.6,0.0,100,GUIDED,False,STANDBY,10,6
2025-08-11T17:26:17.104278,-35.3632087,149.1653233,-0.159,0.01,-0.02,0.01,0.023901810869574547,0.02651803381741047,258,3.1402556896209717,0.0010558045469224453,-1.778788685798645,12.6,0.0,100,GUIDED,False,STANDBY,10,6
2025-08-11T17:26:17.626928,-35.3632087,149.1653233,-0.159,0.01,-0.02,0.01,0.023901810869574547,0.02651803381741047,258,3.1402556896209717,0.0010558045469224453,-1.778788685798645,12.6,0.0,100,GUIDED,False,STANDBY,10,6
2025-08-11T17:26:18.196311,-35.3632087,149.1653233,-0.159,0.01,-0.02,0.01,0.023901810869574547,0.02651803381741047,258,3.1402556896209717,0.0010558045469224453,-1.778788685798645,12.6,0.0,100,GUIDED,False,STANDBY,10,6
2025-08-11T17:26:18.764325,-35.3632087,149.1653233,-0.159,0.01,-0.02,0.01,0.023901810869574547,0.02651803381741047,258,3.1402556896209717,0.0010558045469224453,-1.778788685798645,12.6,0.0,100,GUIDED,False,STANDBY,10,6
2025-08-11T17:26:19.382578,-35.3632087,149.1653233,-0.159,0.01,-0.02,0.01,0.023901810869574547,0.02651803381741047,258,3.1402556896209717,0.0010558045469224453,-1.778788685798645,12.6,0.0,100,GUIDED,False,STANDBY,10,6
2025-08-11T17:26:19.988579,-35.3632087,149.1653233,-0.159,0.01,-0.02,0.01,0.023901810869574547,0.02651803381741047,258,3.1402556896209717,0.0010558045469224453,-1.778788685798645,12.6,0.0,100,GUIDED,False,STANDBY,10,6
2025-08-11T17:26:20.565589,-35.3632087,149.1653233,-0.159,0.01,-0.02,0.01,0.023901810869574547,0.02651803381741047,258,3.1402556896209717,0.0010558045469224453,-1.778788685798645,12.6,0.0,100,GUIDED,False,STANDBY,10,6
2025-08-11T17:26:21.109464,-35.3632087,149.1653233,-0.159,0.01,-0.02,0.01,0.023901810869574547,0.02651803381741047,258,3.1402556896209717,0.0010558045469224453,-1.778788685798645,12.6,0.0,100,GUIDED,False,STANDBY,10,6
2025-08-11T17:26:21.695886,-35.3632087,149.1653233,-0.159,0.01,-0.02,0.01,0.023901810869574547,0.02651803381741047,258,3.1402556896209717,0.0010558045469224453,-1.778788685798645,12.6,0.0,100,GUIDED,False,STANDBY,10,6
2025-08-11T17:26:22.259266,-35.3632087,149.1653233,-0.159,0.01,-0.02,0.01,0.023901810869574547,0.02651803381741047,258,3.1402556896209717,0.0010558045469224453,-1.778788685798645,12.6,0.0,100,GUIDED,False,STANDBY,10,6
2025-08-11T17:26:22.819084,-35.3632087,149.1653233,-0.159,0.01,-0.02,0.01,0.023901810869574547,0.02651803381741047,258,3.1402556896209717,0.0010558045469224453,-1.778788685798645,12.6,0.0,100,GUIDED,False,STANDBY,10,6
2025-08-11T17:26:23.403512,-35.3632087,149.1653233,-0.159,0.01,-0.02,0.01,0.023901810869574547,0.02651803381741047,258,3.1402556896209717,0.0010558045469224453,-1.778788685798645,12.6,0.0,100,GUIDED,False,STANDBY,10,6
2025-08-11T17:26:23.994678,-35.3632087,149.1653233,-0.159,0.01,-0.02,0.01,0.023901810869574547,0.02651803381741047,258,3.1402556896209717,0.0010558045469224453,-1.778788685798645,12.6,0.0,100,GUIDED,False,STANDBY,10,6
2025-08-11T17:26:24.653543,-35.3632087,149.1653233,-0.159,0.01,-0.02,0.01,0.023901810869574547,0.02651803381741047,258,3.1402556896209717,0.0010558045469224453,-1.778788685798645,12.6,0.0,100,GUIDED,False,STANDBY,10,6
2025-08-11T17:26:25.432321,-35.3632087,149.1653233,-0.159,0.01,-0.02,0.01,0.023901810869574547,0.02651803381741047,258,3.1402556896209717,0.0010558045469224453,-1.778788685798645,12.6,0.0,100,GUIDED,False,STANDBY,10,6
2025-08-11T17:26:26.127907,-35.3632087,149.1653233,-0.159,0.01,-0.02,0.01,0.023901810869574547,0.02651803381741047,258,3.1402556896209717,0.0010558045469224453,-1.778788685798645,12.6,0.0,100,GUIDED,False,STANDBY,10,6
2025-08-11T17:26:26.857188,-35.3632087,149.1653233,-0.159,0.01,-0.02,0.01,0.023901810869574547,0.02651803381741047,258,3.1402556896209717,0.0010558045469224453,-1.778788685798645,12.6,0.0,100,GUIDED,False,STANDBY,10,6
2025-08-11T17:26:27.698218,-35.3632087,149.1653233,-0.159,0.01,-0.02,0.01,0.023901810869574547,0.02651803381741047,258,3.1402556896209717,0.0010558045469224453,-1.778788685798645,12.6,0.0,100,GUIDED,False,STANDBY,10,6
2025-08-11T17:26:28.329825,-35.3632087,149.1653233,-0.159,0.01,-0.02,0.01,0.023901810869574547,0.02651803381741047,258,3.1402556896209717,0.0010558045469224453,-1.778788685798645,12.6,0.0,100,GUIDED,False,STANDBY,10,6
2025-08-11T17:26:29.195335,-35.3632087,149.1653233,-0.159,0.01,-0.02,0.01,0.023901810869574547,0.02651803381741047,258,3.1402556896209717,0.0010558045469224453,-1.778788685798645,12.6,0.0,100,GUIDED,False,STANDBY,10,6
2025-08-11T17:26:29.974067,-35.3632087,149.1653233,-0.159,0.01,-0.02,0.01,0.023901810869574547,0.02651803381741047,258,3.1402556896209717,0.0010558045469224453,-1.778788685798645,12.6,0.0,100,GUIDED,False,STANDBY,10,6
2025-08-11T17:26:30.644464,-35.3632087,149.1653233,-0.159,0.01,-0.02,0.01,0.023901810869574547,0.02651803381741047,258,3.1402556896209717,0.0010558045469224453,-1.778788685798645,12.6,0.0,100,GUIDED,False,STANDBY,10,6
2025-08-11T17:26:31.239795,-35.3632087,149.1653233,-0.159,0.01,-0.02,0.01,0.023901810869574547,0.02651803381741047,258,3.1402556896209717,0.0010558045469224453,-1.778788685798645,12.6,0.0,100,GUIDED,False,STANDBY,10,6
2025-08-11T17:26:31.874888,-35.3632087,149.1653233,-0.159,0.01,-0.02,0.01,0.023901810869574547,0.02651803381741047,258,3.1402556896209717,0.0010558045469224453,-1.778788685798645,12.6,0.0,100,GUIDED,False,STANDBY,10,6
2025-08-11T17:26:32.722511,-35.3632087,149.1653233,-0.159,0.01,-0.02,0.01,0.023901810869574547,0.02651803381741047,258,3.1402556896209717,0.0010558045469224453,-1.778788685798645,12.6,0.0,100,GUIDED,False,STANDBY,10,6
2025-08-11T17:26:33.419987,-35.3632087,149.1653233,-0.159,0.01,-0.02,0.01,0.023901810869574547,0.02651803381741047,258,3.1402556896209717,0.0010558045469224453,-1.778788685798645,12.6,0.0,100,GUIDED,False,STANDBY,10,6
2025-08-11T17:26:34.828340,-35.3632087,149.1653233,-0.159,0.01,-0.02,0.01,0.023901810869574547,0.02651803381741047,258,3.1402556896209717,0.0010558045469224453,-1.778788685798645,12.6,0.0,100,GUIDED,False,STANDBY,10,6
2025-08-11T17:26:35.929993,-35.3632087,149.1653233,-0.159,0.01,-0.02,0.01,0.023901810869574547,0.02651803381741047,258,3.1402556896209717,0.0010558045469224453,-1.778788685798645,12.6,0.0,100,GUIDED,False,STANDBY,10,6
2025-08-11T17:26:36.511763,-35.3632087,149.1653233,-0.159,0.01,-0.02,0.01,0.023901810869574547,0.02651803381741047,258,3.1402556896209717,0.0010558045469224453,-1.778788685798645,12.6,0.0,100,GUIDED,False,STANDBY,10,6
2025-08-11T17:26:37.245523,-35.3632087,149.1653233,-0.159,0.01,-0.02,0.01,0.023901810869574547,0.02651803381741047,258,3.1402556896209717,0.0010558045469224453,-1.778788685798645,12.6,0.0,100,GUIDED,False,STANDBY,10,6
2025-08-11T17:26:37.945934,-35.3632087,149.1653233,-0.159,0.01,-0.02,0.01,0.023901810869574547,0.02651803381741047,258,3.1402556896209717,0.0010558045469224453,-1.778788685798645,12.6,0.0,100,GUIDED,False,STANDBY,10,6
2025-08-11T17:26:38.779936,-35.3632087,149.1653233,-0.159,0.01,-0.02,0.01,0.023901810869574547,0.02651803381741047,258,3.1402556896209717,0.0010558045469224453,-1.778788685798645,12.6,0.0,100,GUIDED,False,STANDBY,10,6
2025-08-11T17:26:39.462054,-35.3632087,149.1653233,-0.159,0.01,-0.02,0.01,0.023901810869574547,0.02651803381741047,258,3.1402556896209717,0.0010558045469224453,-1.778788685798645,12.6,0.0,100,GUIDED,False,STANDBY,10,6
2025-08-11T17:26:40.304940,-35.3632087,149.1653233,-0.159,0.01,-0.02,0.01,0.023901810869574547,0.02651803381741047,258,3.1402556896209717,0.0010558045469224453,-1.778788685798645,12.6,0.0,100,GUIDED,False,STANDBY,10,6
2025-08-11T17:26:41.078651,-35.3632087,149.1653233,-0.159,0.01,-0.02,0.01,0.023901810869574547,0.02651803381741047,258,3.1402556896209717,0.0010558045469224453,-1.778788685798645,12.6,0.0,100,GUIDED,False,STANDBY,10,6
2025-08-11T17:26:41.766462,-35.3632087,149.1653233,-0.159,0.01,-0.02,0.01,0.023901810869574547,0.02651803381741047,258,3.1402556896209717,0.0010558045469224453,-1.778788685798645,12.6,0.0,100,GUIDED,False,STANDBY,10,6
2025-08-11T17:26:42.440951,-35.3632087,149.1653233,-0.159,0.01,-0.02,0.01,0.023901810869574547,0.02651803381741047,258,3.1402556896209717,0.0010558045469224453,-1.778788685798645,12.6,0.0,100,GUIDED,False,STANDBY,10,6
2025-08-11T17:26:43.033746,-35.3632087,149.1653233,-0.159,0.01,-0.02,0.01,0.023901810869574547,0.02651803381741047,258,3.1402556896209717,0.0010558045469224453,-1.778788685798645,12.6,0.0,100,GUIDED,False,STANDBY,10,6
2025-08-11T17:26:43.606370,-35.3632087,149.1653233,-0.159,0.01,-0.02,0.01,0.023901810869574547,0.02651803381741047,258,3.1402556896209717,0.0010558045469224453,-1.778788685798645,12.6,0.0,100,GUIDED,False,STANDBY,10,6
2025-08-11T17:26:44.330578,-35.3632087,149.1653233,-0.159,0.01,-0.02,0.01,0.023901810869574547,0.02651803381741047,258,3.1402556896209717,0.0010558045469224453,-1.778788685798645,12.6,0.0,100,GUIDED,False,STANDBY,10,6
2025-08-11T17:26:45.194494,-35.3632087,149.1653233,-0.159,0.01,-0.02,0.01,0.023901810869574547,0.02651803381741047,258,3.1402556896209717,0.0010558045469224453,-1.778788685798645,12.6,0.0,100,GUIDED,False,STANDBY,10,6
2025-08-11T17:26:45.860551,-35.3632087,149.1653233,-0.159,0.01,-0.02,0.01,0.023901810869574547,0.02651803381741047,258,3.1402556896209717,0.0010558045469224453,-1.778788685798645,12.6,0.0,100,GUIDED,False,STANDBY,10,6
2025-08-11T17:26:46.624870,-35.3632087,149.1653233,-0.159,0.01,-0.02,0.01,0.023901810869574547,0.02651803381741047,258,3.1402556896209717,0.0010558045469224453,-1.778788685798645,12.6,0.0,100,GUIDED,False,STANDBY,10,6
                                                                                                                                                                                                                                                                                                                                                                                                                                                                                                                                                                                                                                                                                                                                                                                                                                                                                                                                                                                                                                                                                                                                       