timestamp,lat,lon,alt,velocity_x,velocity_y,velocity_z,ground_speed,air_speed,heading,roll,pitch,yaw,battery_voltage,battery_current,battery_level,mode,armed,system_status,satellites_visible,fix_type
2026-05-28T14:40:44.737096,-35.363262,149.1652372,9.651,-0.01,0.01,-0.84,0.021874327212572098,0.8445180654525757,352,0.0037627574056386948,0.0032470340374857187,-0.12856246531009674,12.6,25.93,98,GUIDED,True,ACTIVE,10,6
2026-05-28T14:40:45.237747,-35.3632619,149.1652372,9.94,0.11,0.06,-0.35,0.1365899294614792,0.3799355626106262,352,0.0705379843711853,-0.10089457035064697,-0.13218079507350922,12.6,25.7,98,GUIDED,True,ACTIVE,10,6
2026-05-28T14:40:45.738208,-35.3632595,149.165239,9.996,1.09,0.72,0.0,1.314721703529358,1.3147368431091309,355,0.22632767260074615,-0.2735505998134613,-0.0844549685716629,12.6,28.71,98,GUIDED,True,ACTIVE,10,6
2026-05-28T14:40:46.238374,-35.3632519,149.1652453,9.972,2.3,1.56,0.0,2.7822420597076416,2.782247543334961,29,0.029233276844024658,-0.3437216579914093,0.5098496079444885,12.6,30.03,98,GUIDED,True,ACTIVE,10,6
2026-05-28T14:40:46.738821,-35.3632394,149.1652556,9.965,3.31,2.22,-0.03,3.9911746978759766,3.991353988647461,37,-0.020890308544039726,-0.3653625249862671,0.6514695882797241,12.6,30.04,98,GUIDED,True,ACTIVE,10,6
2026-05-28T14:40:47.239039,-35.3632225,149.1652695,9.975,4.25,2.84,-0.05,5.116880416870117,5.11712646484375,33,0.003385026240721345,-0.41653284430503845,0.584665060043335,12.6,30.25,97,GUIDED,True,ACTIVE,10,6
2026-05-28T14:40:47.739469,-35.3632014,149.1652867,9.989,5.21,3.48,-0.03,6.269809246063232,6.269933700561523,33,-0.0006273712497204542,-0.48472315073013306,0.5930075645446777,12.6,30.87,97,GUIDED,True,ACTIVE,10,6
2026-05-28T14:40:48.241553,-35.3631759,149.1653076,9.998,6.18,4.12,-0.02,7.434825420379639,7.434880256652832,34,-0.000633495394140482,-0.5223706960678101,0.5935418009757996,12.6,31.54,97,GUIDED,True,ACTIVE,10,6
2026-05-28T14:40:48.742070,-35.3631464,149.1653317,10.006,6.92,4.62,-0.02,8.328149795532227,8.3281831741333,33,0.000541840388905257,-0.5157495141029358,0.5925421714782715,12.6,31.33,97,GUIDED,True,ACTIVE,10,6
2026-05-28T14:40:49.242863,-35.3631145,149.1653578,10.017,7.09,4.74,-0.03,8.536794662475586,8.536877632141113,33,0.001799838850274682,-0.3578713536262512,0.5925713181495667,12.6,29.12,97,GUIDED,True,ACTIVE,10,6
2026-05-28T14:40:49.743473,-35.3630838,149.1653829,10.027,6.37,4.26,0.0,7.673183917999268,7.673185348510742,33,0.0029408608097583055,-0.14625833928585052,0.5926840901374817,12.6,27.4,97,GUIDED,True,ACTIVE,10,6
2026-05-28T14:40:50.244020,-35.3630568,149.1654049,10.021,5.5,3.68,0.01,6.619765758514404,6.619793891906738,33,0.0036717629991471767,-0.1099616140127182,0.5931344032287598,12.6,27.82,97,GUIDED,True,ACTIVE,10,6
2026-05-28T14:40:50.744633,-35.3630336,149.1654239,10.015,4.67,3.12,0.01,5.618395805358887,5.618411064147949,33,0.005646323785185814,-0.023244259878993034,0.5932859778404236,12.6,28.04,97,GUIDED,True,ACTIVE,10,6
2026-05-28T14:40:51.245150,-35.3630144,149.1654396,10.013,3.7,2.48,0.0,4.45637845993042,4.456384658813477,33,0.007410650607198477,0.0806913673877716,0.5932887196540833,12.6,28.36,96,GUIDED,True,ACTIVE,10,6
2026-05-28T14:40:51.747907,-35.3629999,149.1654514,10.016,2.6,1.75,0.0,3.1387386322021484,3.1387386322021484,33,0.007361442781984806,0.17211128771305084,0.5932733416557312,12.6,28.65,96,GUIDED,True,ACTIVE,10,6
2026-05-28T14:40:52.253663,-35.3629907,149.165459,10.022,1.42,0.98,0.0,1.7310547828674316,1.7310582399368286,34,0.019205449149012566,0.22883561253547668,0.5961012244224548,12.6,28.95,96,GUIDED,True,ACTIVE,10,6
2026-05-28T14:40:52.754125,-35.3629866,149.1654636,10.027,0.31,0.9,0.0,0.9535173177719116,0.9535226225852966,52,0.2646068334579468,0.010452663525938988,0.9230566024780273,12.6,28.79,96,GUIDED,True,ACTIVE,10,6
2026-05-28T14:40:53.254581,-35.362987,149.1654712,10.029,-0.37,2.01,0.0,2.049213409423828,2.0492234230041504,84,0.05775430053472519,-0.331548810005188,1.4671685695648193,12.6,29.61,96,GUIDED,True,ACTIVE,10,6
2026-05-28T14:40:53.755474,-35.3629882,149.1654856,10.03,-0.18,3.33,0.0,3.3414647579193115,3.341468095779419,95,-0.05881328880786896,-0.35149040818214417,1.674979567527771,12.6,29.83,96,GUIDED,True,ACTIVE,10,6
2026-05-28T14:40:54.256282,-35.3629889,149.1655067,10.032,-0.1,4.5,0.0,4.50251579284668,4.502521514892578,90,0.0016553608002141118,-0.39511701464653015,1.5750513076782227,12.6,29.95,96,GUIDED,True,ACTIVE,10,6
2026-05-28T14:40:54.756905,-35.3629894,149.1655342,10.035,-0.1,5.66,0.01,5.662391185760498,5.662399768829346,90,0.004461339209228754,-0.45414188504219055,1.5779918432235718,12.6,30.55,96,GUIDED,True,ACTIVE,10,6
2026-05-28T14:40:55.257424,-35.3629899,149.1655684,10.037,-0.1,6.86,0.01,6.862331390380859,6.862346172332764,90,0.004921785090118647,-0.5146557688713074,1.578171730041504,12.6,31.34,95,GUIDED,True,ACTIVE,10,6
2026-05-28T14:40:55.758065,-35.3629903,149.1656089,10.041,-0.1,7.83,0.0,7.831706523895264,7.831706523895264,90,0.006701673846691847,-0.46315962076187134,1.5763232707977295,12.6,30.87,95,GUIDED,True,ACTIVE,10,6
2026-05-28T14:40:56.258753,-35.3629907,149.1656522,10.05,-0.1,7.7,0.0,7.709391117095947,7.709390640258789,90,0.007677702233195305,-0.2371891587972641,1.5764336585998535,12.6,28.0,95,GUIDED,True,ACTIVE,10,6
2026-05-28T14:40:56.759393,-35.3629911,149.165692,10.043,-0.09,6.59,0.04,6.593255519866943,6.593390941619873,90,0.006597088184207678,-0.06572509557008743,1.5772039890289307,12.6,27.65,95,GUIDED,True,ACTIVE,10,6
2026-05-28T14:40:57.260060,-35.3629915,149.1657256,10.025,-0.08,5.51,0.03,5.515247821807861,5.515342712402344,90,0.0027140199672430754,-0.026302728801965714,1.577552080154419,12.6,28.11,95,GUIDED,True,ACTIVE,10,6
2026-05-28T14:40:57.760703,-35.3629919,149.1657533,10.016,-0.05,4.42,0.01,4.429309844970703,4.429328441619873,90,0.0002789019199553877,0.061696797609329224,1.5770314931869507,12.6,28.33,95,GUIDED,True,ACTIVE,10,6
2026-05-28T14:40:58.261325,-35.3629922,149.1657746,10.016,-0.03,3.19,0.0,3.1983349323272705,3.1983351707458496,90,-0.000849669799208641,0.1527603417634964,1.576493501663208,12.6,28.55,95,GUIDED,True,ACTIVE,10,6
2026-05-28T14:40:58.761959,-35.3629925,149.1657887,10.02,0.0,1.84,0.0,1.8440064191818237,1.8440091609954834,90,-0.001250948989763856,0.2269170880317688,1.5760352611541748,12.6,28.84,95,GUIDED,True,ACTIVE,10,6
2026-05-28T14:40:59.262395,-35.3629926,149.1657952,10.023,0.0,0.42,0.0,0.4229376018047333,0.4229396879673004,90,-0.0006664138636551797,0.2788877785205841,1.575731635093689,12.6,29.16,94,GUIDED,True,ACTIVE,10,6
2026-05-28T14:40:59.763063,-35.3629929,149.1657939,10.025,-0.16,-0.92,0.0,0.9391352534294128,0.9391353130340576,91,0.13711383938789368,0.25293055176734924,1.604698896408081,12.6,29.16,94,GUIDED,True,ACTIVE,10,6
2026-05-28T14:41:00.263747,-35.3629955,149.1657859,10.027,-0.92,-2.05,0.0,2.248936414718628,2.2489399909973145,111,0.25109463930130005,0.21639329195022583,1.9406331777572632,12.6,29.58,94,GUIDED,True,ACTIVE,10,6
2026-05-28T14:41:00.764444,-35.3630011,149.1657716,10.029,-1.49,-3.16,0.0,3.497159242630005,3.497161865234375,143,0.34969472885131836,0.06961177289485931,2.497807502746582,12.6,29.67,94,GUIDED,True,ACTIVE,10,6
2026-05-28T14:41:01.264961,-35.363009,149.1657514,10.029,-2.04,-4.19,0.0,4.6668243408203125,4.666828632354736,171,0.38674017786979675,-0.12602822482585907,2.98827862739563,12.6,30.03,94,GUIDED,True,ACTIVE,10,6
2026-05-28T14:41:01.765776,-35.3630195,149.1657253,10.026,-2.62,-5.29,0.01,5.908929347991943,5.908942222595215,199,0.3178432285785675,-0.3284814655780792,-2.7965312004089355,12.6,30.76,94,GUIDED,True,ACTIVE,10,6
2026-05-28T14:41:02.266475,-35.3630321,149.1656932,10.026,-3.0,-6.24,-0.01,6.932868957519531,6.932880878448486,231,0.0725460797548294,-0.38799425959587097,-2.235908031463623,12.6,30.36,94,GUIDED,True,ACTIVE,10,6
2026-05-28T14:41:02.767172,-35.3630456,149.165659,10.037,-3.0,-6.0,0.0,6.713696002960205,6.713699817657471,249,-0.020499182865023613,-0.1502121239900589,-1.936071515083313,12.6,27.76,94,GUIDED,True,ACTIVE,10,6
2026-05-28T14:41:03.267660,-35.3630578,149.1656285,10.028,-2.49,-4.92,0.03,5.523787975311279,5.523891925811768,244,0.007410500664263964,0.022223113104701042,-2.0194413661956787,12.6,28.03,93,GUIDED,True,ACTIVE,10,6
2026-05-28T14:41:03.768497,-35.3630675,149.1656039,10.011,-1.97,-3.91,0.01,4.381356239318848,4.381381034851074,244,-0.0018089802470058203,0.05020929127931595,-2.0218472480773926,12.6,28.33,93,GUIDED,True,ACTIVE,10,6
2026-05-28T14:41:04.269721,-35.3630749,149.1655849,10.007,-1.48,-2.91,0.0,3.2704696655273438,3.2704734802246094,244,-0.007367303594946861,0.12305812537670135,-2.0193581581115723,12.6,28.45,93,GUIDED,True,ACTIVE,10,6
2026-05-28T14:41:04.770233,-35.3630799,149.1655716,10.01,-0.96,-1.79,-0.01,2.03737473487854,2.0374033451080322,244,-0.00986555963754654,0.20003686845302582,-2.0215635299682617,12.6,28.69,93,GUIDED,True,ACTIVE,10,6
2026-05-28T14:41:05.270600,-35.3630825,149.1655649,10.012,-0.39,-0.59,-0.01,0.7095216512680054,0.7096235752105713,244,-0.008432152681052685,0.233199805021286,-2.0217995643615723,12.6,29.01,93,GUIDED,True,ACTIVE,10,6
2026-05-28T14:41:05.771341,-35.3630831,149.1655636,10.015,-0.12,-0.03,0.0,0.13215890526771545,0.13240975141525269,243,-0.009322721511125565,0.019315773621201515,-2.032228946685791,12.6,28.04,93,GUIDED,True,ACTIVE,10,6
2026-05-28T14:41:06.271937,-35.3630833,149.1655637,10.013,-0.1,0.02,0.0,0.1107732281088829,0.11079864203929901,243,-0.004968214314430952,0.011941206641495228,-2.034788131713867,12.6,28.12,93,GUIDED,True,ACTIVE,10,6
2026-05-28T14:41:06.772619,-35.3630834,149.1655642,10.011,-0.07,0.06,0.0,0.09564156830310822,0.09580495953559875,243,0.0012858692789450288,0.004263152368366718,-2.033745288848877,12.6,28.14,93,GUIDED,True,ACTIVE,10,6
2026-05-28T14:41:07.272980,-35.3630834,149.1655649,10.01,-0.03,0.06,0.0,0.0780147910118103,0.07844870537519455,243,0.004528799094259739,0.00347569165751338,-2.0339553356170654,12.6,28.12,92,GUIDED,True,ACTIVE,10,6
2026-05-28T14:41:07.774422,-35.3630835,149.1655656,10.01,0.0,0.07,0.0,0.07042375206947327,0.07100784033536911,243,0.006123709958046675,0.0023947369772940874,-2.034621477127075,12.6,28.12,92,GUIDED,True,ACTIVE,10,6
2026-05-28T14:41:08.274767,-35.3630835,149.1655662,10.011,0.02,0.05,0.0,0.06300483644008636,0.06358939409255981,243,0.006022636778652668,-0.001180893275886774,-2.0352368354797363,12.6,28.09,92,GUIDED,True,ACTIVE,10,6
2026-05-28T14:41:08.775223,-35.3630834,149.1655667,10.012,0.04,0.03,0.0,0.05528179928660393,0.05575326830148697,243,0.0056112962774932384,-0.0022389355581253767,-2.0358200073242188,12.6,28.09,92,GUIDED,True,ACTIVE,10,6
2026-05-28T14:41:09.275945,-35.3630833,149.165567,10.014,0.04,0.01,0.0,0.052359044551849365,0.05271042883396149,243,0.005160168744623661,-0.0014567658072337508,-2.0364339351654053,12.6,28.09,92,GUIDED,True,ACTIVE,10,6
2026-05-28T14:41:09.776596,-35.3630833,149.1655672,10.015,0.05,0.0,0.0,0.05350866913795471,0.05373891443014145,243,0.00474138930439949,-0.00044382622581906617,-2.036923885345459,12.6,28.09,92,GUIDED,True,ACTIVE,10,6
2026-05-28T14:41:10.277251,-35.3630832,149.1655674,10.016,0.05,0.0,0.0,0.056362733244895935,0.056496091187000275,243,0.004487318452447653,0.0007290737703442574,-2.0374062061309814,12.6,28.09,92,GUIDED,True,ACTIVE,10,6
2026-05-28T14:41:10.777856,-35.3630832,149.1655675,10.016,0.05,0.0,0.0,0.05835232511162758,0.05844929814338684,243,0.004007295705378056,0.0015929002547636628,-2.0378098487854004,12.6,28.12,92,GUIDED,True,ACTIVE,10,6
2026-05-28T14:41:11.278040,-35.3630832,149.1655675,10.015,0.05,0.0,0.0,0.059542179107666016,0.05967646837234497,243,0.0037969390396028757,0.0025136899203062057,-2.0381579399108887,12.6,28.14,92,GUIDED,True,ACTIVE,10,6
2026-05-28T14:41:11.778605,-35.3630831,149.1655675,10.015,0.06,0.0,0.0,0.06018761172890663,0.060363415628671646,243,0.003041400806978345,0.0026421763468533754,-2.0384511947631836,12.6,28.12,91,GUIDED,True,ACTIVE,10,6
2026-05-28T14:41:12.279416,-35.3630831,149.1655675,10.014,0.05,0.0,0.0,0.058409254997968674,0.0586194209754467,243,0.002765354700386524,0.0028118714690208435,-2.038769006729126,12.6,28.12,91,GUIDED,True,ACTIVE,10,6
2026-05-28T14:41:12.779845,-35.363083,149.1655676,10.014,0.05,0.0,0.0,0.05643909052014351,0.05667480453848839,243,0.002401779405772686,0.0027769957669079304,-2.0390191078186035,12.6,28.12,91,GUIDED,True,ACTIVE,10,6
2026-05-28T14:41:13.280483,-35.363083,149.1655676,10.014,0.05,0.0,0.0,0.05413633957505226,0.05439247190952301,243,0.002314426936209202,0.003136480925604701,-2.0392565727233887,12.6,28.12,91,GUIDED,True,ACTIVE,10,6
2026-05-28T14:41:13.780969,-35.3630829,149.1655676,10.014,0.05,0.01,0.0,0.05220276117324829,0.052439142018556595,243,0.0018305538687855005,0.0029545649886131287,-2.039562225341797,12.6,28.09,91,GUIDED,True,ACTIVE,10,6
2026-05-28T14:41:14.281610,-35.3630829,149.1655675,10.014,0.04,0.01,0.0,0.04946070909500122,0.049728795886039734,243,0.0017388741252943873,0.00327899563126266,-2.0398926734924316,12.6,28.12,91,GUIDED,True,ACTIVE,10,6
2026-05-28T14:41:14.781791,-35.3630829,149.1655675,10.014,0.04,0.01,0.0,0.04828750342130661,0.04856741800904274,243,0.0015117856673896313,0.003750708419829607,-2.0401389598846436,12.6,28.09,91,GUIDED,True,ACTIVE,10,6
2026-05-28T14:41:15.282487,-35.3630829,149.1655675,10.014,0.04,0.02,0.0,0.04762936010956764,0.04793507605791092,243,0.0013746499316766858,0.0035373521968722343,-2.0403800010681152,12.6,28.12,91,GUIDED,True,ACTIVE,10,6
2026-05-28T14:41:15.782853,-35.3630828,149.1655675,10.014,0.04,0.02,0.0,0.04625136777758598,0.046561725437641144,243,0.0016148792346939445,0.0031499811448156834,-2.0405983924865723,12.6,28.12,90,GUIDED,True,ACTIVE,10,6
2026-05-28T14:41:16.283616,-35.3630828,149.1655676,10.014,0.03,0.02,0.0,0.04505801200866699,0.045393429696559906,243,0.001356830820441246,0.0027111447416245937,-2.040860176086426,12.6,28.12,90,GUIDED,True,ACTIVE,10,6
2026-05-28T14:41:16.783855,-35.3630828,149.1655676,10.014,0.03,0.02,0.0,0.041061364114284515,0.04138156771659851,243,0.0009191756835207343,0.002018823754042387,-2.041123867034912,12.6,28.09,90,GUIDED,True,ACTIVE,10,6
2026-05-28T14:41:17.284110,-35.3630827,149.1655677,10.014,0.03,0.01,0.0,0.035848766565322876,0.03621647134423256,243,0.0014055361971259117,0.0015792361227795482,-2.0413877964019775,12.6,28.09,90,GUIDED,True,ACTIVE,10,6
2026-05-28T14:41:17.785260,-35.3630827,149.1655677,10.014,0.02,0.01,0.0,0.03192036598920822,0.032362617552280426,243,0.001784633263014257,0.0016518429620191455,-2.041595935821533,12.6,28.12,90,GUIDED,True,ACTIVE,10,6
2026-05-28T14:41:18.286045,-35.3630827,149.1655677,10.014,0.02,0.01,0.0,0.030216442421078682,0.03062860667705536,243,0.0018953131511807442,0.0018806871958076954,-2.0418264865875244,12.6,28.09,90,GUIDED,True,ACTIVE,10,6
2026-05-28T14:41:18.786171,-35.3630827,149.1655677,10.015,0.02,0.0,0.0,0.029640544205904007,0.029980115592479706,242,0.0017145144520327449,0.0021338611841201782,-2.0420403480529785,12.6,28.09,90,GUIDED,True,ACTIVE,10,6
2026-05-28T14:41:19.286993,-35.3630827,149.1655677,10.016,0.02,0.0,0.0,0.029486555606126785,0.029727092012763023,242,0.001634786487556994,0.0024650036357343197,-2.042245388031006,12.6,28.12,90,GUIDED,True,ACTIVE,10,6
2026-05-28T14:41:19.787753,-35.3630827,149.1655677,10.016,0.02,0.0,0.0,0.029930636286735535,0.03008587472140789,242,0.0014935063663870096,0.0025499912444502115,-2.042440891265869,12.6,28.09,90,GUIDED,True,ACTIVE,10,6
2026-05-28T14:41:20.288469,-35.3630827,149.1655677,10.017,0.02,0.0,0.0,0.03020201437175274,0.03032733127474785,242,0.0014572286745533347,0.0023523755371570587,-2.0426552295684814,12.6,28.14,89,GUIDED,True,ACTIVE,10,6
2026-05-28T14:41:20.789080,-35.3630827,149.1655677,10.017,0.02,0.0,0.0,0.028902478516101837,0.029011128470301628,242,0.001048050937242806,0.001884746947325766,-2.0428574085235596,12.6,28.14,89,GUIDED,True,ACTIVE,10,6
2026-05-28T14:41:21.289531,-35.3630827,149.1655678,10.017,0.02,0.0,0.0,0.02637835592031479,0.02648836374282837,242,0.0012762394035235047,0.001579212723299861,-2.0430757999420166,12.6,28.12,89,GUIDED,True,ACTIVE,10,6
2026-05-28T14:41:21.789929,-35.3630827,149.1655678,10.016,0.02,0.0,0.0,0.024175047874450684,0.024376532062888145,242,0.0013172330800443888,0.0016891954001039267,-2.043240785598755,12.6,28.12,89,GUIDED,True,ACTIVE,10,6
2026-05-28T14:41:22.290284,-35.3630827,149.1655678,10.015,0.02,0.0,0.0,0.02340521849691868,0.023714303970336914,242,0.0013826421927660704,0.0018684925744310021,-2.043402671813965,12.6,28.12,89,GUIDED,True,ACTIVE,10,6
2026-05-28T14:41:22.790916,-35.3630827,149.1655678,10.015,0.02,0.0,0.0,0.02356761135160923,0.023951338604092598,242,0.0014613339444622397,0.0021440554410219193,-2.0435290336608887,12.6,28.12,89,GUIDED,True,ACTIVE,10,6
2026-05-28T14:41:23.291631,-35.3630827,149.1655678,10.016,0.02,0.0,0.0,0.024623321369290352,0.02492183819413185,242,0.0014461387181654572,0.0020229315850883722,-2.0437686443328857,12.6,28.12,89,GUIDED,True,ACTIVE,10,6
2026-05-28T14:41:23.792030,-35.3630827,149.1655678,10.016,0.02,0.0,0.0,0.024068327620625496,0.024275610223412514,242,0.0013062770012766123,0.0019419227028265595,-2.043893814086914,12.6,28.09,89,GUIDED,True,ACTIVE,10,6
2026-05-28T14:41:24.292729,-35.3630827,149.1655678,10.017,0.02,0.0,0.0,0.023891175165772438,0.024056224152445793,242,0.0012287048157304525,0.001915721339173615,-2.044004201889038,12.6,28.12,88,GUIDED,True,ACTIVE,10,6
2026-05-28T14:41:24.793532,-35.3630827,149.1655678,10.017,0.02,0.0,0.0,0.023465892300009727,0.02361244335770607,242,0.0014047537697479129,0.001972402911633253,-2.0441744327545166,12.6,28.14,88,GUIDED,True,ACTIVE,10,6
2026-05-28T14:41:25.294268,-35.3630827,149.1655678,10.017,0.02,0.0,0.0,0.024116888642311096,0.024246465414762497,242,0.0014817644841969013,0.002037378493696451,-2.0443339347839355,12.6,28.12,88,GUIDED,True,ACTIVE,10,6
2026-05-28T14:41:25.794834,-35.3630827,149.1655678,10.017,0.02,0.0,0.0,0.0241074301302433,0.024216242134571075,242,0.0013820980675518513,0.0020303830970078707,-2.044426202774048,12.6,28.12,88,GUIDED,True,ACTIVE,10,6
2026-05-28T14:41:26.295242,-35.3630827,149.1655678,10.017,0.02,0.0,0.0,0.024261508136987686,0.024360643699765205,242,0.001339814974926412,0.0019281749846413732,-2.044588088989258,12.6,28.09,88,GUIDED,True,ACTIVE,10,6
2026-05-28T14:41:26.796051,-35.3630827,149.1655678,10.017,0.02,0.0,0.0,0.024121083319187164,0.02420431189239025,242,0.0013957732589915395,0.00198794505558908,-2.0446927547454834,12.6,28.09,88,GUIDED,True,ACTIVE,10,6
2026-05-28T14:41:27.296647,-35.3630827,149.1655678,10.017,0.02,0.0,0.0,0.024196915328502655,0.024285223335027695,242,0.0013659215765073895,0.002049364149570465,-2.0447957515716553,12.6,28.09,88,GUIDED,True,ACTIVE,10,6
2026-05-28T14:41:27.797570,-35.3630827,149.1655678,10.017,0.02,0.0,0.0,0.024256162345409393,0.024345863610506058,242,0.0018567286897450686,0.0020720926113426685,-2.0448873043060303,12.6,28.12,88,GUIDED,True,ACTIVE,10,6
2026-05-28T14:41:28.298166,-35.3630827,149.1655678,10.017,0.02,0.0,0.0,0.025882309302687645,0.025978239253163338,242,0.0018778765806928277,0.002065185224637389,-2.0450246334075928,12.6,28.09,88,GUIDED,True,ACTIVE,10,6
2026-05-28T14:41:28.798640,-35.3630827,149.1655678,10.017,0.02,0.0,0.0,0.02707657404243946,0.027124455198645592,242,0.0017322039930149913,0.0022486408706754446,-2.0451128482818604,12.6,28.09,87,GUIDED,True,ACTIVE,10,6
2026-05-28T14:41:29.299416,-35.3630827,149.1655678,10.017,0.02,0.0,0.0,0.027897974476218224,0.027968959882855415,242,0.001595220761373639,0.0020918617956340313,-2.045182943344116,12.6,28.09,87,GUIDED,True,ACTIVE,10,6
2026-05-28T14:41:29.799876,-35.3630827,149.1655678,10.017,0.02,0.0,0.0,0.02770266681909561,0.027775568887591362,242,0.0015205394010990858,0.0020393305458128452,-2.0452892780303955,12.6,28.12,87,GUIDED,True,ACTIVE,10,6
2026-05-28T14:41:30.300253,-35.3630827,149.1655678,10.017,0.02,0.0,0.0,0.027314279228448868,0.02738519199192524,242,0.0014730198308825493,0.001974663930013776,-2.0453619956970215,12.6,28.12,87,GUIDED,True,ACTIVE,10,6
2026-05-28T14:41:30.800960,-35.3630827,149.1655678,10.017,0.02,0.0,0.0,0.02683519385755062,0.026901889592409134,242,0.001463316846638918,0.00201080902479589,-2.045456647872925,12.6,28.09,87,GUIDED,True,ACTIVE,10,6
2026-05-28T14:41:31.301290,-35.3630827,149.1655678,10.017,0.02,0.0,0.0,0.026695553213357925,0.0267628263682127,242,0.0013561355881392956,0.0019478341564536095,-2.0455586910247803,12.6,28.09,87,GUIDED,True,ACTIVE,10,6
2026-05-28T14:41:31.802144,-35.3630827,149.1655678,10.017,0.02,0.0,0.0,0.02539033070206642,0.025465914979577065,242,0.0009938462171703577,0.001661363523453474,-2.04560923576355,12.6,28.09,87,GUIDED,True,ACTIVE,10,6
2026-05-28T14:41:32.302400,-35.3630827,149.1655678,10.017,0.02,0.0,0.0,0.02286231331527233,0.02294928766787052,242,0.0010332685196772218,0.0016964711248874664,-2.045727491378784,12.6,28.12,87,GUIDED,True,ACTIVE,10,6
2026-05-28T14:41:32.802917,-35.3630827,149.1655678,10.017,0.02,0.0,0.0,0.021787405014038086,0.021882060915231705,242,0.0012939299922436476,0.00188436359167099,-2.0457680225372314,12.6,28.09,86,GUIDED,True,ACTIVE,10,6
2026-05-28T14:41:33.303408,-35.3630827,149.1655678,10.017,0.02,0.0,0.0,0.022280454635620117,0.02238696999847889,242,0.0014840547228232026,0.0018399640684947371,-2.045844316482544,12.6,28.14,86,GUIDED,True,ACTIVE,10,6
2026-05-28T14:41:33.803874,-35.3630827,149.1655678,10.017,0.02,0.0,0.0,0.02236965112388134,0.022453760728240013,242,0.0013599451631307602,0.0017953049391508102,-2.045923948287964,12.6,28.12,86,GUIDED,True,ACTIVE,10,6
2026-05-28T14:41:34.304410,-35.3630827,149.1655678,10.017,0.02,0.0,0.0,0.022448493167757988,0.022541912272572517,242,0.0013408854138106108,0.0018016098765656352,-2.045959949493408,12.6,28.12,86,GUIDED,True,ACTIVE,10,6
2026-05-28T14:41:34.804889,-35.3630827,149.1655678,10.017,0.02,0.0,0.0,0.02254975214600563,0.022647248581051826,242,0.0013020166661590338,0.0020504030399024487,-2.046025514602661,12.6,28.09,86,GUIDED,True,ACTIVE,10,6
2026-05-28T14:41:35.305534,-35.3630827,149.1655678,10.018,0.02,0.0,0.0,0.02270398661494255,0.02277708612382412,242,0.0013842526823282242,0.0018306826241314411,-2.0460760593414307,12.6,28.12,86,GUIDED,True,ACTIVE,10,6
2026-05-28T14:41:35.806131,-35.3630827,149.1655678,10.018,0.02,0.0,0.0,0.022635415196418762,0.022697558626532555,242,0.0015391121851280332,0.0018837482202798128,-2.0461368560791016,12.6,28.09,86,GUIDED,True,ACTIVE,10,6
2026-05-28T14:41:36.306809,-35.3630827,149.1655678,10.018,0.02,0.0,0.0,0.023311080411076546,0.023365650326013565,242,0.0015437966212630272,0.0017315647564828396,-2.046154260635376,12.6,28.12,86,GUIDED,True,ACTIVE,10,6
2026-05-28T14:41:36.807889,-35.3630827,149.1655678,10.018,0.02,0.0,0.0,0.023540889844298363,0.02360178902745247,242,0.001493286108598113,0.0020971372723579407,-2.0461864471435547,12.6,28.09,85,GUIDED,True,ACTIVE,10,6
2026-05-28T14:41:37.308622,-35.3630827,149.1655678,10.018,0.02,0.0,0.0,0.023889847099781036,0.023947076871991158,242,0.0013880901969969273,0.0018699937500059605,-2.046266794204712,12.6,28.12,85,GUIDED,True,ACTIVE,10,6
2026-05-28T14:41:37.809323,-35.3630827,149.1655678,10.018,0.02,0.0,0.0,0.023478711023926735,0.023514792323112488,242,0.0014301302144303918,0.0018230821006000042,-2.0462427139282227,12.6,28.09,85,GUIDED,True,ACTIVE,10,6
2026-05-28T14:41:38.309819,-35.3630827,149.1655678,10.018,0.02,0.0,0.0,0.023411642760038376,0.023455943912267685,242,0.0014139108825474977,0.0019836577121168375,-2.046355724334717,12.6,28.12,85,GUIDED,True,ACTIVE,10,6
2026-05-28T14:41:38.810423,-35.3630827,149.1655678,10.018,0.02,0.0,0.0,0.02370016649365425,0.023743189871311188,242,0.0014850314473733306,0.001953629544004798,-2.046370029449463,12.6,28.09,85,GUIDED,True,ACTIVE,10,6
2026-05-28T14:41:39.311031,-35.3630827,149.1655678,10.018,0.02,0.0,0.0,0.023438215255737305,0.02347877062857151,242,0.0014362121000885963,0.0018068788340315223,-2.0463948249816895,12.6,28.09,85,GUIDED,True,ACTIVE,10,6
2026-05-28T14:41:39.811545,-35.3630827,149.1655678,10.018,0.02,0.0,0.0,0.023100901395082474,0.023145414888858795,242,0.001479857717640698,0.0017777649918571115,-2.0463831424713135,12.6,28.09,85,GUIDED,True,ACTIVE,10,6
2026-05-28T14:41:40.311951,-35.3630827,149.1655678,10.018,0.02,0.0,0.0,0.023374708369374275,0.023403868079185486,242,0.001641237293370068,0.001835582428611815,-2.046445846557617,12.6,28.12,85,GUIDED,True,ACTIVE,10,6
2026-05-28T14:41:40.812258,-35.3630827,149.1655678,10.018,0.02,0.0,0.0,0.023689009249210358,0.02373412437736988,242,0.0014366819523274899,0.0017966959858313203,-2.0465455055236816,12.6,28.09,85,GUIDED,True,ACTIVE,10,6
2026-05-28T14:41:41.312881,-35.3630827,149.1655678,10.018,0.02,0.0,0.0,0.02365788258612156,0.023698389530181885,242,0.0014866584679111838,0.0018033439991995692,-2.0465316772460938,12.6,28.11,84,GUIDED,True,ACTIVE,10,6
2026-05-28T14:41:41.813038,-35.3630827,149.1655678,10.019,0.02,0.0,0.0,0.02327539399266243,0.023290015757083893,242,0.0014055147767066956,0.0018524255137890577,-2.0465664863586426,12.6,28.11,84,GUIDED,True,ACTIVE,10,6
2026-05-28T14:41:42.313508,-35.3630827,149.1655678,10.019,0.02,0.0,0.0,0.02350006438791752,0.023500489071011543,242,0.0013558089267462492,0.0019528375705704093,-2.0465235710144043,12.6,28.09,84,GUIDED,True,ACTIVE,10,6
2026-05-28T14:41:42.814125,-35.3630827,149.1655678,10.02,0.02,0.0,0.0,0.02309189736843109,0.023091943934559822,242,0.0016066523967310786,0.0018026722827926278,-2.0465598106384277,12.6,28.14,84,GUIDED,True,ACTIVE,10,6
2026-05-28T14:41:43.314437,-35.3630827,149.1655678,10.02,0.02,0.0,0.0,0.023908011615276337,0.023908177390694618,242,0.0019968431442976,0.002001579385250807,-2.0465824604034424,12.6,28.11,84,GUIDED,True,ACTIVE,10,6
2026-05-28T14:41:43.814850,-35.3630827,149.1655678,10.02,0.02,0.0,0.0,0.025537611916661263,0.025538327172398567,242,0.0020157061517238617,0.002005277667194605,-2.046583890914917,12.6,28.09,84,GUIDED,True,ACTIVE,10,6
2026-05-28T14:41:44.315421,-35.3630827,149.1655678,10.02,0.02,0.0,0.0,0.027073800563812256,0.027074366807937622,242,0.0018998970044776797,0.002015387872233987,-2.0465588569641113,12.6,28.09,84,GUIDED,True,ACTIVE,10,6
2026-05-28T14:41:44.816130,-35.3630827,149.1655678,10.02,0.02,0.0,0.0,0.027565928176045418,0.027570366859436035,242,0.0016606580466032028,0.0019623145926743746,-2.046541690826416,12.6,28.11,84,GUIDED,True,ACTIVE,10,6
2026-05-28T14:41:45.316604,-35.3630827,149.1655678,10.02,0.02,0.0,0.0,0.027027273550629616,0.027029622346162796,242,0.0015695893671363592,0.0016341174487024546,-2.046607732772827,12.6,28.11,83,GUIDED,True,ACTIVE,10,6
2026-05-28T14:41:45.817246,-35.3630827,149.1655678,10.02,0.02,0.0,0.0,0.025779955089092255,0.025783786550164223,242,0.001834886847063899,0.0013159228255972266,-2.046647787094116,12.6,28.09,83,GUIDED,True,ACTIVE,10,6
2026-05-28T14:41:46.318104,-35.3630827,149.1655678,10.019,0.02,0.0,0.0,0.025854535400867462,0.02585454098880291,242,0.0018073106184601784,0.0015518832951784134,-2.0466792583465576,12.6,28.12,83,GUIDED,True,ACTIVE,10,6
2026-05-28T14:41:46.818658,-35.3630827,149.1655678,10.019,0.02,0.0,0.0,0.02480829507112503,0.024813717231154442,242,0.0013368930667638779,0.0012425144668668509,-2.046679735183716,12.6,28.12,83,GUIDED,True,ACTIVE,10,6
2026-05-28T14:41:47.318840,-35.3630827,149.1655678,10.019,0.02,0.0,0.0,0.023318681865930557,0.023330528289079666,242,0.001243234146386385,0.0014993140939623117,-2.0466713905334473,12.6,28.12,83,GUIDED,True,ACTIVE,10,6
2026-05-28T14:41:47.819451,-35.3630827,149.1655678,10.018,0.02,0.0,0.0,0.02142251655459404,0.021450713276863098,242,0.0012230618158355355,0.001835264265537262,-2.0466620922088623,12.6,28.12,83,GUIDED,True,ACTIVE,10,6
2026-05-28T14:41:48.319688,-35.3630827,149.1655678,10.018,0.02,0.0,0.0,0.021076368167996407,0.021108359098434448,242,0.0014302169438451529,0.0018248568521812558,-2.04673171043396,12.6,28.11,83,GUIDED,True,ACTIVE,10,6
2026-05-28T14:41:48.820100,-35.3630827,149.1655678,10.019,0.02,0.0,0.0,0.021209586411714554,0.021239086985588074,242,0.0015639110933989286,0.0015954823466017842,-2.0467162132263184,12.6,28.09,83,GUIDED,True,ACTIVE,10,6
2026-05-28T14:41:49.320715,-35.3630827,149.1655678,10.019,0.02,0.0,0.0,0.021544553339481354,0.021552635356783867,242,0.0016319762216880918,0.0018108099466189742,-2.0466768741607666,12.6,28.14,83,GUIDED,True,ACTIVE,10,6
2026-05-28T14:41:49.821102,-35.3630827,149.1655678,10.019,0.02,0.0,0.0,0.022218678146600723,0.022219110280275345,242,0.0013428496895357966,0.0020000848453491926,-2.0466487407684326,12.6,28.09,82,GUIDED,True,ACTIVE,10,6
2026-05-28T14:41:50.321805,-35.3630827,149.1655678,10.02,0.02,0.0,0.0,0.022485002875328064,0.02248610556125641,242,0.0012028811033815145,0.0020967726595699787,-2.046680450439453,12.6,28.11,82,GUIDED,True,ACTIVE,10,6
2026-05-28T14:41:50.822543,-35.3630827,149.1655678,10.02,0.02,0.0,0.0,0.022596051916480064,0.02259623259305954,242,0.001508962595835328,0.0019205212593078613,-2.0466866493225098,12.6,28.11,82,GUIDED,True,ACTIVE,10,6
2026-05-28T14:41:51.322920,-35.3630827,149.1655678,10.02,0.02,0.0,0.0,0.023371534422039986,0.02337261103093624,242,0.0016455346485599875,0.0017437048954889178,-2.0466771125793457,12.6,28.09,82,GUIDED,True,ACTIVE,10,6
2026-05-28T14:41:51.823232,-35.3630827,149.1655678,10.02,0.02,0.0,0.0,0.023103181272745132,0.023106222972273827,242,0.0014556715032085776,0.0016439675819128752,-2.0466527938842773,12.6,28.11,82,GUIDED,True,ACTIVE,10,6
2026-05-28T14:41:52.323930,-35.3630827,149.1655678,10.02,0.02,0.0,0.0,0.02283209003508091,0.02283313125371933,242,0.001436219085007906,0.0018820794066414237,-2.046672821044922,12.6,28.11,82,GUIDED,True,ACTIVE,10,6
2026-05-28T14:41:52.824344,-35.3630827,149.1655678,10.02,0.02,0.0,0.0,0.02280237153172493,0.022807087749242783,242,0.0015086138155311346,0.001842641388066113,-2.046644926071167,12.6,28.09,82,GUIDED,True,ACTIVE,10,6
2026-05-28T14:41:53.325432,-35.3630827,149.1655678,10.019,0.02,0.0,0.0,0.02310246042907238,0.023103786632418633,242,0.0015937050338834524,0.001843819161877036,-2.0466225147247314,12.6,28.14,82,GUIDED,True,ACTIVE,10,6
2026-05-28T14:41:53.826680,-35.3630827,149.1655678,10.019,0.02,0.0,0.0,0.023077135905623436,0.02308739349246025,242,0.0015488778008148074,0.0016724239103496075,-2.046635150909424,12.6,28.12,81,GUIDED,True,ACTIVE,10,6
2026-05-28T14:41:54.329865,-35.3630827,149.1655678,10.018,0.02,0.0,0.0,0.02338314987719059,0.023398399353027344,242,0.001626761513762176,0.0015964958583936095,-2.0465805530548096,12.6,28.14,81,GUIDED,True,ACTIVE,10,6
2026-05-28T14:41:54.830286,-35.3630827,149.1655678,10.018,0.02,0.0,0.0,0.023167775943875313,0.02320306934416294,242,0.001387505210004747,0.0019592696335166693,-2.0465805530548096,12.6,28.14,81,GUIDED,True,ACTIVE,10,6
2026-05-28T14:41:55.330447,-35.3630827,149.1655678,10.018,0.02,0.0,0.0,0.023547887802124023,0.023582698777318,242,0.001625564182177186,0.0018115330021828413,-2.046579360961914,12.6,28.14,81,GUIDED,True,ACTIVE,10,6
2026-05-28T14:41:55.831027,-35.3630827,149.1655678,10.019,0.02,0.0,0.0,0.02300124801695347,0.02301829308271408,242,0.0013952821027487516,0.0016342152375727892,-2.04656982421875,12.6,28.09,81,GUIDED,True,ACTIVE,10,6
2026-05-28T14:41:56.331696,-35.3630827,149.1655678,10.019,0.02,0.0,0.0,0.02249903976917267,0.022505784407258034,242,0.0016233494970947504,0.001762044383212924,-2.0465750694274902,12.6,28.09,81,GUIDED,True,ACTIVE,10,6
2026-05-28T14:41:56.832547,-35.3630827,149.1655678,10.019,0.02,0.0,0.0,0.022604921832680702,0.02260689064860344,242,0.001516546937637031,0.001708893571048975,-2.046574831008911,12.6,28.09,81,GUIDED,True,ACTIVE,10,6
2026-05-28T14:41:57.333758,-35.3630827,149.1655678,10.019,0.02,0.0,0.0,0.02261843904852867,0.022618668153882027,242,0.0014998900005593896,0.0016870256513357162,-2.0465691089630127,12.6,28.11,81,GUIDED,True,ACTIVE,10,6
2026-05-28T14:41:57.834115,-35.3630827,149.1655678,10.02,0.02,0.0,0.0,0.023052839562296867,0.023052938282489777,242,0.0016292264917865396,0.001989001641049981,-2.046546697616577,12.6,28.11,81,GUIDED,True,ACTIVE,10,6
2026-05-28T14:41:58.335372,-35.3630827,149.1655678,10.02,0.02,0.0,0.0,0.023480603471398354,0.023481061682105064,242,0.0015090162632986903,0.0018343125702813268,-2.0465567111968994,12.6,28.11,80,GUIDED,True,ACTIVE,10,6
2026-05-28T14:41:58.836010,-35.3630827,149.1655678,10.02,0.02,0.0,0.0,0.023383677005767822,0.023384790867567062,242,0.001523139188066125,0.0016979952342808247,-2.046532154083252,12.6,28.11,80,GUIDED,True,ACTIVE,10,6
2026-05-28T14:41:59.337164,-35.3630827,149.1655678,10.02,0.02,0.0,0.0,0.022943416610360146,0.02294488437473774,242,0.0014832648448646069,0.0016719014383852482,-2.046482563018799,12.6,28.09,80,GUIDED,True,ACTIVE,10,6
2026-05-28T14:41:59.840139,-35.3630827,149.1655678,10.019,0.02,0.0,0.0,0.0222597848623991,0.022261405363678932,242,0.001472484553232789,0.0015577090671285987,-2.046410083770752,12.6,28.12,80,RTL,True,ACTIVE,10,6
2026-05-28T14:42:00.340762,-35.3630827,149.1655678,10.02,0.02,0.0,-0.02,0.02274007722735405,0.03445795923471451,242,0.0016453430289402604,0.001910985796712339,-2.0465474128723145,12.6,28.5,80,RTL,True,ACTIVE,10,6
2026-05-28T14:42:00.841363,-35.3630827,149.1655678,10.077,0.02,0.0,-0.23,0.023318948224186897,0.24106355011463165,242,0.0014432806055992842,0.0013172234175726771,-2.046525716781616,12.6,29.89,80,RTL,True,ACTIVE,10,6
2026-05-28T14:42:01.341938,-35.3630827,149.1655678,10.296,0.02,0.0,-0.65,0.022508198395371437,0.6592234373092651,242,0.0013976882910355926,0.001133205252699554,-2.0465402603149414,12.6,31.27,80,RTL,True,ACTIVE,10,6
2026-05-28T14:42:01.842534,-35.3630827,149.1655678,10.743,0.02,0.0,-1.12,0.020556151866912842,1.1247111558914185,242,0.0013729941565543413,0.0008200485608540475,-2.0465915203094482,12.6,31.64,80,RTL,True,ACTIVE,10,6
2026-05-28T14:42:02.343140,-35.3630827,149.1655678,11.415,0.02,0.0,-1.51,0.020280741155147552,1.5111403465270996,242,0.0017123027937486768,0.0014501544646918774,-2.0465517044067383,12.6,31.18,79,RTL,True,ACTIVE,10,6
2026-05-28T14:42:02.843619,-35.3630827,149.1655678,12.225,0.02,0.0,-1.67,0.020717740058898926,1.6741306781768799,242,0.0016795714618638158,0.0016521697398275137,-2.0465750694274902,12.6,30.05,79,RTL,True,ACTIVE,10,6
2026-05-28T14:42:03.343920,-35.3630827,149.1655678,13.066,0.01,0.0,-1.64,0.019849294796586037,1.6419075727462769,242,0.0012273617321625352,-0.002226915443316102,-2.0465972423553467,12.6,29.14,79,RTL,True,ACTIVE,10,6
2026-05-28T14:42:03.844518,-35.3630828,149.1655676,13.853,-0.05,-0.11,-1.44,0.1331089586019516,1.4540185928344727,242,-0.004995760973542929,-0.05942193791270256,-2.046562910079956,12.6,27.88,79,RTL,True,ACTIVE,10,6
2026-05-28T14:42:04.345156,-35.3630836,149.1655661,14.489,-0.28,-0.45,-1.03,0.5344454646110535,1.1627070903778076,242,-0.012401847168803215,-0.12638269364833832,-2.046112060546875,12.6,26.36,79,RTL,True,ACTIVE,10,6
2026-05-28T14:42:04.845895,-35.3630857,149.1655623,14.882,-0.63,-0.98,-0.52,1.1705540418624878,1.2824491262435913,242,-0.02011258713901043,-0.19894073903560638,-2.0450804233551025,12.6,26.11,79,RTL,True,ACTIVE,10,6
2026-05-28T14:42:05.346489,-35.3630897,149.1655551,15.03,-1.12,-1.7,-0.09,2.0421204566955566,2.04435133934021,242,-0.028103454038500786,-0.27335110306739807,-2.0433242321014404,12.6,27.03,79,RTL,True,ACTIVE,10,6
2026-05-28T14:42:05.846967,-35.3630962,149.1655434,15.021,-1.72,-2.61,0.07,3.1368014812469482,3.137718439102173,243,-0.033745091408491135,-0.3417137861251831,-2.0413320064544678,12.6,29.03,79,RTL,True,ACTIVE,10,6
2026-05-28T14:42:06.347771,-35.3631055,149.1655265,14.984,-2.36,-3.57,0.02,4.2832231521606445,4.283326148986816,243,-0.031746700406074524,-0.3518434464931488,-2.041180372238159,12.6,30.08,78,RTL,True,ACTIVE,10,6
2026-05-28T14:42:06.848537,-35.3631173,149.165505,14.975,-2.81,-4.25,-0.01,5.097752571105957,5.097779750823975,243,-0.02574673295021057,-0.3347645699977875,-2.0416481494903564,12.6,29.54,78,RTL,True,ACTIVE,10,6
2026-05-28T14:42:07.349144,-35.3631308,149.1654803,14.979,-3.13,-4.73,-0.02,5.679545879364014,5.679605007171631,243,-0.023734714835882187,-0.3345182240009308,-2.041273593902588,12.6,29.21,78,RTL,True,ACTIVE,10,6
2026-05-28T14:42:07.849559,-35.3631456,149.1654531,14.985,-3.35,-5.09,-0.02,6.100656509399414,6.1006951332092285,243,-0.02254309132695198,-0.3292351961135864,-2.0411558151245117,12.6,29.04,78,RTL,True,ACTIVE,10,6
2026-05-28T14:42:08.349834,-35.3631612,149.1654242,14.989,-3.49,-5.3,-0.01,6.356721878051758,6.356741905212402,243,-0.01969098299741745,-0.31040114164352417,-2.0414342880249023,12.6,28.8,78,RTL,True,ACTIVE,10,6
2026-05-28T14:42:08.850271,-35.3631773,149.1653946,14.992,-3.53,-5.36,-0.01,6.427925109863281,6.427933692932129,243,-0.017601454630494118,-0.2878479063510895,-2.041703701019287,12.6,28.58,78,RTL,True,ACTIVE,10,6
2026-05-28T14:42:09.350834,-35.3631933,149.1653649,14.993,-3.51,-5.32,0.0,6.382608413696289,6.3826141357421875,242,-0.014342177659273148,-0.2538144588470459,-2.0423455238342285,12.6,28.44,78,RTL,True,ACTIVE,10,6
2026-05-28T14:42:09.851223,-35.363209,149.1653358,14.994,-3.36,-5.09,0.0,6.1033759117126465,6.1033782958984375,242,-0.007125063333660364,-0.1880360245704651,-2.042874336242676,12.6,28.1,78,RTL,True,ACTIVE,10,6
2026-05-28T14:42:10.351569,-35.3632237,149.1653086,14.994,-3.07,-4.65,0.0,5.580226898193359,5.580225944519043,242,0.000281940505374223,-0.10813097655773163,-2.043224811553955,12.6,28.0,77,RTL,True,ACTIVE,10,6
2026-05-28T14:42:10.851908,-35.3632367,149.1652844,14.992,-2.64,-4.01,0.0,4.810551643371582,4.810553550720215,242,0.008794853463768959,-0.012671558186411858,-2.0426740646362305,12.6,28.05,77,RTL,True,ACTIVE,10,6
2026-05-28T14:42:11.352523,-35.3632475,149.1652644,14.991,-2.07,-3.16,0.0,3.783677101135254,3.7836780548095703,243,0.017813295125961304,0.09728294610977173,-2.0414037704467773,12.6,28.34,77,RTL,True,ACTIVE,10,6
2026-05-28T14:42:11.853154,-35.3632554,149.1652495,14.992,-1.4,-2.13,0.0,2.555647850036621,2.5556540489196777,243,0.021050775423645973,0.15894433856010437,-2.0401806831359863,12.6,28.63,77,RTL,True,ACTIVE,10,6
2026-05-28T14:42:12.355501,-35.3632604,149.16524,14.998,-0.82,-1.26,0.0,1.5100730657577515,1.51009202003479,243,0.014540879055857658,0.14338381588459015,-2.0405421257019043,12.6,28.41,77,RTL,True,ACTIVE,10,6
2026-05-28T14:42:12.856044,-35.3632631,149.1652347,15.002,-0.4,-0.59,0.0,0.7216180562973022,0.7216225862503052,243,0.010561347007751465,0.11966092139482498,-2.0408549308776855,12.6,28.29,77,RTL,True,ACTIVE,10,6
2026-05-28T14:42:13.356813,-35.3632642,149.1652327,15.003,-0.11,-0.13,0.0,0.1773674339056015,0.17737969756126404,243,0.006898770108819008,0.08261390030384064,-2.0411605834960938,12.6,28.22,77,RTL,True,ACTIVE,10,6
2026-05-28T14:42:13.857313,-35.3632643,149.1652328,15.003,0.03,0.1,0.0,0.11070732027292252,0.11077695339918137,243,0.002542347414419055,0.03392326086759567,-2.0413658618927,12.6,28.13,77,RTL,True,ACTIVE,10,6
2026-05-28T14:42:14.357941,-35.3632641,149.1652335,15.002,0.05,0.12,0.0,0.1331636905670166,0.13320016860961914,243,-0.0006577706662937999,-0.00788023043423891,-2.0411899089813232,12.6,28.13,77,RTL,True,ACTIVE,10,6
2026-05-28T14:42:14.858702,-35.3632639,149.1652342,15.001,0.03,0.08,0.0,0.09336629509925842,0.09339123964309692,243,0.001612505060620606,-0.0013463168870657682,-2.0411574840545654,12.6,28.1,76,RTL,True,ACTIVE,10,6
2026-05-28T14:42:15.359548,-35.3632637,149.1652348,15.0,0.04,0.07,0.0,0.08869214355945587,0.08869296312332153,243,0.003615273628383875,0.002492913044989109,-2.0413553714752197,12.6,28.1,76,RTL,True,ACTIVE,10,6
2026-05-28T14:42:15.859860,-35.3632635,149.1652354,14.999,0.05,0.07,0.0,0.08798594027757645,0.08798682689666748,243,0.0037325117737054825,0.0008121877326630056,-2.041470527648926,12.6,28.13,76,RTL,True,ACTIVE,10,6
2026-05-28T14:42:16.360478,-35.3632633,149.1652359,14.999,0.05,0.05,0.0,0.07987730950117111,0.07987909018993378,243,0.0030692045111209154,-0.0008130415808409452,-2.041531801223755,12.6,28.13,76,RTL,True,ACTIVE,10,6
2026-05-28T14:42:16.860872,-35.3632631,149.1652363,14.999,0.05,0.04,0.0,0.0664118304848671,0.06641761213541031,243,0.0025339275598526,-0.0016031831037253141,-2.0415117740631104,12.6,28.13,76,RTL,True,ACTIVE,10,6
2026-05-28T14:42:17.361309,-35.363263,149.1652366,15.0,0.04,0.02,0.0,0.054599761962890625,0.0546000599861145,243,0.0026342442724853754,-0.0009027678752318025,-2.041546583175659,12.6,28.1,76,RTL,True,ACTIVE,10,6
2026-05-28T14:42:17.861980,-35.3632629,149.1652368,15.001,0.04,0.01,0.0,0.04742169380187988,0.047432154417037964,243,0.002544812159612775,9.792127093533054e-05,-2.0415844917297363,12.6,28.13,76,RTL,True,ACTIVE,10,6
2026-05-28T14:42:18.362434,-35.3632628,149.1652369,15.001,0.04,0.01,0.0,0.04467529430985451,0.04471703618764877,243,0.002222734270617366,0.0008712998824194074,-2.0415518283843994,12.6,28.13,76,RTL,True,ACTIVE,10,6
2026-05-28T14:42:18.862690,-35.3632628,149.165237,15.0,0.03,0.01,0.0,0.04095454886555672,0.0409652478992939,243,0.0018338541267439723,0.0013455109437927604,-2.041558265686035,12.6,28.1,75,RTL,True,ACTIVE,10,6
2026-05-28T14:42:19.363010,-35.3632627,149.165237,14.997,0.03,0.01,0.04,0.03999960049986839,0.06039213016629219,243,0.0015483866445720196,0.002326718531548977,-2.041562557220459,12.6,27.36,75,RTL,True,ACTIVE,10,6
2026-05-28T14:42:19.863633,-35.3632627,149.165237,14.861,0.03,0.01,0.53,0.038117337971925735,0.5351046323776245,243,0.001361246220767498,0.0026825456880033016,-2.0415477752685547,12.6,24.65,75,RTL,True,ACTIVE,10,6
2026-05-28T14:42:20.363918,-35.3632626,149.1652371,14.457,0.03,0.01,1.09,0.03745662048459053,1.0948147773742676,243,0.001841723220422864,0.002225574105978012,-2.041545867919922,12.6,24.22,75,RTL,True,ACTIVE,10,6
2026-05-28T14:42:20.864389,-35.3632626,149.1652372,13.783,0.03,0.01,1.52,0.036399126052856445,1.5285511016845703,243,0.0024637319147586823,0.0018574114656075835,-2.0414977073669434,12.6,25.31,75,RTL,True,ACTIVE,10,6
2026-05-28T14:42:21.364992,-35.3632626,149.1652372,12.994,0.03,0.01,1.56,0.036529358476400375,1.561531662940979,243,0.0020611148793250322,0.0020600927527993917,-2.041482925415039,12.6,27.04,75,RTL,True,ACTIVE,10,6
2026-05-28T14:42:21.865510,-35.3632626,149.1652373,12.219,0.03,0.01,1.49,0.03633888065814972,1.4998992681503296,243,0.0020243250764906406,0.0015851726057007909,-2.041503429412842,12.6,27.18,75,RTL,True,ACTIVE,10,6
2026-05-28T14:42:22.365723,-35.3632626,149.1652373,11.469,0.03,0.0,1.45,0.034644965082407,1.4582083225250244,243,0.002103571780025959,0.0020255339331924915,-2.041558265686035,12.6,27.09,75,RTL,True,ACTIVE,10,6
2026-05-28T14:42:22.866334,-35.3632626,149.1652373,10.808,0.03,0.0,1.07,0.03510821983218193,1.0757596492767334,243,0.0018391577759757638,0.0020866680424660444,-2.041475772857666,12.6,30.09,75,RTL,True,ACTIVE,10,6
2026-05-28T14:42:23.367010,-35.3632625,149.1652373,10.4,0.03,0.01,0.54,0.03458888828754425,0.5501291751861572,243,0.0012655751779675484,0.0018244406674057245,-2.041459560394287,12.6,30.39,74,RTL,True,ACTIVE,10,6
2026-05-28T14:42:23.867754,-35.3632625,149.1652373,10.172,0.02,0.01,0.4,0.03143623471260071,0.4078782796859741,243,0.001360301161184907,0.0020716453436762094,-2.041470766067505,12.6,27.95,74,RTL,True,ACTIVE,10,6
2026-05-28T14:42:24.368170,-35.3632625,149.1652373,9.959,0.02,0.01,0.45,0.030909858644008636,0.45873409509658813,243,0.0018751658499240875,0.002293298952281475,-2.041459560394287,12.6,27.4,74,RTL,True,ACTIVE,10,6
2026-05-28T14:42:24.868856,-35.3632625,149.1652373,9.72,0.02,0.01,0.5,0.030871305614709854,0.5054150819778442,243,0.0017807104159146547,0.0021970681846141815,-2.041473150253296,12.6,27.54,74,RTL,True,ACTIVE,10,6
2026-05-28T14:42:25.369508,-35.3632625,149.1652373,9.467,0.02,0.01,0.51,0.030243003740906715,0.5177013278007507,243,0.0010456389281898737,0.002011585747823119,-2.0414652824401855,12.6,27.71,74,RTL,True,ACTIVE,10,6
2026-05-28T14:42:25.869956,-35.3632625,149.1652373,9.213,0.02,0.0,0.51,0.027083899825811386,0.5132169723510742,243,0.0011806502006947994,0.001546077081002295,-2.0415420532226562,12.6,27.76,74,RTL,True,ACTIVE,10,6
2026-05-28T14:42:26.370437,-35.3632625,149.1652373,8.96,0.02,0.0,0.5,0.02564358524978161,0.5090059638023376,243,0.0014023126568645239,0.0020248545333743095,-2.041508674621582,12.6,27.76,74,RTL,True,ACTIVE,10,6
2026-05-28T14:42:26.871090,-35.3632625,149.1652373,8.708,0.02,0.0,0.5,0.025055093690752983,0.5067200064659119,243,0.0014214481925591826,0.001785864238627255,-2.0415570735931396,12.6,27.74,74,RTL,True,ACTIVE,10,6
2026-05-28T14:42:27.371746,-35.3632625,149.1652374,8.456,0.02,0.0,0.5,0.025312000885605812,0.50440514087677,243,0.0016861556796357036,0.00198348262347281,-2.041501522064209,12.6,27.74,74,RTL,True,ACTIVE,10,6
2026-05-28T14:42:27.872130,-35.3632625,149.1652374,8.206,0.02,0.0,0.5,0.025541136041283607,0.5034140348434448,243,0.001950180740095675,0.0012290521990507841,-2.041443347930908,12.6,27.71,73,RTL,True,ACTIVE,10,6
2026-05-28T14:42:28.373128,-35.3632625,149.1652374,7.955,0.02,0.0,0.5,0.02454039826989174,0.502813994884491,243,0.001785011263564229,0.0013980154180899262,-2.04142427444458,12.6,27.74,73,RTL,True,ACTIVE,10,6
2026-05-28T14:42:28.873741,-35.3632624,149.1652374,7.705,0.02,0.0,0.5,0.02406568080186844,0.5025936365127563,243,0.0011811306467279792,0.0017527061281725764,-2.041466236114502,12.6,27.74,73,RTL,True,ACTIVE,10,6
2026-05-28T14:42:29.374224,-35.3632624,149.1652374,7.455,0.02,0.0,0.5,0.02197657898068428,0.5022064447402954,243,0.0007747797062620521,0.0016960131470113993,-2.0414958000183105,12.6,27.74,73,RTL,True,ACTIVE,10,6
2026-05-28T14:42:29.874733,-35.3632624,149.1652374,7.204,0.01,0.0,0.5,0.02036074921488762,0.5021209716796875,243,0.0010549522703513503,0.0016414629062637687,-2.041558265686035,12.6,27.74,73,RTL,True,ACTIVE,10,6
2026-05-28T14:42:30.375381,-35.3632624,149.1652374,6.954,0.01,0.0,0.5,0.019906314089894295,0.5018550753593445,243,0.001410343567840755,0.0016956697218120098,-2.0415942668914795,12.6,27.74,73,RTL,True,ACTIVE,10,6
2026-05-28T14:42:30.875895,-35.3632624,149.1652374,6.704,0.01,0.0,0.5,0.020320134237408638,0.5018650889396667,243,0.001862256438471377,0.0012906307820230722,-2.041572332382202,12.6,27.74,73,RTL,True,ACTIVE,10,6
2026-05-28T14:42:31.376461,-35.3632624,149.1652374,6.454,0.02,0.0,0.5,0.020957952365279198,0.5014839768409729,243,0.001840937533415854,0.0011146353790536523,-2.0415732860565186,12.6,27.74,73,RTL,True,ACTIVE,10,6
2026-05-28T14:42:31.877031,-35.3632624,149.1652374,6.203,0.02,0.0,0.5,0.020399929955601692,0.5006743669509888,243,0.0013644472928717732,0.0012711407616734505,-2.041518449783325,12.6,27.77,72,RTL,True,ACTIVE,10,6
2026-05-28T14:42:32.377706,-35.3632624,149.1652374,5.952,0.02,0.0,0.49,0.020222442224621773,0.5002666711807251,243,0.0014536002418026328,0.0015602364437654614,-2.0416150093078613,12.6,27.74,72,RTL,True,ACTIVE,10,6
2026-05-28T14:42:32.878557,-35.3632624,149.1652374,5.702,0.02,0.0,0.49,0.02019057609140873,0.49941399693489075,243,0.0015828676987439394,0.0014303931966423988,-2.041564702987671,12.6,27.74,72,RTL,True,ACTIVE,10,6
2026-05-28T14:42:33.378756,-35.3632624,149.1652374,5.451,0.02,0.0,0.49,0.0205960925668478,0.4989657998085022,243,0.001782155130058527,0.001846811966970563,-2.041594982147217,12.6,27.72,72,RTL,True,ACTIVE,10,6
2026-05-28T14:42:33.879938,-35.3632624,149.1652374,5.201,0.02,0.0,0.49,0.023062800988554955,0.49875396490097046,243,0.0020012890454381704,0.0020309542305767536,-2.0415830612182617,12.6,27.77,72,RTL,True,ACTIVE,10,6
2026-05-28T14:42:34.380269,-35.3632624,149.1652374,4.951,0.02,0.0,0.49,0.024566644802689552,0.49903354048728943,243,0.0018456170801073313,0.001628442551009357,-2.041591167449951,12.6,27.72,72,RTL,True,ACTIVE,10,6
2026-05-28T14:42:34.881251,-35.3632624,149.1652374,4.701,0.02,0.0,0.49,0.024746742099523544,0.49901652336120605,243,0.001747981528751552,0.0015710702864453197,-2.041595697402954,12.6,27.72,72,RTL,True,ACTIVE,10,6
2026-05-28T14:42:35.381897,-35.3632624,149.1652374,4.452,0.02,0.0,0.49,0.024397658184170723,0.4996023178100586,243,0.0015668171690776944,0.0016465837834402919,-2.0415422916412354,12.6,27.72,72,RTL,True,ACTIVE,10,6
2026-05-28T14:42:35.882409,-35.3632624,149.1652374,4.202,0.02,0.0,0.49,0.024036627262830734,0.4996384382247925,243,0.0013817918952554464,0.0021368965972214937,-2.0415751934051514,12.6,27.72,72,RTL,True,ACTIVE,10,6
2026-05-28T14:42:36.383690,-35.3632624,149.1652374,3.952,0.02,0.0,0.49,0.02389080822467804,0.49986666440963745,243,0.001298349816352129,0.0020170772913843393,-2.041571855545044,12.6,27.72,71,RTL,True,ACTIVE,10,6
2026-05-28T14:42:36.884105,-35.3632624,149.1652374,3.702,0.02,0.0,0.49,0.024134529754519463,0.49992820620536804,243,0.001600848394446075,0.001904840231873095,-2.041574716567993,12.6,27.72,71,RTL,True,ACTIVE,10,6
2026-05-28T14:42:37.384941,-35.3632624,149.1652374,3.452,0.02,0.0,0.49,0.024438608437776566,0.4998478293418884,243,0.0015930939698591828,0.0016835328424349427,-2.0415730476379395,12.6,27.75,71,RTL,True,ACTIVE,10,6
2026-05-28T14:42:37.885544,-35.3632624,149.1652374,3.201,0.02,0.0,0.49,0.02377384901046753,0.4993188679218292,243,0.0015807474264875054,0.0016645548166707158,-2.0415854454040527,12.6,27.75,71,RTL,True,ACTIVE,10,6
2026-05-28T14:42:38.385860,-35.3632624,149.1652374,2.951,0.02,0.0,0.49,0.023844918236136436,0.4992419481277466,243,0.001669712015427649,0.0018873413791880012,-2.0415680408477783,12.6,27.73,71,RTL,True,ACTIVE,10,6
2026-05-28T14:42:38.888378,-35.3632624,149.1652374,2.7,0.02,0.0,0.49,0.02433832176029682,0.49893343448638916,243,0.0016204278217628598,0.0018558223964646459,-2.0415916442871094,12.6,27.73,71,RTL,True,ACTIVE,10,6
2026-05-28T14:42:39.389779,-35.3632624,149.1652374,2.451,0.02,0.0,0.49,0.024348562583327293,0.49841243028640747,243,0.0015428742626681924,0.0017338322941213846,-2.041574716567993,12.6,27.75,71,RTL,True,ACTIVE,10,6
2026-05-28T14:42:39.890513,-35.3632624,149.1652374,2.201,0.02,0.0,0.49,0.023628095164895058,0.49828383326530457,243,0.0014991388889029622,0.0016611232422292233,-2.041590452194214,12.6,27.73,71,RTL,True,ACTIVE,10,6
2026-05-28T14:42:40.391224,-35.3632624,149.1652374,1.951,0.02,0.0,0.49,0.023237047716975212,0.49871471524238586,243,0.001454537850804627,0.0016898754984140396,-2.041586399078369,12.6,27.73,70,RTL,True,ACTIVE,10,6
2026-05-28T14:42:40.891570,-35.3632624,149.1652374,1.701,0.02,0.0,0.49,0.02317412570118904,0.4990687966346741,243,0.0012937678257003427,0.0015058881836012006,-2.0415947437286377,12.6,27.75,70,RTL,True,ACTIVE,10,6
2026-05-28T14:42:41.392003,-35.3632624,149.1652374,1.451,0.02,0.0,0.49,0.021453993394970894,0.4988287389278412,243,0.0010858081514015794,0.0014327813405543566,-2.041576862335205,12.6,27.73,70,RTL,True,ACTIVE,10,6
2026-05-28T14:42:41.892595,-35.3632624,149.1652374,1.201,0.01,0.0,0.49,0.01968848519027233,0.49853044748306274,243,0.0012142218183726072,0.0015425031306222081,-2.0415995121002197,12.6,27.76,70,RTL,True,ACTIVE,10,6
2026-05-28T14:42:42.393249,-35.3632624,149.1652374,0.951,0.01,0.0,0.49,0.019734177738428116,0.49858808517456055,243,0.0014075817307457328,0.0017335237935185432,-2.0415916442871094,12.6,27.73,70,LAND,True,ACTIVE,10,6
2026-05-28T14:42:42.893943,-35.3632624,149.1652374,0.701,0.01,0.0,0.49,0.01989457756280899,0.49890682101249695,243,0.0016590846935287118,0.0012510360684245825,-2.0415940284729004,12.6,27.76,70,LAND,True,ACTIVE,10,6
2026-05-28T14:42:43.394306,-35.3632624,149.1652374,0.451,0.01,0.0,0.49,0.0201401449739933,0.4985685646533966,243,0.00170223624445498,0.0011090431362390518,-2.0415918827056885,12.6,27.76,70,LAND,True,ACTIVE,10,6
2026-05-28T14:42:43.896944,-35.3632624,149.1652374,0.2,0.02,0.0,0.49,0.020207496359944344,0.4980013966560364,243,0.0016415631398558617,0.001331075793132186,-2.0415914058685303,12.6,27.76,70,LAND,True,ACTIVE,10,6
2026-05-28T14:42:44.397641,-35.3632624,149.1652374,-0.03,0.02,0.0,0.11,0.024944765493273735,0.12080717086791992,243,0.001565170125104487,0.0016037977766245604,-2.0415947437286377,12.6,27.76,70,LAND,True,ACTIVE,10,6
2026-05-28T14:42:44.898230,-35.3632624,149.1652375,-0.006,0.02,0.0,0.02,0.02581135928630829,0.03462962433695793,243,0.0015537788858637214,0.00168019684497267,-2.041566848754883,12.6,2.53,70,LAND,True,ACTIVE,10,6
2026-05-28T14:42:45.398924,-35.3632624,149.1652375,-0.009,0.02,0.0,0.0,0.02568344958126545,0.025761021301150322,243,0.0015434331726282835,0.0016696845414116979,-2.0415446758270264,12.6,0.15,70,LAND,True,ACTIVE,10,6
2026-05-28T14:42:45.899511,-35.3632624,149.1652375,-0.008,0.02,0.0,0.0,0.025124864652752876,0.025124866515398026,243,0.0015260321088135242,0.0016578590730205178,-2.041520118713379,12.6,0.22,70,LAND,True,ACTIVE,10,6
2026-05-28T14:42:46.400005,-35.3632624,149.1652375,-0.006,0.02,0.0,0.0,0.02468878962099552,0.0246889665722847,243,0.0015290627488866448,0.0016561433440074325,-2.0414974689483643,12.6,0.03,70,LAND,True,STANDBY,10,6
2026-05-28T14:42:46.900394,-35.3632624,149.1652375,-0.003,0.02,0.0,0.0,0.024208826944231987,0.024213669821619987,243,0.001512243296019733,0.0016604061238467693,-2.0413482189178467,12.6,0.0,70,LAND,True,STANDBY,10,6
2026-05-28T14:42:47.401080,-35.3632624,149.1652375,0.0,0.02,0.0,0.0,0.02393484301865101,0.02395051158964634,243,0.0014809028944000602,0.0016728384653106332,-2.0411665439605713,12.6,0.0,70,LAND,False,STANDBY,10,6
2026-05-28T14:42:47.901841,-35.3632624,149.1652375,0.001,0.02,0.0,0.0,0.023152586072683334,0.02317800186574459,243,0.0014384700916707516,0.0016535561298951507,-2.0409791469573975,12.6,0.0,70,LAND,False,STANDBY,10,6
2026-05-28T14:42:48.402505,-35.3632624,149.1652375,0.003,0.02,0.0,0.0,0.022307954728603363,0.022340234369039536,243,0.0014056324725970626,0.0016506437677890062,-2.0407838821411133,12.6,0.0,70,LAND,False,STANDBY,10,6
2026-05-28T14:42:48.903193,-35.3632624,149.1652375,0.004,0.02,0.0,0.0,0.021264996379613876,0.021294238045811653,243,0.0013762257294729352,0.001637498615309596,-2.0405941009521484,12.6,0.0,70,LAND,False,STANDBY,10,6
2026-05-28T14:42:49.404053,-35.3632624,149.1652375,0.005,0.01,0.0,0.0,0.02045930176973343,0.020491350442171097,243,0.0013535999460145831,0.0016466280212625861,-2.0403943061828613,12.6,0.0,70,LAND,False,STANDBY,10,6
2026-05-28T14:42:49.904789,-35.3632624,149.1652375,0.006,0.01,0.0,0.0,0.019823744893074036,0.019858580082654953,243,0.0013430326944217086,0.0016532561276108027,-2.0402042865753174,12.6,0.0,70,LAND,False,STANDBY,10,6
2026-05-28T14:42:50.405170,-35.3632624,149.1652375,0.006,0.01,0.0,0.0,0.0196086298674345,0.019639402627944946,243,0.001354746869765222,0.0016768095083534718,-2.0400140285491943,12.6,0.0,70,LAND,False,STANDBY,10,6
2026-05-28T14:42:50.905902,-35.3632624,149.1652375,0.007,0.01,0.0,0.0,0.019655965268611908,0.01968245580792427,243,0.0013751094229519367,0.0016935070743784308,-2.039815902709961,12.6,0.0,70,LAND,False,STANDBY,10,6
2026-05-28T14:42:51.407103,-35.3632624,149.1652375,0.007,0.01,0.0,0.0,0.019913772121071815,0.01993686892092228,243,0.0014044056879356503,0.0017116816015914083,-2.039630651473999,12.6,0.0,70,LAND,False,STANDBY,10,6
2026-05-28T14:42:51.907732,-35.3632624,149.1652375,0.008,0.01,0.0,0.0,0.020873108878731728,0.020893080160021782,243,0.0014461190439760685,0.0017349921399727464,-2.039346933364868,12.6,0.0,70,LAND,False,STANDBY,10,6
2026-05-28T14:42:52.408433,-35.3632624,149.1652375,0.008,0.01,0.0,0.0,0.02099686488509178,0.021019097417593002,243,0.0014680795138701797,0.001754852244630456,-2.039165496826172,12.6,0.0,70,LAND,False,STANDBY,10,6
2026-05-28T14:42:52.908967,-35.3632624,149.1652375,0.008,0.02,0.0,0.0,0.02169238030910492,0.02171843871474266,243,0.00147544639185071,0.0017705964855849743,-2.0390751361846924,12.6,0.0,70,LAND,False,STANDBY,10,6
2026-05-28T14:42:53.409607,-35.3632624,149.1652375,0.008,0.02,0.0,0.0,0.022430583834648132,0.022452522069215775,243,0.0015060259029269218,0.0017883781110867858,-2.038900136947632,12.6,0.0,70,LAND,False,STANDBY,10,6
2026-05-28T14:42:53.910760,-35.3632624,149.1652375,0.009,0.02,0.0,0.0,0.02305840328335762,0.02307511307299137,243,0.0015220061177387834,0.0017948407912626863,-2.0387258529663086,12.6,0.0,70,LAND,False,STANDBY,10,6
2026-05-28T14:42:54.411544,-35.3632624,149.1652375,0.009,0.02,0.0,0.0,0.023674121126532555,0.02368365414440632,243,0.0015419833362102509,0.0018132971599698067,-2.038543701171875,12.6,0.0,70,LAND,False,STANDBY,10,6
2026-05-28T14:42:54.911954,-35.3632624,149.1652375,0.009,0.02,0.0,0.0,0.024657314643263817,0.024663977324962616,243,0.0015597227029502392,0.0018377641681581736,-2.0382845401763916,12.6,0.0,70,LAND,False,STANDBY,10,6
2026-05-28T14:42:55.412414,-35.3632624,149.1652375,0.009,0.02,0.0,0.0,0.02459135837852955,0.02459559217095375,243,0.001558018266223371,0.0018363480921834707,-2.038115978240967,12.6,0.0,70,LAND,False,STANDBY,10,6
2026-05-28T14:42:55.912913,-35.3632624,149.1652375,0.009,0.02,0.0,0.0,0.02531028538942337,0.025314979255199432,243,0.0015775753417983651,0.0018497672863304615,-2.0379505157470703,12.6,0.0,70,LAND,False,STANDBY,10,6
2026-05-28T14:42:56.413842,-35.3632624,149.1652375,0.009,0.02,0.0,0.0,0.025295181199908257,0.025299951434135437,243,0.0015649189008399844,0.0018426341703161597,-2.0377891063690186,12.6,0.0,70,LAND,False,STANDBY,10,6
2026-05-28T14:42:56.914336,-35.3632624,149.1652375,0.009,0.02,0.0,0.0,0.025615639984607697,0.025619134306907654,243,0.0015613362193107605,0.0018403643043711782,-2.037625789642334,12.6,0.0,70,LAND,False,STANDBY,10,6
2026-05-28T14:42:57.414918,-35.3632624,149.1652375,0.009,0.02,0.0,0.0,0.025340234860777855,0.025342164561152458,243,0.0015522476751357317,0.0018413389334455132,-2.037465810775757,12.6,0.0,70,LAND,False,STANDBY,10,6
2026-05-28T14:42:57.919877,-35.3632624,149.1652375,0.009,0.02,0.0,0.0,0.025472817942500114,0.02547326125204563,243,0.0015548340743407607,0.001839452888816595,-2.0373055934906006,12.6,0.0,70,LAND,False,STANDBY,10,6
2026-05-28T14:42:58.420051,-35.3632624,149.1652375,0.008,0.02,0.0,0.0,0.02516361139714718,0.02516361139714718,243,0.0015543783083558083,0.0018330374732613564,-2.037140130996704,12.6,0.0,70,LAND,False,STANDBY,10,6
2026-05-28T14:42:58.920268,-35.3632624,149.1652375,0.008,0.02,0.0,0.0,0.025440702214837074,0.025440705940127373,243,0.0015553926350548863,0.0018276424380019307,-2.0369937419891357,12.6,0.0,70,LAND,False,STANDBY,10,6
2026-05-28T14:42:59.422715,-35.3632624,149.1652375,0.008,0.02,0.0,0.0,0.025086410343647003,0.02508641593158245,243,0.0015453379601240158,0.0018204535590484738,-2.0368492603302,12.6,0.0,70,LAND,False,STANDBY,10,6
2026-05-28T14:42:59.928722,-35.3632624,149.1652375,0.008,0.02,0.0,0.0,0.025276290252804756,0.025276312604546547,243,0.0015441575087606907,0.0018254783935844898,-2.0366992950439453,12.6,0.0,70,LAND,False,STANDBY,10,6
2026-05-28T14:43:00.429089,-35.3632624,149.1652375,0.008,0.02,0.0,0.0,0.024596426635980606,0.024597035720944405,243,0.0015290224691852927,0.0018202689243480563,-2.036550521850586,12.6,0.0,70,LAND,False,STANDBY,10,6
2026-05-28T14:43:00.930617,-35.3632624,149.1652375,0.008,0.02,0.0,0.0,0.024796590209007263,0.024797240272164345,243,0.0015241927467286587,0.0018295624759048223,-2.0364086627960205,12.6,0.0,70,LAND,False,STANDBY,10,6
2026-05-28T14:43:01.431274,-35.3632624,149.1652375,0.008,0.02,0.0,0.0,0.02442050538957119,0.024420645087957382,243,0.0015203976072371006,0.0018219267949461937,-2.0362634658813477,12.6,0.0,70,LAND,False,STANDBY,10,6
2026-05-28T14:43:01.933200,-35.3632624,149.1652375,0.008,0.02,0.0,0.0,0.024823568761348724,0.024823570623993874,243,0.001518221222795546,0.0018299416406080127,-2.0361251831054688,12.6,0.0,70,LAND,False,STANDBY,10,6
2026-05-28T14:43:02.436825,-35.3632624,149.1652375,0.008,0.02,0.0,0.0,0.024647945538163185,0.024648617953062057,243,0.0015064163599163294,0.0018246590625494719,-2.0359833240509033,12.6,0.0,70,LAND,False,STANDBY,10,6
2026-05-28T14:43:02.937115,-35.3632624,149.1652375,0.008,0.02,0.0,0.0,0.02471265010535717,0.02471347153186798,243,0.0015079573495313525,0.0018276377813890576,-2.0358400344848633,12.6,0.0,70,LAND,False,STANDBY,10,6
2026-05-28T14:43:03.437381,-35.3632624,149.1652375,0.008,0.02,0.0,0.0,0.024312889203429222,0.024313487112522125,243,0.0015074448892846704,0.0018248676788061857,-2.035712242126465,12.6,0.0,70,LAND,False,STANDBY,10,6
2026-05-28T14:43:03.937936,-35.3632624,149.1652375,0.008,0.02,0.0,0.0,0.024401985108852386,0.024402372539043427,243,0.001502725062891841,0.001824833219870925,-2.03558349609375,12.6,0.0,70,LAND,False,STANDBY,10,6
2026-05-28T14:43:04.438530,-35.3632624,149.1652375,0.008,0.02,0.0,0.0,0.02412545494735241,0.024125708267092705,243,0.0015006207395344973,0.0018175335135310888,-2.035468339920044,12.6,0.0,70,LAND,False,STANDBY,10,6
2026-05-28T14:43:04.939059,-35.3632624,149.1652375,0.008,0.02,0.0,0.0,0.02442389354109764,0.024424521252512932,243,0.001509182620793581,0.00181836006231606,-2.0353522300720215,12.6,0.0,70,LAND,False,STANDBY,10,6
2026-05-28T14:43:05.440393,-35.3632624,149.1652375,0.008,0.02,0.0,0.0,0.024158276617527008,0.02415894903242588,243,0.0015082138124853373,0.001812476315535605,-2.0352249145507812,12.6,0.0,70,LAND,False,STANDBY,10,6
2026-05-28T14:43:05.941309,-35.3632624,149.1652375,0.008,0.02,0.0,0.0,0.024194229394197464,0.024194858968257904,243,0.001503942534327507,0.0018122022738680243,-2.035104274749756,12.6,0.0,70,LAND,False,STANDBY,10,6
2026-05-28T14:43:06.441714,-35.3632624,149.1652375,0.008,0.02,0.0,0.0,0.02389984205365181,0.023900166153907776,243,0.0015006896574050188,0.0018066233024001122,-2.034986972808838,12.6,0.0,70,LAND,False,STANDBY,10,6
2026-05-28T14:43:06.942068,-35.3632624,149.1652375,0.007,0.02,0.0,0.0,0.02424611523747444,0.024246368557214737,243,0.001509221037849784,0.0018108129734173417,-2.0348711013793945,12.6,0.0,70,LAND,False,STANDBY,10,6
2026-05-28T14:43:07.442704,-35.3632624,149.1652375,0.007,0.02,0.0,0.0,0.023926284164190292,0.02392658218741417,243,0.0015040567377582192,0.001804057857953012,-2.034756660461426,12.6,0.0,70,LAND,False,STANDBY,10,6
2026-05-28T14:43:07.943188,-35.3632624,149.1652375,0.008,0.02,0.0,0.0,0.02439548447728157,0.02439558319747448,243,0.0015120910247787833,0.0018034479580819607,-2.0346381664276123,12.6,0.0,70,LAND,False,STANDBY,10,6
2026-05-28T14:43:08.443721,-35.3632624,149.1652375,0.008,0.02,0.0,0.0,0.024116840213537216,0.024117182940244675,243,0.0014992235228419304,0.0017881839303299785,-2.0345401763916016,12.6,0.0,70,LAND,False,STANDBY,10,6
2026-05-28T14:43:08.943888,-35.3632624,149.1652375,0.008,0.02,0.0,0.0,0.024180667474865913,0.02418181672692299,243,0.0015066679334267974,0.0017826647963374853,-2.0344431400299072,12.6,0.0,70,LAND,False,STANDBY,10,6
2026-05-28T14:43:09.444466,-35.3632624,149.1652375,0.008,0.02,0.0,0.0,0.023747257888317108,0.023748304694890976,243,0.0014962804270908237,0.0017698371084406972,-2.0343456268310547,12.6,0.0,70,LAND,False,STANDBY,10,6
2026-05-28T14:43:09.945052,-35.3632624,149.1652375,0.008,0.02,0.0,0.0,0.02395959571003914,0.02396056242287159,243,0.0014976795064285398,0.0017866858979687095,-2.0342519283294678,12.6,0.0,70,LAND,False,STANDBY,10,6
2026-05-28T14:43:10.445642,-35.3632624,149.1652375,0.008,0.02,0.0,0.0,0.023578176274895668,0.023580487817525864,243,0.0014889297308400273,0.0017899667145684361,-2.0341687202453613,12.6,0.0,70,LAND,False,STANDBY,10,6
2026-05-28T14:43:10.946245,-35.3632624,149.1652375,0.008,0.02,0.0,0.0,0.023913320153951645,0.023915771394968033,243,0.0014963774010539055,0.0017963971477001905,-2.034074306488037,12.6,0.0,70,LAND,False,STANDBY,10,6
2026-05-28T14:43:11.446467,-35.3632624,149.1652375,0.008,0.02,0.0,0.0,0.023760270327329636,0.02376202866435051,243,0.001494960393756628,0.0017966126324608922,-2.033975839614868,12.6,0.0,70,LAND,False,STANDBY,10,6
2026-05-28T14:43:11.946985,-35.3632624,149.1652375,0.008,0.02,0.0,0.0,0.02392181009054184,0.02392471767961979,243,0.001508924295194447,0.0018035448156297207,-2.033890724182129,12.6,0.0,70,LAND,False,STANDBY,10,6
2026-05-28T14:43:12.448018,-35.3632624,149.1652375,0.008,0.02,0.0,0.0,0.023894889280200005,0.023896606639027596,243,0.0014986916212365031,0.001796482247300446,-2.0338096618652344,12.6,0.0,70,LAND,False,STANDBY,10,6
2026-05-28T14:43:12.948609,-35.3632624,149.1652375,0.008,0.02,0.0,0.0,0.024098308756947517,0.02410140447318554,243,0.001486507011577487,0.0017997304676100612,-2.0337271690368652,12.6,0.0,70,LAND,False,STANDBY,10,6
2026-05-28T14:43:13.449198,-35.3632624,149.1652375,0.008,0.02,0.0,0.0,0.023916181176900864,0.02391880378127098,243,0.0014835759066045284,0.001800483325496316,-2.03365421295166,12.6,0.0,70,LAND,False,STANDBY,10,6
2026-05-28T14:43:13.949801,-35.3632624,149.1652375,0.008,0.02,0.0,0.0,0.024199575185775757,0.024200333282351494,243,0.001491397270001471,0.0018014895031228662,-2.033573865890503,12.6,0.0,70,LAND,False,STANDBY,10,6
2026-05-28T14:43:14.450389,-35.3632624,149.1652375,0.008,0.02,0.0,0.0,0.024012010544538498,0.024012962356209755,243,0.0014866713900119066,0.001799456775188446,-2.0335099697113037,12.6,0.0,70,LAND,False,STANDBY,10,6
2026-05-28T14:43:14.950917,-35.3632624,149.1652375,0.008,0.02,0.0,0.0,0.024241862818598747,0.024242626503109932,243,0.0014945840230211616,0.0018055812688544393,-2.0334360599517822,12.6,0.0,70,LAND,False,STANDBY,10,6
2026-05-28T14:43:15.451445,-35.3632624,149.1652375,0.008,0.02,0.0,0.0,0.024067725986242294,0.024067996069788933,243,0.0014927329029887915,0.0018006220925599337,-2.0333642959594727,12.6,0.0,70,LAND,False,STANDBY,10,6
2026-05-28T14:43:15.951868,-35.3632624,149.1652375,0.008,0.02,0.0,0.0,0.024300726130604744,0.02430098131299019,243,0.0014953815843909979,0.0018133296398445964,-2.033294677734375,12.6,0.0,70,LAND,False,STANDBY,10,6
2026-05-28T14:43:16.452292,-35.3632624,149.1652375,0.008,0.02,0.0,0.0,0.023915546014904976,0.02391558699309826,243,0.001490065478719771,0.00179892813321203,-2.0332396030426025,12.6,0.0,70,LAND,False,STANDBY,10,6
2026-05-28T14:43:16.952885,-35.3632624,149.1652375,0.008,0.02,0.0,0.0,0.02424078993499279,0.024241091683506966,243,0.001494328840635717,0.0017979650292545557,-2.0331759452819824,12.6,0.0,70,LAND,False,STANDBY,10,6
2026-05-28T14:43:17.453487,-35.3632624,149.1652375,0.008,0.02,0.0,0.0,0.023918522521853447,0.023918597027659416,243,0.0014892019098624587,0.0017882660031318665,-2.033116340637207,12.6,0.0,70,LAND,False,STANDBY,10,6
2026-05-28T14:43:17.954032,-35.3632624,149.1652375,0.008,0.02,0.0,0.0,0.02406308799982071,0.024063462391495705,243,0.0014860389055684209,0.0017906550783663988,-2.033060073852539,12.6,0.0,70,LAND,False,STANDBY,10,6
2026-05-28T14:43:18.455119,-35.3632624,149.1652375,0.008,0.02,0.0,0.0,0.023851003497838974,0.023851506412029266,243,0.0014790735440328717,0.001786308130249381,-2.033008575439453,12.6,0.0,70,LAND,False,STANDBY,10,6
2026-05-28T14:43:18.955707,-35.3632624,149.1652375,0.008,0.02,0.0,0.0,0.024013720452785492,0.024014094844460487,243,0.0014780947240069509,0.0017920340178534389,-2.032954216003418,12.6,0.0,70,LAND,False,STANDBY,10,6
2026-05-28T14:43:19.455994,-35.3632624,149.1652375,0.008,0.02,0.0,0.0,0.023538902401924133,0.02353915199637413,243,0.0014764645602554083,0.0017872292082756758,-2.0328948497772217,12.6,0.0,70,LAND,False,STANDBY,10,6
2026-05-28T14:43:19.956580,-35.3632624,149.1652375,0.008,0.02,0.0,0.0,0.023856883868575096,0.023856980726122856,243,0.0014860156225040555,0.0017909572925418615,-2.0328431129455566,12.6,0.0,70,LAND,False,STANDBY,10,6
2026-05-28T14:43:20.457185,-35.3632624,149.1652375,0.008,0.02,0.0,0.0,0.023612219840288162,0.02361244149506092,243,0.0014725088840350509,0.0017762831412255764,-2.0328011512756348,12.6,0.0,70,LAND,False,STANDBY,10,6
2026-05-28T14:43:20.957553,-35.3632624,149.1652375,0.008,0.02,0.0,0.0,0.023680849000811577,0.023681150749325752,243,0.00147705536801368,0.0017819314962252975,-2.032762050628662,12.6,0.0,70,LAND,False,STANDBY,10,6
2026-05-28T14:43:21.458152,-35.3632624,149.1652375,0.008,0.02,0.0,0.0,0.02329317480325699,0.023293714970350266,243,0.0014769196277484298,0.0017816858598962426,-2.032726526260376,12.6,0.0,70,LAND,False,STANDBY,10,6
2026-05-28T14:43:21.959064,-35.3632624,149.1652375,0.008,0.02,0.0,0.0,0.023613356053829193,0.02361469902098179,243,0.001481942948885262,0.0017844665562734008,-2.032684803009033,12.6,0.0,70,LAND,False,STANDBY,10,6
2026-05-28T14:43:22.459663,-35.3632624,149.1652375,0.007,0.02,0.0,0.0,0.023387620225548744,0.023388594388961792,243,0.001470807008445263,0.001790159847587347,-2.032639980316162,12.6,0.0,70,LAND,False,STANDBY,10,6
2026-05-28T14:43:22.963844,-35.3632624,149.1652375,0.007,0.02,0.0,0.0,0.023716462776064873,0.02371705137193203,243,0.0014703301712870598,0.001809189561754465,-2.032602310180664,12.6,0.0,70,LAND,False,STANDBY,10,6
2026-05-28T14:43:23.464489,-35.3632624,149.1652375,0.007,0.02,0.0,0.0,0.02339954487979412,0.02339964732527733,243,0.001469931798055768,0.0018120970344170928,-2.0325655937194824,12.6,0.0,70,LAND,False,STANDBY,10,6
2026-05-28T14:43:23.965155,-35.3632624,149.1652375,0.007,0.02,0.0,0.0,0.023752719163894653,0.023752737790346146,243,0.0014740611659362912,0.0018183665815740824,-2.032528877258301,12.6,0.0,70,LAND,False,STANDBY,10,6
2026-05-28T14:43:24.465809,-35.3632624,149.1652375,0.008,0.02,0.0,0.0,0.023626865819096565,0.023626865819096565,243,0.0014707897789776325,0.0018158708699047565,-2.032494306564331,12.6,0.0,70,LAND,False,STANDBY,10,6
2026-05-28T14:43:24.966462,-35.3632624,149.1652375,0.007,0.02,0.0,0.0,0.023917682468891144,0.0239181537181139,243,0.0014750403352081776,0.0018160042818635702,-2.032475709915161,12.6,0.0,70,LAND,False,STANDBY,10,6
2026-05-28T14:43:25.467162,-35.3632624,149.1652375,0.007,0.02,0.0,0.0,0.023696407675743103,0.02369706705212593,243,0.0014685273636132479,0.0018068156205117702,-2.0324532985687256,12.6,0.0,70,LAND,False,STANDBY,10,6
2026-05-28T14:43:25.967798,-35.3632624,149.1652375,0.007,0.02,0.0,0.0,0.02394641377031803,0.02394852228462696,243,0.0014731382252648473,0.0018128323135897517,-2.032426118850708,12.6,0.0,70,LAND,False,STANDBY,10,6
2026-05-28T14:43:26.468547,-35.3632624,149.1652375,0.007,0.02,0.0,0.0,0.023680834099650383,0.023681502789258957,243,0.0014675759011879563,0.0018030545907095075,-2.0323939323425293,12.6,0.0,70,LAND,False,STANDBY,10,6
2026-05-28T14:43:26.970377,-35.3632624,149.1652375,0.007,0.02,0.0,0.0,0.023751426488161087,0.023752562701702118,243,0.0014654663391411304,0.0017998280236497521,-2.032374143600464,12.6,0.0,70,LAND,False,STANDBY,10,6
2026-05-28T14:43:27.472283,-35.3632624,149.1652375,0.007,0.02,0.0,0.0,0.02346600405871868,0.02346630021929741,243,0.00146553257945925,0.0017941652331501245,-2.032348871231079,12.6,0.0,70,LAND,False,STANDBY,10,6
2026-05-28T14:43:27.972729,-35.3632624,149.1652375,0.007,0.02,0.0,0.0,0.023749496787786484,0.023749852553009987,243,0.0014805446844547987,0.0018075924599543214,-2.0323314666748047,12.6,0.0,70,LAND,False,STANDBY,10,6
2026-05-28T14:43:28.473334,-35.3632624,149.1652375,0.007,0.02,0.0,0.0,0.023482656106352806,0.023482678458094597,243,0.0014766305685043335,0.0018070272635668516,-2.0323123931884766,12.6,0.0,70,LAND,False,STANDBY,10,6
2026-05-28T14:43:28.974261,-35.3632624,149.1652375,0.007,0.02,0.0,0.0,0.02395969070494175,0.02395971491932869,243,0.001477424637414515,0.0017986878519877791,-2.032289981842041,12.6,0.0,70,LAND,False,STANDBY,10,6
2026-05-28T14:43:29.474928,-35.3632624,149.1652375,0.007,0.02,0.0,0.0,0.023818982765078545,0.0238195713609457,243,0.001473365118727088,0.0017926397267729044,-2.0322787761688232,12.6,0.0,70,LAND,False,STANDBY,10,6
2026-05-28T14:43:29.975528,-35.3632624,149.1652375,0.007,0.02,0.0,0.0,0.023931190371513367,0.023931726813316345,243,0.0014676498249173164,0.0017966527957469225,-2.0322673320770264,12.6,0.0,70,LAND,False,STANDBY,10,6
2026-05-28T14:43:30.477212,-35.3632624,149.1652375,0.007,0.02,0.0,0.0,0.023690320551395416,0.023690911009907722,243,0.0014697271399199963,0.0018053905805572867,-2.0322461128234863,12.6,0.0,70,LAND,False,STANDBY,10,6
2026-05-28T14:43:30.977402,-35.3632624,149.1652375,0.007,0.02,0.0,0.0,0.023915840312838554,0.02391643449664116,243,0.0014712687116116285,0.0018046523910015821,-2.0322437286376953,12.6,0.0,70,LAND,False,STANDBY,10,6
2026-05-28T14:43:31.477882,-35.3632624,149.1652375,0.007,0.02,0.0,0.0,0.023687301203608513,0.023687683045864105,243,0.001468020724132657,0.0017946582520380616,-2.0322272777557373,12.6,0.0,70,LAND,False,STANDBY,10,6
2026-05-28T14:43:31.978434,-35.3632624,149.1652375,0.007,0.02,0.0,0.0,0.023839687928557396,0.0238397978246212,243,0.0014855043264105916,0.0017968183383345604,-2.0322158336639404,12.6,0.0,70,LAND,False,STANDBY,10,6
2026-05-28T14:43:32.479076,-35.3632624,149.1652375,0.007,0.02,0.0,0.0,0.02369733713567257,0.023697545751929283,243,0.0014878226211294532,0.0017941079568117857,-2.0322015285491943,12.6,0.0,70,LAND,False,STANDBY,10,6
2026-05-28T14:43:32.979624,-35.3632624,149.1652375,0.007,0.02,0.0,0.0,0.023900562897324562,0.023900562897324562,243,0.0014838558854535222,0.0017955484800040722,-2.032203197479248,12.6,0.0,70,LAND,False,STANDBY,10,6
2026-05-28T14:43:33.484362,-35.3632624,149.1652375,0.007,0.02,0.0,0.0,0.023905226960778236,0.02390523999929428,243,0.0014723542844876647,0.0017897182842716575,-2.032200336456299,12.6,0.0,70,LAND,False,STANDBY,10,6
2026-05-28T14:43:33.985052,-35.3632624,149.1652375,0.007,0.02,0.0,0.0,0.02402617782354355,0.02402621880173683,243,0.0014628246426582336,0.0017907196888700128,-2.0321969985961914,12.6,0.0,70,LAND,False,STANDBY,10,6
2026-05-28T14:43:34.485752,-35.3632624,149.1652375,0.008,0.02,0.0,0.0,0.02370951697230339,0.023709595203399658,243,0.001467207446694374,0.0017875263001769781,-2.0321929454803467,12.6,0.0,70,LAND,False,STANDBY,10,6
2026-05-28T14:43:34.986317,-35.3632624,149.1652375,0.007,0.02,0.0,0.0,0.023874621838331223,0.023874681442975998,243,0.0014707085210829973,0.00178993190638721,-2.032188653945923,12.6,0.0,70,LAND,False,STANDBY,10,6
2026-05-28T14:43:35.486872,-35.3632624,149.1652375,0.008,0.02,0.0,0.0,0.023624861612915993,0.02362491562962532,243,0.0014598120469599962,0.00178311497438699,-2.0321836471557617,12.6,0.0,70,LAND,False,STANDBY,10,6
2026-05-28T14:43:35.987178,-35.3632624,149.1652375,0.008,0.02,0.0,0.0,0.023709267377853394,0.023709366098046303,243,0.0014694203855469823,0.001782615901902318,-2.0321755409240723,12.6,0.0,70,LAND,False,STANDBY,10,6
2026-05-28T14:43:36.487673,-35.3632624,149.1652375,0.008,0.02,0.0,0.0,0.023407967761158943,0.02340800315141678,243,0.001472432748414576,0.001784846535883844,-2.0321733951568604,12.6,0.0,70,LAND,False,STANDBY,10,6
2026-05-28T14:43:36.987926,-35.3632624,149.1652375,0.008,0.02,0.0,0.0,0.023569559678435326,0.023569559678435326,243,0.0014748404501006007,0.001785391941666603,-2.0321733951568604,12.6,0.0,70,LAND,False,STANDBY,10,6
2026-05-28T14:43:37.488574,-35.3632624,149.1652375,0.008,0.02,0.0,0.0,0.02333703637123108,0.023337291553616524,243,0.0014634061371907592,0.00178770802449435,-2.032179832458496,12.6,0.0,70,LAND,False,STANDBY,10,6
2026-05-28T14:43:37.989095,-35.3632624,149.1652375,0.008,0.02,0.0,0.0,0.02363508567214012,0.023635489866137505,243,0.0014508109306916595,0.0017906149150803685,-2.0321810245513916,12.6,0.0,70,LAND,False,STANDBY,10,6
2026-05-28T14:43:38.490540,-35.3632624,149.1652375,0.007,0.02,0.0,0.0,0.0233025960624218,0.023303410038352013,243,0.0014558846596628428,0.001778908888809383,-2.032177209854126,12.6,0.0,70,LAND,False,STANDBY,10,6
2026-05-28T14:43:38.991138,-35.3632624,149.1652375,0.007,0.02,0.0,0.0,0.023518050089478493,0.023518498986959457,243,0.0014622032176703215,0.0017964038997888565,-2.0321714878082275,12.6,0.0,70,LAND,False,STANDBY,10,6
2026-05-28T14:43:39.491303,-35.3632624,149.1652375,0.007,0.02,0.0,0.0,0.023357486352324486,0.02335767075419426,243,0.0014586884062737226,0.0017896508798003197,-2.0321714878082275,12.6,0.0,70,LAND,False,STANDBY,10,6
2026-05-28T14:43:39.991879,-35.3632624,149.1652375,0.007,0.02,0.0,0.0,0.023623857647180557,0.023623939603567123,243,0.0014682281762361526,0.0017884079134091735,-2.032170295715332,12.6,0.0,70,LAND,False,STANDBY,10,6
2026-05-28T14:43:40.492513,-35.3632624,149.1652375,0.007,0.02,0.0,0.0,0.02336106449365616,0.023361189290881157,243,0.0014645990449935198,0.001786417094990611,-2.0321671962738037,12.6,0.0,70,LAND,False,STANDBY,10,6
2026-05-28T14:43:40.993121,-35.3632624,149.1652375,0.007,0.02,0.0,0.0,0.02358732558786869,0.023587722331285477,243,0.00146906275767833,0.0017867290880531073,-2.0321686267852783,12.6,0.0,70,LAND,False,STANDBY,10,6
2026-05-28T14:43:41.493492,-35.3632624,149.1652375,0.007,0.02,0.0,0.0,0.023357456550002098,0.02335771545767784,243,0.0014558191178366542,0.0017815381288528442,-2.0321850776672363,12.6,0.0,70,LAND,False,STANDBY,10,6
2026-05-28T14:43:41.994066,-35.3632624,149.1652375,0.007,0.02,0.0,0.0,0.023489702492952347,0.02348981611430645,243,0.0014608472120016813,0.0017854567850008607,-2.0321857929229736,12.6,0.0,70,LAND,False,STANDBY,10,6
2026-05-28T14:43:42.495291,-35.3632624,149.1652375,0.007,0.02,0.0,0.0,0.0231966283172369,0.023196762427687645,243,0.0014511985937133431,0.0017840435029938817,-2.0321879386901855,12.6,0.0,70,LAND,False,STANDBY,10,6
2026-05-28T14:43:42.995680,-35.3632624,149.1652375,0.007,0.02,0.0,0.0,0.023593179881572723,0.023593179881572723,243,0.001460348255932331,0.0017814021557569504,-2.0321881771087646,12.6,0.0,70,LAND,False,STANDBY,10,6
2026-05-28T14:43:43.496179,-35.3632624,149.1652375,0.008,0.02,0.0,0.0,0.02342725172638893,0.023427268490195274,243,0.0014623641036450863,0.0017848692368716002,-2.0321922302246094,12.6,0.0,70,LAND,False,STANDBY,10,6
2026-05-28T14:43:43.996701,-35.3632624,149.1652375,0.008,0.02,0.0,0.0,0.02359064482152462,0.023590795695781708,243,0.0014613037928938866,0.001783622894436121,-2.0321898460388184,12.6,0.0,70,LAND,False,STANDBY,10,6
2026-05-28T14:43:44.497284,-35.3632624,149.1652375,0.008,0.02,0.0,0.0,0.023387974128127098,0.02338799647986889,243,0.0014673287514597178,0.001786368084140122,-2.0321903228759766,12.6,0.0,70,LAND,False,STANDBY,10,6
2026-05-28T14:43:44.997896,-35.3632624,149.1652375,0.008,0.02,0.0,0.0,0.023608123883605003,0.02360818162560463,243,0.0014773191651329398,0.001789407804608345,-2.03218936920166,12.6,0.0,70,LAND,False,STANDBY,10,6
2026-05-28T14:43:45.498489,-35.3632624,149.1652375,0.008,0.02,0.0,0.0,0.023446232080459595,0.023446276783943176,243,0.0014687746297568083,0.0017815789906308055,-2.0321860313415527,12.6,0.0,70,LAND,False,STANDBY,10,6
2026-05-28T14:43:45.998581,-35.3632624,149.1652375,0.008,0.02,0.0,0.0,0.023779647424817085,0.023779649287462234,243,0.0014614473329856992,0.00178470928221941,-2.0321943759918213,12.6,0.0,70,LAND,False,STANDBY,10,6
2026-05-28T14:43:46.498987,-35.3632624,149.1652375,0.008,0.02,0.0,0.0,0.023570161312818527,0.02357032336294651,243,0.001458255690522492,0.0017937627853825688,-2.0322062969207764,12.6,0.0,70,LAND,False,STANDBY,10,6
2026-05-28T14:43:46.999430,-35.3632624,149.1652375,0.008,0.02,0.0,0.0,0.02380162477493286,0.02380186878144741,243,0.0014712391421198845,0.0017983403522521257,-2.0322086811065674,12.6,0.0,70,LAND,False,STANDBY,10,6
2026-05-28T14:43:47.499907,-35.3632624,149.1652375,0.008,0.02,0.0,0.0,0.023491287603974342,0.02349184826016426,243,0.001472627162002027,0.0018085627816617489,-2.032212734222412,12.6,0.0,70,LAND,False,STANDBY,10,6
2026-05-28T14:43:48.000499,-35.3632624,149.1652375,0.008,0.02,0.0,0.0,0.02379404939711094,0.023794163018465042,243,0.0014771148562431335,0.001811418798752129,-2.032221555709839,12.6,0.0,70,LAND,False,STANDBY,10,6
2026-05-28T14:43:48.501190,-35.3632624,149.1652375,0.008,0.02,0.0,0.0,0.023605728521943092,0.023605767637491226,243,0.0014709762763231993,0.0018121905159205198,-2.03222393989563,12.6,0.0,70,LAND,False,STANDBY,10,6
2026-05-28T14:43:49.001573,-35.3632624,149.1652375,0.008,0.02,0.0,0.0,0.024044884368777275,0.024044902995228767,243,0.001484191627241671,0.0018173855496570468,-2.0322303771972656,12.6,0.0,70,LAND,False,STANDBY,10,6
2026-05-28T14:43:49.502147,-35.3632624,149.1652375,0.008,0.02,0.0,0.0,0.023906098678708076,0.023906158283352852,243,0.001474457560107112,0.001810892135836184,-2.032233476638794,12.6,0.0,70,LAND,False,STANDBY,10,6
2026-05-28T14:43:50.002748,-35.3632624,149.1652375,0.008,0.02,0.0,0.0,0.024178631603717804,0.024178631603717804,243,0.0014717954909428954,0.0018069323850795627,-2.032238006591797,12.6,0.0,70,LAND,False,STANDBY,10,6
2026-05-28T14:43:50.503211,-35.3632624,149.1652375,0.008,0.02,0.0,0.0,0.023825114592909813,0.02382512390613556,243,0.0014547762693837285,0.0017975685186684132,-2.032252311706543,12.6,0.0,70,LAND,False,STANDBY,10,6
2026-05-28T14:43:51.003895,-35.3632624,149.1652375,0.008,0.02,0.0,0.0,0.024037158116698265,0.024037159979343414,243,0.0014566804748028517,0.0018102878239005804,-2.032261371612549,12.6,0.0,70,LAND,False,STANDBY,10,6
2026-05-28T14:43:51.504623,-35.3632624,149.1652375,0.008,0.02,0.0,0.0,0.02377181500196457,0.02377183549106121,243,0.001464959466829896,0.001801936188712716,-2.0322654247283936,12.6,0.0,70,LAND,False,STANDBY,10,6
2026-05-28T14:43:52.005234,-35.3632624,149.1652375,0.008,0.02,0.0,0.0,0.023920482024550438,0.023920835927128792,243,0.001471222611144185,0.0018018714617937803,-2.0322701930999756,12.6,0.0,70,LAND,False,STANDBY,10,6
2026-05-28T14:43:52.505738,-35.3632624,149.1652375,0.008,0.02,0.0,0.0,0.023711279034614563,0.02371133863925934,243,0.0014692579861730337,0.0017974856309592724,-2.0322751998901367,12.6,0.0,70,LAND,False,STANDBY,10,6
2026-05-28T14:43:53.006204,-35.3632624,149.1652375,0.008,0.02,0.0,0.0,0.023949453607201576,0.023949535563588142,243,0.0014748162357136607,0.0018058601999655366,-2.0322813987731934,12.6,0.0,70,LAND,False,STANDBY,10,6
2026-05-28T14:43:53.506969,-35.3632624,149.1652375,0.008,0.02,0.0,0.0,0.023535411804914474,0.02353542298078537,243,0.001474541611969471,0.0018032185034826398,-2.032290458679199,12.6,0.0,70,LAND,False,STANDBY,10,6
2026-05-28T14:43:54.007232,-35.3632624,149.1652375,0.008,0.02,0.0,0.0,0.02386225201189518,0.023862486705183983,243,0.0014751452254131436,0.0018010396743193269,-2.0322976112365723,12.6,0.0,70,LAND,False,STANDBY,10,6
2026-05-28T14:43:54.507691,-35.3632624,149.1652375,0.008,0.02,0.0,0.0,0.023549798876047134,0.023550570011138916,243,0.0014756021555513144,0.001791393500752747,-2.032302141189575,12.6,0.0,70,LAND,False,STANDBY,10,6
2026-05-28T14:43:55.010370,-35.3632624,149.1652375,0.008,0.02,0.0,0.0,0.02384622022509575,0.02384711615741253,243,0.0014782256912440062,0.0018000066047534347,-2.032313346862793,12.6,0.0,70,LAND,False,STANDBY,10,6
2026-05-28T14:43:55.510946,-35.3632624,149.1652375,0.007,0.02,0.0,0.0,0.023618929088115692,0.023620035499334335,243,0.0014744056388735771,0.001794338459149003,-2.032316207885742,12.6,0.0,70,LAND,False,STANDBY,10,6
2026-05-28T14:43:56.011598,-35.3632624,149.1652375,0.007,0.02,0.0,0.0,0.023786529898643494,0.02378802001476288,243,0.0014746430097147822,0.0017942741978913546,-2.032323122024536,12.6,0.0,70,LAND,False,STANDBY,10,6
2026-05-28T14:43:56.512174,-35.3632624,149.1652375,0.007,0.02,0.0,0.0,0.023587193340063095,0.023589015007019043,243,0.001476597273722291,0.0017891088500618935,-2.0323281288146973,12.6,0.0,70,LAND,False,STANDBY,10,6
2026-05-28T14:43:57.012701,-35.3632624,149.1652375,0.007,0.02,0.0,0.0,0.024004094302654266,0.02400609850883484,243,0.001481986022554338,0.0017948094755411148,-2.0323286056518555,12.6,0.0,70,LAND,False,STANDBY,10,6
2026-05-28T14:43:57.513477,-35.3632624,149.1652375,0.007,0.02,0.0,0.0,0.02387337200343609,0.02387453429400921,243,0.0014798120828345418,0.0017941170372068882,-2.032331943511963,12.6,0.0,70,LAND,False,STANDBY,10,6
2026-05-28T14:43:58.017503,-35.3632624,149.1652375,0.007,0.02,0.0,0.0,0.024034233763813972,0.0240347757935524,243,0.0014834431931376457,0.0017994517693296075,-2.032344102859497,12.6,0.0,70,LAND,False,STANDBY,10,6
2026-05-28T14:43:58.518193,-35.3632624,149.1652375,0.007,0.02,0.0,0.0,0.023843247443437576,0.023843931034207344,243,0.0014773046132177114,0.0017952510388568044,-2.032355785369873,12.6,0.0,70,LAND,False,STANDBY,10,6
2026-05-28T14:43:59.018462,-35.3632624,149.1652375,0.007,0.02,0.0,0.0,0.02400473691523075,0.02400624006986618,243,0.0014742391649633646,0.0017989269690588117,-2.0323667526245117,12.6,0.0,70,LAND,False,STANDBY,10,6
2026-05-28T14:43:59.519199,-35.3632624,149.1652375,0.007,0.02,0.0,0.0,0.023689838126301765,0.023690953850746155,243,0.001470303046517074,0.0017988078761845827,-2.0323710441589355,12.6,0.0,70,LAND,False,STANDBY,10,6
2026-05-28T14:44:00.019900,-35.3632624,149.1652375,0.007,0.02,0.0,0.0,0.024047231301665306,0.024047883227467537,243,0.0014754228759557009,0.0018117922591045499,-2.0323684215545654,12.6,0.0,70,LAND,False,STANDBY,10,6
2026-05-28T14:44:00.520335,-35.3632624,149.1652375,0.007,0.02,0.0,0.0,0.023744551464915276,0.023744864389300346,243,0.0014652454992756248,0.001809387467801571,-2.0323688983917236,12.6,0.0,70,LAND,False,STANDBY,10,6
2026-05-28T14:44:01.020769,-35.3632624,149.1652375,0.007,0.02,0.0,0.0,0.023917973041534424,0.02391803078353405,243,0.0014660495799034834,0.001811508322134614,-2.0323681831359863,12.6,0.0,70,LAND,False,STANDBY,10,6
2026-05-28T14:44:01.521114,-35.3632624,149.1652375,0.007,0.02,0.0,0.0,0.023763231933116913,0.02376325987279415,243,0.0014694961719214916,0.0018129012314602733,-2.032382011413574,12.6,0.0,70,LAND,False,STANDBY,10,6
2026-05-28T14:44:02.021298,-35.3632624,149.1652375,0.007,0.02,0.0,0.0,0.024119338020682335,0.024119339883327484,243,0.0014784142840653658,0.0018097026040777564,-2.0323872566223145,12.6,0.0,70,LAND,False,STANDBY,10,6
2026-05-28T14:44:02.521933,-35.3632624,149.1652375,0.007,0.02,0.0,0.0,0.02395266480743885,0.023952726274728775,243,0.0014699711464345455,0.0017999970586970448,-2.032397747039795,12.6,0.0,70,LAND,False,STANDBY,10,6
2026-05-28T14:44:03.022592,-35.3632624,149.1652375,0.007,0.02,0.0,0.0,0.023975161835551262,0.0239751935005188,243,0.0014733627904206514,0.0017955926014110446,-2.032405138015747,12.6,0.0,70,LAND,False,STANDBY,10,6
2026-05-28T14:44:03.523099,-35.3632624,149.1652375,0.008,0.02,0.0,0.0,0.02369062229990959,0.023690737783908844,243,0.0014693808043375611,0.0017873769393190742,-2.0324103832244873,12.6,0.0,70,LAND,False,STANDBY,10,6
2026-05-28T14:44:04.023730,-35.3632624,149.1652375,0.008,0.02,0.0,0.0,0.024007808417081833,0.024007854983210564,243,0.0014772661961615086,0.0017963132122531533,-2.0324089527130127,12.6,0.0,70,LAND,False,STANDBY,10,6
2026-05-28T14:44:04.524061,-35.3632624,149.1652375,0.008,0.02,0.0,0.0,0.02381644956767559,0.023816460743546486,243,0.0014703073538839817,0.0017879119841381907,-2.0324203968048096,12.6,0.0,70,LAND,False,STANDBY,10,6
2026-05-28T14:44:05.024696,-35.3632624,149.1652375,0.008,0.02,0.0,0.0,0.023959893733263016,0.023959912359714508,243,0.001477984362281859,0.001788972644135356,-2.0324199199676514,12.6,0.0,70,LAND,False,STANDBY,10,6
2026-05-28T14:44:05.525046,-35.3632624,149.1652375,0.008,0.02,0.0,0.0,0.023659273982048035,0.02365945652127266,243,0.0014751545386388898,0.0017849896103143692,-2.03242564201355,12.6,0.0,70,LAND,False,STANDBY,10,6
2026-05-28T14:44:06.026940,-35.3632624,149.1652375,0.008,0.02,0.0,0.0,0.02385958656668663,0.02385958470404148,243,0.001479352475143969,0.001786805340088904,-2.0324246883392334,12.6,0.0,70,LAND,False,STANDBY,10,6
2026-05-28T14:44:06.527795,-35.3632624,149.1652375,0.008,0.02,0.0,0.0,0.02368522621691227,0.02368527092039585,243,0.0014643921749666333,0.0017762535717338324,-2.0324230194091797,12.6,0.0,70,LAND,False,STANDBY,10,6
2026-05-28T14:44:07.028138,-35.3632624,149.1652375,0.008,0.02,0.0,0.0,0.023910682648420334,0.023910710588097572,243,0.001460963860154152,0.0017800561618059874,-2.032432794570923,12.6,0.0,70,LAND,False,STANDBY,10,6
2026-05-28T14:44:07.528723,-35.3632624,149.1652375,0.008,0.02,0.0,0.0,0.023614708334207535,0.023614829406142235,243,0.0014541131677106023,0.0017632802482694387,-2.0324411392211914,12.6,0.0,70,LAND,False,STANDBY,10,6
2026-05-28T14:44:08.029102,-35.3632624,149.1652375,0.008,0.02,0.0,0.0,0.023745639249682426,0.023745695129036903,243,0.001454965560697019,0.0017648455686867237,-2.0324509143829346,12.6,0.0,70,LAND,False,STANDBY,10,6
2026-05-28T14:44:08.529346,-35.3632624,149.1652375,0.008,0.02,0.0,0.0,0.023207809776067734,0.02320784516632557,243,0.0014384082751348615,0.001743740402162075,-2.032472610473633,12.6,0.0,70,LAND,False,STANDBY,10,6
2026-05-28T14:44:09.029955,-35.3632624,149.1652375,0.008,0.02,0.0,0.0,0.023477690294384956,0.023477820679545403,243,0.0014252038672566414,0.0017321426421403885,-2.032496690750122,12.6,0.0,70,LAND,False,STANDBY,10,6
2026-05-28T14:44:09.530471,-35.3632624,149.1652375,0.008,0.02,0.0,0.0,0.022821765393018723,0.022821838036179543,243,0.0013920888304710388,0.001687319832853973,-2.0325307846069336,12.6,0.0,70,LAND,False,STANDBY,10,6
2026-05-28T14:44:10.031177,-35.3632624,149.1652375,0.008,0.02,0.0,0.0,0.02265055850148201,0.02265056036412716,243,0.0013653672067448497,0.0016550000291317701,-2.0325653553009033,12.6,0.0,70,LAND,False,STANDBY,10,6
2026-05-28T14:44:10.531388,-35.3632624,149.1652375,0.008,0.02,0.0,0.0,0.021752240136265755,0.021752241998910904,243,0.0013176493812352419,0.0016047784592956305,-2.0326120853424072,12.6,0.0,70,LAND,False,STANDBY,10,6
2026-05-28T14:44:11.031708,-35.3632624,149.1652375,0.008,0.02,0.0,0.0,0.021130088716745377,0.021130092442035675,243,0.0012653038138523698,0.001564582227729261,-2.0326738357543945,12.6,0.0,70,LAND,False,STANDBY,10,6
2026-05-28T14:44:11.532401,-35.3632624,149.1652375,0.008,0.01,0.0,0.0,0.01990511268377304,0.019905120134353638,243,0.0012058011488988996,0.0015120187308639288,-2.0327234268188477,12.6,0.0,70,LAND,False,STANDBY,10,6
2026-05-28T14:44:12.033155,-35.3632624,149.1652375,0.008,0.01,0.0,0.0,0.01908464916050434,0.019084682688117027,243,0.0011570171918720007,0.001458722515963018,-2.032785654067993,12.6,0.0,70,LAND,False,STANDBY,10,6
2026-05-28T14:44:12.533770,-35.3632624,149.1652375,0.008,0.01,0.0,0.0,0.017783356830477715,0.017783358693122864,243,0.0011089107720181346,0.0014069161843508482,-2.032860279083252,12.6,0.0,70,LAND,False,STANDBY,10,6
2026-05-28T14:44:13.034071,-35.3632624,149.1652375,0.008,0.01,0.0,0.0,0.016733193770051003,0.016733318567276,243,0.0010561698582023382,0.0013628009473904967,-2.032942771911621,12.6,0.0,70,LAND,False,STANDBY,10,6
2026-05-28T14:44:13.534635,-35.3632624,149.1652375,0.008,0.01,0.0,0.0,0.015367895364761353,0.015367898158729076,243,0.0010018229950219393,0.0013181496178731322,-2.033021926879883,12.6,0.0,70,LAND,False,STANDBY,10,6
2026-05-28T14:44:14.035191,-35.3632624,149.1652375,0.008,0.01,0.0,0.0,0.014353476464748383,0.014353545382618904,243,0.0009505476336926222,0.0012784063583239913,-2.033104658126831,12.6,0.0,70,LAND,False,STANDBY,10,6
2026-05-28T14:44:14.535984,-35.3632624,149.1652375,0.008,0.01,0.0,0.0,0.0130292484536767,0.013029341585934162,243,0.0008911484037525952,0.0012215664610266685,-2.0331926345825195,12.6,0.0,70,LAND,False,STANDBY,10,6
2026-05-28T14:44:15.036247,-35.3632624,149.1652375,0.008,0.01,0.0,0.0,0.012065568007528782,0.012065881863236427,243,0.0008443279657512903,0.001171320560388267,-2.033294916152954,12.6,0.0,70,LAND,False,STANDBY,10,6
2026-05-28T14:44:15.536615,-35.3632624,149.1652375,0.008,0.01,0.0,0.0,0.01076579000800848,0.01076579187065363,243,0.0007916903123259544,0.0011171360965818167,-2.0333967208862305,12.6,0.0,70,LAND,False,STANDBY,10,6
2026-05-28T14:44:16.037137,-35.3632624,149.1652375,0.008,0.0,0.0,0.0,0.009689189493656158,0.009689195081591606,243,0.0007510947762057185,0.0010654570069164038,-2.0335042476654053,12.6,0.0,70,LAND,False,STANDBY,10,6
2026-05-28T14:44:16.537384,-35.3632624,149.1652375,0.008,0.0,0.0,0.0,0.008603153750300407,0.00860332977026701,243,0.0007150034070946276,0.0010270215570926666,-2.033609628677368,12.6,0.0,70,LAND,False,STANDBY,10,6
2026-05-28T14:44:17.037842,-35.3632624,149.1652375,0.008,0.0,0.0,0.0,0.007740304805338383,0.007741827517747879,243,0.0006746422150172293,0.00097748264670372,-2.0337257385253906,12.6,0.0,70,LAND,False,STANDBY,10,6
2026-05-28T14:44:17.538447,-35.3632624,149.1652375,0.008,0.0,0.0,0.0,0.0066329482942819595,0.006633127108216286,243,0.0006284263799898326,0.0009364931029267609,-2.033841848373413,12.6,0.0,70,LAND,False,STANDBY,10,6
2026-05-28T14:44:18.038900,-35.3632624,149.1652375,0.008,0.0,0.0,0.0,0.0058136312291026115,0.005813638214021921,243,0.000583865272346884,0.0008949378388933837,-2.0339577198028564,12.6,0.0,70,LAND,False,STANDBY,10,6
2026-05-28T14:44:18.539408,-35.3632624,149.1652375,0.008,0.0,0.0,0.0,0.0047881221398711205,0.004788300488144159,243,0.0005318658077158034,0.0008499188115820289,-2.0340867042541504,12.6,0.0,70,LAND,False,STANDBY,10,6
2026-05-28T14:44:19.039901,-35.3632624,149.1652375,0.008,0.0,0.0,0.0,0.003930084407329559,0.003930326085537672,243,0.0004780621675308794,0.0008034141501411796,-2.034228563308716,12.6,0.0,70,LAND,False,STANDBY,10,6
2026-05-28T14:44:19.540498,-35.3632624,149.1652375,0.008,0.0,0.0,0.0,0.0028550417628139257,0.002857043407857418,243,0.0004278107371646911,0.0007591137546114624,-2.0343692302703857,12.6,0.0,70,LAND,False,STANDBY,10,6
2026-05-28T14:44:20.040838,-35.3632624,149.1652375,0.008,0.0,0.0,0.0,0.0019024319481104612,0.0019028515089303255,243,0.00038843118818476796,0.0007190799224190414,-2.034503221511841,12.6,0.0,70,LAND,False,STANDBY,10,6
2026-05-28T14:44:20.541222,-35.3632624,149.1652375,0.008,0.0,0.0,0.0,0.000930354290176183,0.0009321105317212641,243,0.000346199405612424,0.0006807218887843192,-2.0346460342407227,12.6,0.0,70,LAND,False,STANDBY,10,6
2026-05-28T14:44:21.041786,-35.3632624,149.1652375,0.008,0.0,0.0,0.0,0.00024279358331114054,0.00024405225121881813,243,0.00030576795688830316,0.0006344848079606891,-2.0347836017608643,12.6,0.0,70,LAND,False,STANDBY,10,6
2026-05-28T14:44:21.542372,-35.3632624,149.1652375,0.008,0.0,0.0,0.0,0.0011028603184968233,0.0011034965282306075,243,0.0002734617446549237,0.0005969545454718173,-2.0349326133728027,12.6,0.0,70,LAND,False,STANDBY,10,6
2026-05-28T14:44:22.042970,-35.3632624,149.1652375,0.008,0.0,0.0,0.0,0.0018847082974389195,0.0018908559577539563,243,0.00024383656273130327,0.0005641615716740489,-2.035083293914795,12.6,0.0,70,LAND,False,STANDBY,10,6
2026-05-28T14:44:22.543221,-35.3632625,149.1652375,0.008,0.0,0.0,0.0,0.0025911410339176655,0.0026014638133347034,243,0.00021898141130805016,0.0005379612557590008,-2.035234212875366,12.6,0.0,70,LAND,False,STANDBY,10,6
2026-05-28T14:44:23.043869,-35.3632625,149.1652375,0.008,0.0,0.0,0.0,0.003259410383179784,0.003260988974943757,243,0.0001763103500707075,0.0005056285881437361,-2.035402774810791,12.6,0.0,70,LAND,False,STANDBY,10,6
2026-05-28T14:44:23.544472,-35.3632625,149.1652375,0.008,0.0,0.0,0.0,0.003903623204678297,0.003904949873685837,243,0.0001413178542861715,0.0004777796857524663,-2.035576581954956,12.6,0.0,70,LAND,False,STANDBY,10,6
2026-05-28T14:44:24.045083,-35.3632625,149.1652375,0.008,0.0,0.0,0.0,0.00460847420617938,0.004612990189343691,243,0.00010723299055825919,0.00044512675958685577,-2.0357508659362793,12.6,0.0,70,LAND,False,STANDBY,10,6
2026-05-28T14:44:24.545679,-35.3632625,149.1652375,0.008,0.0,0.0,0.0,0.0051537128165364265,0.0051591345109045506,243,8.562792208977044e-05,0.00041524620610289276,-2.0359175205230713,12.6,0.0,70,LAND,False,STANDBY,10,6
2026-05-28T14:44:25.045888,-35.3632625,149.1652375,0.008,0.0,0.0,0.0,0.005889066960662603,0.005895192734897137,243,6.637372280238196e-05,0.00038910223520360887,-2.0360939502716064,12.6,0.0,70,LAND,False,STANDBY,10,6
2026-05-28T14:44:25.546258,-35.3632625,149.1652375,0.008,0.0,0.0,0.0,0.006324345711618662,0.0063260928727686405,243,4.3388918129494414e-05,0.00037042368785478175,-2.036273241043091,12.6,0.0,70,LAND,False,STANDBY,10,6
2026-05-28T14:44:26.046870,-35.3632625,149.1652375,0.008,0.0,0.0,0.0,0.006978488061577082,0.006984979845583439,243,2.2799238649895415e-05,0.0003493338299449533,-2.036452293395996,12.6,0.0,70,LAND,False,STANDBY,10,6
2026-05-28T14:44:26.547339,-35.3632625,149.1652375,0.008,0.0,0.0,0.0,0.007395809516310692,0.007400814443826675,243,1.0989503607561346e-05,0.0003246581181883812,-2.0366296768188477,12.6,0.0,70,LAND,False,STANDBY,10,6
2026-05-28T14:44:27.047870,-35.3632625,149.1652375,0.008,0.0,0.0,0.0,0.007885772734880447,0.00788894109427929,243,-8.766854989517014e-06,0.0002958843542728573,-2.0368103981018066,12.6,0.0,70,LAND,False,STANDBY,10,6
2026-05-28T14:44:27.548448,-35.3632625,149.1652375,0.008,0.0,0.0,0.0,0.008331424556672573,0.008332685567438602,243,-3.081534669036046e-05,0.00026678130961954594,-2.03700590133667,12.6,0.0,70,LAND,False,STANDBY,10,6
2026-05-28T14:44:28.049077,-35.3632625,149.1652375,0.008,0.0,0.0,0.0,0.008922761306166649,0.008924196474254131,243,-6.659593054791912e-05,0.0002347516274312511,-2.037201166152954,12.6,0.0,70,LAND,False,STANDBY,10,6
2026-05-28T14:44:28.549525,-35.3632625,149.1652375,0.008,0.0,0.0,0.0,0.009348802268505096,0.009349329397082329,243,-8.507289021508768e-05,0.00021667797409463674,-2.0374019145965576,12.6,0.0,70,LAND,False,STANDBY,10,6
2026-05-28T14:44:29.049985,-35.3632625,149.1652375,0.008,0.0,0.0,0.0,0.009883807972073555,0.00988464243710041,243,-0.00010572883184067905,0.00019176912610419095,-2.0375921726226807,12.6,0.0,70,LAND,False,STANDBY,10,6
2026-05-28T14:44:29.550374,-35.3632625,149.1652375,0.008,0.0,0.0,0.0,0.010120868682861328,0.010122393257915974,243,-0.00012888044875580817,0.0001827865926316008,-2.0377931594848633,12.6,0.0,70,LAND,False,STANDBY,10,6
2026-05-28T14:44:30.050980,-35.3632625,149.1652375,0.008,-0.01,0.0,0.0,0.010717288590967655,0.0107179069891572,243,-0.00015280315710697323,0.00016282647266052663,-2.0379927158355713,12.6,0.0,70,LAND,False,STANDBY,10,6
2026-05-28T14:44:30.551600,-35.3632625,149.1652375,0.008,-0.01,0.0,0.0,0.011009885929524899,0.011010215617716312,243,-0.00016776543634478003,0.0001516836928203702,-2.0382001399993896,12.6,0.0,70,LAND,False,STANDBY,10,6
2026-05-28T14:44:31.052149,-35.3632625,149.1652375,0.008,-0.01,0.0,0.0,0.011654622852802277,0.011655295267701149,243,-0.0001902698422782123,0.00013099076750222594,-2.038411855697632,12.6,0.0,70,LAND,False,STANDBY,10,6
2026-05-28T14:44:31.552634,-35.3632625,149.1652375,0.008,-0.01,0.0,0.0,0.01190096139907837,0.011901108548045158,243,-0.0002120978751918301,0.0001183418498840183,-2.038611888885498,12.6,0.0,70,LAND,False,STANDBY,10,6
2026-05-28T14:44:32.053233,-35.3632625,149.1652375,0.008,-0.01,0.0,0.0,0.012396303005516529,0.012396303005516529,243,-0.00023946100554894656,9.960711031453684e-05,-2.038825035095215,12.6,0.0,70,LAND,False,STANDBY,10,6
2026-05-28T14:44:32.553852,-35.3632625,149.1652375,0.008,-0.01,0.0,0.0,0.012647675350308418,0.012647675350308418,243,-0.0002549335185904056,8.261871698778123e-05,-2.0390336513519287,12.6,0.0,70,LAND,False,STANDBY,10,6
2026-05-28T14:44:33.054479,-35.3632625,149.1652375,0.008,-0.01,0.0,0.0,0.013140704482793808,0.013140931725502014,243,-0.00027174243587069213,6.623847002629191e-05,-2.039238214492798,12.6,0.0,70,LAND,False,STANDBY,10,6
2026-05-28T14:44:33.554668,-35.3632625,149.1652375,0.008,-0.01,0.0,0.0,0.013298832811415195,0.01329885981976986,243,-0.0002878117957152426,4.839136090595275e-05,-2.039454698562622,12.6,0.0,70,LAND,False,STANDBY,10,6
2026-05-28T14:44:34.054814,-35.3632625,149.1652375,0.008,-0.01,0.0,0.0,0.013850758783519268,0.013851616531610489,243,-0.00030577764846384525,3.662394738057628e-05,-2.039669990539551,12.6,0.0,70,LAND,False,STANDBY,10,6
2026-05-28T14:44:34.555309,-35.3632625,149.1652375,0.008,-0.01,0.0,0.0,0.014008104801177979,0.0140093844383955,243,-0.0003044785116799176,2.4108081561280414e-05,-2.039881706237793,12.6,0.0,70,LAND,False,STANDBY,10,6
2026-05-28T14:44:35.055883,-35.3632625,149.1652375,0.008,-0.01,0.0,0.0,0.01442567165941,0.01442589983344078,243,-0.0003085644275415689,6.349326667987043e-06,-2.040102243423462,12.6,0.0,70,LAND,False,STANDBY,10,6
2026-05-28T14:44:35.556415,-35.3632625,149.1652375,0.008,-0.01,0.0,0.0,0.014560059644281864,0.01456006895750761,243,-0.0003221881343051791,-1.7293306882493198e-05,-2.0403213500976562,12.6,0.0,70,LAND,False,STANDBY,10,6
2026-05-28T14:44:36.057001,-35.3632625,149.1652375,0.008,-0.01,0.0,0.0,0.014964835718274117,0.014964834786951542,243,-0.0003377421526238322,-4.054136297781952e-05,-2.0405445098876953,12.6,0.0,70,LAND,False,STANDBY,10,6
2026-05-28T14:44:36.557381,-35.3632625,149.1652375,0.008,-0.01,0.0,0.0,0.015089618042111397,0.015089692547917366,243,-0.0003543588100001216,-5.087306271889247e-05,-2.0407652854919434,12.6,0.0,70,LAND,False,STANDBY,10,6
2026-05-28T14:44:37.057753,-35.3632626,149.1652375,0.008,-0.01,0.0,0.0,0.01555742509663105,0.01555859949439764,243,-0.0003693701873999089,-7.408753299387172e-05,-2.040987014770508,12.6,0.0,70,LAND,False,STANDBY,10,6
2026-05-28T14:44:37.558366,-35.3632626,149.1652375,0.008,-0.01,0.0,0.0,0.015719646587967873,0.015721023082733154,243,-0.00037788544432260096,-8.29346536193043e-05,-2.041208505630493,12.6,0.0,70,LAND,False,STANDBY,10,6
2026-05-28T14:44:38.059038,-35.3632626,149.1652375,0.008,-0.01,0.0,0.0,0.016275770962238312,0.016277387738227844,243,-0.0004042393993586302,-0.00010087186092277989,-2.041436195373535,12.6,0.0,70,LAND,False,STANDBY,10,6
2026-05-28T14:44:38.559305,-35.3632626,149.1652375,0.007,-0.01,0.0,0.0,0.016308428719639778,0.016310082748532295,243,-0.0004105604602955282,-0.00011253576667513698,-2.041661262512207,12.6,0.0,70,LAND,False,STANDBY,10,6
2026-05-28T14:44:39.059548,-35.3632626,149.1652375,0.007,-0.01,0.0,0.0,0.016743101179599762,0.016744833439588547,243,-0.00042157532880082726,-0.0001217468234244734,-2.041886329650879,12.6,0.0,70,LAND,False,STANDBY,10,6
2026-05-28T14:44:39.560041,-35.3632626,149.1652375,0.007,-0.01,0.0,0.0,0.01679525151848793,0.01679728738963604,242,-0.00043033150723204017,-0.00013285366003401577,-2.042114734649658,12.6,0.0,70,LAND,False,STANDBY,10,6
2026-05-28T14:44:40.060332,-35.3632626,149.1652375,0.007,-0.01,0.0,0.0,0.01734067313373089,0.017343314364552498,242,-0.0004458070616237819,-0.0001498424680903554,-2.0423433780670166,12.6,0.0,70,LAND,False,STANDBY,10,6
2026-05-28T14:44:40.560982,-35.3632626,149.1652375,0.007,-0.01,0.0,0.0,0.01761670969426632,0.017622295767068863,242,-0.0004556940693873912,-0.0001673415827099234,-2.0425753593444824,12.6,0.0,70,LAND,False,STANDBY,10,6
2026-05-28T14:44:41.061240,-35.3632626,149.1652375,0.007,-0.01,0.0,0.0,0.017997683957219124,0.018000546842813492,242,-0.0004745692713186145,-0.0001769071095623076,-2.0428037643432617,12.6,0.0,70,LAND,False,STANDBY,10,6
2026-05-28T14:44:41.561722,-35.3632626,149.1652375,0.007,-0.01,0.0,0.0,0.018030086532235146,0.018031980842351913,242,-0.00047754147090017796,-0.00016943291120696813,-2.043041467666626,12.6,0.0,70,LAND,False,STANDBY,10,6
2026-05-28T14:44:42.062278,-35.3632626,149.1652375,0.007,-0.01,0.0,0.0,0.01842276193201542,0.01842517778277397,242,-0.0004938435740768909,-0.00018016237299889326,-2.0432753562927246,12.6,0.0,70,LAND,False,STANDBY,10,6
2026-05-28T14:44:42.562613,-35.3632626,149.1652375,0.007,-0.01,0.0,0.0,0.018508629873394966,0.018511632457375526,242,-0.0004993837210349739,-0.0001830883848015219,-2.043520212173462,12.6,0.0,70,LAND,False,STANDBY,10,6
2026-05-28T14:44:43.063096,-35.3632626,149.1652375,0.007,-0.01,0.0,0.0,0.018796982243657112,0.018801288679242134,242,-0.0005084954900667071,-0.0001861291821114719,-2.0437395572662354,12.6,0.0,70,LAND,False,STANDBY,10,6
2026-05-28T14:44:43.563759,-35.3632626,149.1652375,0.007,-0.01,0.0,0.0,0.018715204671025276,0.018717817962169647,242,-0.0005100385751575232,-0.0001835587463574484,-2.0439743995666504,12.6,0.0,70,LAND,False,STANDBY,10,6
2026-05-28T14:44:44.064445,-35.3632626,149.1652375,0.007,-0.01,0.0,0.0,0.01911199279129505,0.019114816561341286,242,-0.000536518928129226,-0.00019223849812988192,-2.04421067237854,12.6,0.0,70,LAND,False,STANDBY,10,6
2026-05-28T14:44:44.565054,-35.3632626,149.1652375,0.007,-0.01,0.0,0.0,0.01890992745757103,0.018911926075816154,242,-0.0005426146672107279,-0.00019351733499206603,-2.0444605350494385,12.6,0.0,70,LAND,False,STANDBY,10,6
2026-05-28T14:44:45.065688,-35.3632626,149.1652375,0.007,-0.01,0.0,0.0,0.019441109150648117,0.01944214478135109,242,-0.0005568827618844807,-0.00019787911151070148,-2.0446999073028564,12.6,0.0,70,LAND,False,STANDBY,10,6
2026-05-28T14:44:45.566380,-35.3632626,149.1652375,0.007,-0.01,0.0,0.0,0.01928064599633217,0.019282881170511246,242,-0.0005519399419426918,-0.0001964978437172249,-2.0449347496032715,12.6,0.0,70,LAND,False,STANDBY,10,6
2026-05-28T14:44:46.067012,-35.3632626,149.1652375,0.007,-0.01,0.0,0.0,0.019663797691464424,0.019666023552417755,242,-0.0005538093973882496,-0.00020880646479781717,-2.0451786518096924,12.6,0.0,70,LAND,False,STANDBY,10,6
2026-05-28T14:44:46.567669,-35.3632626,149.1652375,0.007,-0.01,0.0,0.0,0.01951153390109539,0.019513431936502457,242,-0.0005508098984137177,-0.0002157228154828772,-2.045414447784424,12.6,0.0,70,LAND,False,STANDBY,10,6
2026-05-28T14:44:47.068224,-35.3632626,149.1652375,0.007,-0.01,0.0,0.0,0.01964944787323475,0.019650649279356003,242,-0.0005480887484736741,-0.0002228616940556094,-2.0456454753875732,12.6,0.0,70,LAND,False,STANDBY,10,6
2026-05-28T14:44:47.568725,-35.3632626,149.1652375,0.007,-0.01,0.0,0.0,0.01945020817220211,0.019450262188911438,242,-0.0005418452783487737,-0.00021895996178500354,-2.0458836555480957,12.6,0.0,70,LAND,False,STANDBY,10,6
2026-05-28T14:44:48.069358,-35.3632626,149.1652375,0.007,-0.01,0.0,0.0,0.01973145455121994,0.019731497392058372,242,-0.0005497508682310581,-0.00023254261759575456,-2.046119213104248,12.6,0.0,70,LAND,False,STANDBY,10,6
2026-05-28T14:44:48.570030,-35.3632626,149.1652375,0.007,-0.01,0.0,0.0,0.019692111760377884,0.01969211921095848,242,-0.0005588637432083488,-0.0002474200737196952,-2.0463645458221436,12.6,0.0,70,LAND,False,STANDBY,10,6
2026-05-28T14:44:49.070483,-35.3632626,149.1652375,0.007,-0.01,0.0,0.0,0.019961955025792122,0.019961997866630554,242,-0.0005717926542274654,-0.0002630814560689032,-2.0466041564941406,12.6,0.0,70,LAND,False,STANDBY,10,6
2026-05-28T14:44:49.571059,-35.3632626,149.1652375,0.007,-0.01,0.0,0.0,0.01994333416223526,0.019943388178944588,242,-0.0005733511643484235,-0.0002686383086256683,-2.0468430519104004,12.6,0.0,70,LAND,False,STANDBY,10,6
2026-05-28T14:44:50.071349,-35.3632626,149.1652375,0.007,-0.01,0.0,0.0,0.0200898889452219,0.020090505480766296,242,-0.0005812839954160154,-0.0002819561632350087,-2.0470781326293945,12.6,0.0,70,LAND,False,STANDBY,10,6
2026-05-28T14:44:50.571953,-35.3632626,149.1652375,0.008,-0.01,0.0,0.0,0.020105034112930298,0.02010524831712246,242,-0.0005953923682682216,-0.00028578974888660014,-2.0473241806030273,12.6,0.0,70,LAND,False,STANDBY,10,6
2026-05-28T14:44:51.072380,-35.3632626,149.1652375,0.008,-0.01,0.0,0.0,0.020535100251436234,0.02053569257259369,242,-0.0006014599348418415,-0.00029223188175819814,-2.047546148300171,12.6,0.0,70,LAND,False,STANDBY,10,6
2026-05-28T14:44:51.572868,-35.3632626,149.1652375,0.008,-0.01,0.0,0.0,0.02038395404815674,0.020384782925248146,242,-0.0005938669783063233,-0.00029344792710617185,-2.047783851623535,12.6,0.0,70,LAND,False,STANDBY,10,6
2026-05-28T14:44:52.073484,-35.3632626,149.1652375,0.008,-0.01,0.0,0.0,0.020825112238526344,0.02082650177180767,242,-0.0006074162665754557,-0.0003068165387958288,-2.0480217933654785,12.6,0.0,70,LAND,False,STANDBY,10,6
2026-05-28T14:44:52.574099,-35.3632626,149.1652375,0.008,-0.01,0.0,0.0,0.020854026079177856,0.02085563912987709,242,-0.0006161912460811436,-0.000311029318254441,-2.048252820968628,12.6,0.0,70,LAND,False,STANDBY,10,6
2026-05-28T14:44:53.075311,-35.3632626,149.1652375,0.008,-0.02,0.0,0.0,0.021304044872522354,0.021306416019797325,242,-0.0006242490489967167,-0.0003172941505908966,-2.0484962463378906,12.6,0.0,70,LAND,False,STANDBY,10,6
2026-05-28T14:44:53.575965,-35.3632626,149.1652375,0.008,-0.02,0.0,0.0,0.021182842552661896,0.02118328958749771,242,-0.0006179032498039305,-0.00030972412787377834,-2.0487306118011475,12.6,0.0,70,LAND,False,STANDBY,10,6
2026-05-28T14:44:54.076242,-35.3632626,149.1652375,0.008,-0.02,0.0,0.0,0.021320056170225143,0.021320974454283714,242,-0.0006294603808782995,-0.0003081786271650344,-2.0489652156829834,12.6,0.0,70,LAND,False,STANDBY,10,6
2026-05-28T14:44:54.577202,-35.3632626,149.1652375,0.008,-0.02,0.0,0.0,0.02130763605237007,0.02130805142223835,242,-0.000627718458417803,-0.00030746019911020994,-2.0492072105407715,12.6,0.0,70,LAND,False,STANDBY,10,6
2026-05-28T14:44:55.077821,-35.3632626,149.1652375,0.008,-0.02,0.0,0.0,0.021713409572839737,0.02171383425593376,242,-0.0006351746851578355,-0.0003158640465699136,-2.049448251724243,12.6,0.0,70,LAND,False,STANDBY,10,6
2026-05-28T14:44:55.578642,-35.3632626,149.1652375,0.008,-0.02,0.0,0.0,0.02166599966585636,0.02166697569191456,242,-0.0006366532761603594,-0.0003129681572318077,-2.049684524536133,12.6,0.0,70,LAND,False,STANDBY,10,6
2026-05-28T14:44:56.079425,-35.3632626,149.1652375,0.008,-0.02,0.0,0.0,0.021743182092905045,0.021743495017290115,242,-0.0006311698816716671,-0.00032497275969944894,-2.049917221069336,12.6,0.0,70,LAND,False,STANDBY,10,6
2026-05-28T14:44:56.579909,-35.3632626,149.1652375,0.008,-0.02,0.0,0.0,0.021610526368021965,0.021611103788018227,242,-0.0006439433782361448,-0.0003321570111438632,-2.0501625537872314,12.6,0.0,70,LAND,False,STANDBY,10,6
2026-05-28T14:44:57.080574,-35.3632626,149.1652375,0.008,-0.02,0.0,0.0,0.021802054718136787,0.021802138537168503,242,-0.0006580435438081622,-0.0003498391015455127,-2.050396680831909,12.6,0.0,70,LAND,False,STANDBY,10,6
2026-05-28T14:44:57.581209,-35.3632626,149.1652375,0.008,-0.02,0.0,0.0,0.0217003021389246,0.021700389683246613,242,-0.0006529447273351252,-0.0003465432673692703,-2.0506293773651123,12.6,0.0,70,LAND,False,STANDBY,10,6
2026-05-28T14:44:58.082398,-35.3632626,149.1652375,0.008,-0.02,0.0,0.0,0.02210896834731102,0.022109488025307655,242,-0.0006623098161071539,-0.00035500776721164584,-2.0508642196655273,12.6,0.0,70,LAND,False,STANDBY,10,6
2026-05-28T14:44:58.583074,-35.3632626,149.1652375,0.008,-0.02,0.0,0.0,0.021983614191412926,0.021983647719025612,242,-0.0006619681953452528,-0.00034665496787056327,-2.0510947704315186,12.6,0.0,70,LAND,False,STANDBY,10,6
2026-05-28T14:44:59.083615,-35.3632626,149.1652375,0.008,-0.02,0.0,0.0,0.022128211334347725,0.022128216922283173,242,-0.00065912667196244,-0.00034409703221172094,-2.0513293743133545,12.6,0.0,70,LAND,False,STANDBY,10,6
2026-05-28T14:44:59.584204,-35.3632626,149.1652375,0.008,-0.02,0.0,0.0,0.021952185779809952,0.02195221371948719,242,-0.0006618645857088268,-0.0003506722568999976,-2.0515506267547607,12.6,0.0,70,LAND,False,STANDBY,10,6
2026-05-28T14:45:00.084518,-35.3632626,149.1652375,0.008,-0.02,0.0,0.0,0.02223270758986473,0.022232722491025925,242,-0.0006730782333761454,-0.0003489929949864745,-2.0517797470092773,12.6,0.0,70,LAND,False,STANDBY,10,6
2026-05-28T14:45:00.585149,-35.3632626,149.1652375,0.008,-0.02,0.0,0.0,0.02206503041088581,0.02206527814269066,242,-0.0006791948690079153,-0.0003399798006284982,-2.05202054977417,12.6,0.0,70,LAND,False,STANDBY,10,6
2026-05-28T14:45:01.085523,-35.3632626,149.1652375,0.008,-0.02,0.0,0.0,0.02221541292965412,0.02221556380391121,242,-0.0006846563192084432,-0.00033638463355600834,-2.052136182785034,12.6,0.0,70,LAND,False,STANDBY,10,6
