timestamp,lat,lon,alt,velocity_x,velocity_y,velocity_z,ground_speed,air_speed,heading,roll,pitch,yaw,battery_voltage,battery_current,battery_level,mode,armed,system_status,satellites_visible,fix_type
2026-05-28T14:40:45.233770,-35.363262,149.1652372,9.682,-0.01,0.01,-0.8,0.022029094398021698,0.808699369430542,352,0.0034444136545062065,0.0036221325863152742,-0.1282847374677658,12.6,25.93,98,GUIDED,True,ACTIVE,10,6
2026-05-28T14:40:45.734659,-35.363262,149.1652374,9.954,0.04,0.21,-0.31,0.21591465175151825,0.3829803764820099,352,0.1610427349805832,-0.0019719728734344244,-0.12904995679855347,12.6,25.73,98,GUIDED,True,ACTIVE,10,6
2026-05-28T14:40:46.234886,-35.3632614,149.1652416,9.997,0.19,1.49,0.01,1.5035593509674072,1.5035985708236694,2,0.35480186343193054,-0.05931587144732475,0.045005425810813904,12.6,28.98,98,GUIDED,True,ACTIVE,10,6
2026-05-28T14:40:46.735437,-35.3632601,149.1652536,9.976,0.39,2.92,0.0,2.9525153636932373,2.952517032623291,35,0.253883421421051,-0.24296051263809204,0.6245194673538208,12.6,30.06,98,GUIDED,True,ACTIVE,10,6
2026-05-28T14:40:47.235934,-35.363258,149.1652728,9.972,0.53,4.13,-0.03,4.1661882400512695,4.166364669799805,67,0.08921963721513748,-0.35925769805908203,1.1858388185501099,12.6,30.11,97,GUIDED,True,ACTIVE,10,6
2026-05-28T14:40:47.736243,-35.3632554,149.1652983,9.986,0.71,5.22,-0.04,5.278049945831299,5.27826452255249,87,-0.04517319053411484,-0.42112985253334045,1.5341719388961792,12.6,30.27,97,GUIDED,True,ACTIVE,10,6
2026-05-28T14:40:48.236883,-35.3632518,149.16533,10.001,0.89,6.36,-0.03,6.429101467132568,6.42919397354126,82,-0.0027189389802515507,-0.49010273814201355,1.4454668760299683,12.6,30.91,97,GUIDED,True,ACTIVE,10,6
2026-05-28T14:40:48.737469,-35.3632475,149.165368,10.012,1.04,7.49,-0.02,7.562820911407471,7.5628557205200195,82,-0.0004004393704235554,-0.5224636793136597,1.4424525499343872,12.6,31.48,97,GUIDED,True,ACTIVE,10,6
2026-05-28T14:40:49.237913,-35.3632426,149.1654114,10.022,1.15,8.33,-0.01,8.417523384094238,8.417534828186035,82,0.00017277593724429607,-0.5228129625320435,1.444919466972351,12.6,31.2,97,GUIDED,True,ACTIVE,10,6
2026-05-28T14:40:49.739347,-35.3632372,149.165459,10.028,1.22,8.91,0.0,8.997106552124023,8.997109413146973,82,0.0015915029216557741,-0.5158925652503967,1.4437955617904663,12.6,30.94,97,GUIDED,True,ACTIVE,10,6
2026-05-28T14:40:50.240102,-35.3632316,149.1655093,10.03,1.26,9.3,0.0,9.391098976135254,9.391098976135254,82,0.0009981204057112336,-0.5204619765281677,1.4437167644500732,12.6,30.86,97,GUIDED,True,ACTIVE,10,6
2026-05-28T14:40:50.740475,-35.3632258,149.1655616,10.031,1.3,9.58,0.0,9.675389289855957,9.675390243530273,82,0.0003300127573311329,-0.5206519961357117,1.443678379058838,12.6,30.82,97,GUIDED,True,ACTIVE,10,6
2026-05-28T14:40:51.241103,-35.3632199,149.165615,10.032,1.32,9.77,0.0,9.866950035095215,9.866950988769531,82,0.0005189471412450075,-0.5205588340759277,1.4431490898132324,12.6,30.75,96,GUIDED,True,ACTIVE,10,6
2026-05-28T14:40:51.744587,-35.3632139,149.1656695,10.034,1.34,9.9,0.0,9.99142837524414,9.991430282592773,82,0.0006047884235158563,-0.5191429853439331,1.442937970161438,12.6,30.69,96,GUIDED,True,ACTIVE,10,6
2026-05-28T14:40:52.248441,-35.3632079,149.1657241,10.037,1.36,9.97,0.0,10.064807891845703,10.064811706542969,82,0.0005559268174692988,-0.5196694731712341,1.4424940347671509,12.6,30.67,96,GUIDED,True,ACTIVE,10,6
2026-05-28T14:40:52.749029,-35.3632018,149.1657791,10.039,1.36,10.02,0.01,10.114995002746582,10.115002632141113,82,0.0009512348915450275,-0.5203996300697327,1.4421472549438477,12.6,30.6,96,GUIDED,True,ACTIVE,10,6
2026-05-28T14:40:53.249581,-35.3631957,149.1658342,10.041,1.37,10.06,0.01,10.154712677001953,10.154722213745117,82,0.0007387222722172737,-0.5210241675376892,1.4420024156570435,12.6,30.64,96,GUIDED,True,ACTIVE,10,6
2026-05-28T14:40:53.750258,-35.3631895,149.1658899,10.042,1.37,10.07,0.01,10.16724967956543,10.167259216308594,82,0.0006455634138546884,-0.5153965950012207,1.441737413406372,12.6,30.55,96,GUIDED,True,ACTIVE,10,6
2026-05-28T14:40:54.250742,-35.3631834,149.1659455,10.043,1.37,10.05,0.01,10.146939277648926,10.146950721740723,82,0.0004770339000970125,-0.5104779601097107,1.4414966106414795,12.6,30.43,96,GUIDED,True,ACTIVE,10,6
2026-05-28T14:40:54.751372,-35.3631772,149.166001,10.044,1.37,10.01,0.01,10.109200477600098,10.109213829040527,82,0.000891476811375469,-0.5059150457382202,1.441262125968933,12.6,30.3,96,GUIDED,True,ACTIVE,10,6
2026-05-28T14:40:55.252021,-35.3631711,149.1660562,10.046,1.37,9.97,0.01,10.066564559936523,10.066583633422852,82,0.0009550682152621448,-0.5039370656013489,1.4410041570663452,12.6,30.25,95,GUIDED,True,ACTIVE,10,6
2026-05-28T14:40:55.753729,-35.363165,149.1661115,10.047,1.37,9.93,0.02,10.033699035644531,10.033720016479492,82,0.0012287639547139406,-0.5031384229660034,1.4406747817993164,12.6,30.29,95,GUIDED,True,ACTIVE,10,6
2026-05-28T14:40:56.254154,-35.3631589,149.1661664,10.047,1.36,9.91,0.02,10.009242057800293,10.00926399230957,82,0.0017294901190325618,-0.5039092898368835,1.4402927160263062,12.6,30.3,95,GUIDED,True,ACTIVE,10,6
2026-05-28T14:40:56.754636,-35.3631528,149.1662211,10.046,1.36,9.89,0.02,9.993408203125,9.993431091308594,82,0.0019592870958149433,-0.5027934312820435,1.4401448965072632,12.6,30.25,95,GUIDED,True,ACTIVE,10,6
2026-05-28T14:40:57.255007,-35.3631467,149.1662757,10.046,1.36,9.88,0.02,9.981850624084473,9.98187255859375,82,0.0027217832393944263,-0.5038946866989136,1.4398125410079956,12.6,30.3,95,GUIDED,True,ACTIVE,10,6
2026-05-28T14:40:57.756318,-35.3631406,149.1663304,10.045,1.36,9.88,0.02,9.981135368347168,9.981157302856445,82,0.0027779957745224237,-0.5047308802604675,1.4396851062774658,12.6,30.32,95,GUIDED,True,ACTIVE,10,6
2026-05-28T14:40:58.256687,-35.3631346,149.1663848,10.043,1.36,9.88,0.02,9.978878021240234,9.978900909423828,82,0.0030511587392538786,-0.5079633593559265,1.4396023750305176,12.6,30.34,95,GUIDED,True,ACTIVE,10,6
2026-05-28T14:40:58.757202,-35.3631285,149.1664393,10.041,1.36,9.9,0.01,9.99807071685791,9.998087882995605,82,0.003054717555642128,-0.5089806318283081,1.4395034313201904,12.6,30.43,95,GUIDED,True,ACTIVE,10,6
2026-05-28T14:40:59.257694,-35.3631224,149.166494,10.04,1.36,9.91,0.01,10.004798889160156,10.00481128692627,82,0.003281752346083522,-0.5061995983123779,1.439188838005066,12.6,30.33,94,GUIDED,True,ACTIVE,10,6
2026-05-28T14:40:59.758180,-35.3631163,149.1665487,10.039,1.36,9.9,0.01,9.996408462524414,9.996420860290527,82,0.0035978148225694895,-0.5053812861442566,1.4388495683670044,12.6,30.29,94,GUIDED,True,ACTIVE,10,6
2026-05-28T14:41:00.258567,-35.3631102,149.1666035,10.038,1.36,9.89,0.01,9.988234519958496,9.988245010375977,82,0.004137510899454355,-0.5044355392456055,1.4384503364562988,12.6,30.3,94,GUIDED,True,ACTIVE,10,6
2026-05-28T14:41:00.759178,-35.3631041,149.1666582,10.037,1.35,9.88,0.01,9.980177879333496,9.980188369750977,82,0.004419270902872086,-0.5031601786613464,1.438345193862915,12.6,30.3,94,GUIDED,True,ACTIVE,10,6
2026-05-28T14:41:01.259414,-35.363098,149.1667128,10.036,1.35,9.87,0.01,9.967775344848633,9.96778392791748,82,0.0048779333010315895,-0.5031845569610596,1.4380040168762207,12.6,30.26,94,GUIDED,True,ACTIVE,10,6
2026-05-28T14:41:01.759847,-35.363092,149.1667672,10.034,1.35,9.87,0.01,9.965068817138672,9.965076446533203,82,0.004797760397195816,-0.5045530796051025,1.4379985332489014,12.6,30.33,94,GUIDED,True,ACTIVE,10,6
2026-05-28T14:41:02.260465,-35.3630859,149.166822,10.032,1.35,9.87,0.01,9.962836265563965,9.962841033935547,82,0.004982926417142153,-0.503509521484375,1.4378057718276978,12.6,30.31,94,GUIDED,True,ACTIVE,10,6
2026-05-28T14:41:02.760968,-35.3630799,149.1668763,10.031,1.35,9.87,0.01,9.965417861938477,9.965423583984375,82,0.004958714824169874,-0.5069121718406677,1.4376773834228516,12.6,30.34,94,GUIDED,True,ACTIVE,10,6
2026-05-28T14:41:03.261120,-35.3630738,149.1669307,10.03,1.35,9.88,0.0,9.978447914123535,9.9784517288208,82,0.005690989084541798,-0.507715106010437,1.4373400211334229,12.6,30.39,93,GUIDED,True,ACTIVE,10,6
2026-05-28T14:41:03.761721,-35.3630678,149.1669852,10.029,1.35,9.89,0.0,9.987141609191895,9.98714542388916,82,0.006004599388688803,-0.5071093440055847,1.4371883869171143,12.6,30.36,93,GUIDED,True,ACTIVE,10,6
2026-05-28T14:41:04.262205,-35.3630617,149.1670401,10.028,1.35,9.89,0.0,9.987154960632324,9.987157821655273,82,0.006434736307710409,-0.5048364996910095,1.437038779258728,12.6,30.34,93,GUIDED,True,ACTIVE,10,6
2026-05-28T14:41:04.763308,-35.3630556,149.1670947,10.028,1.35,9.89,0.0,9.982441902160645,9.982442855834961,82,0.0058456952683627605,-0.5047683715820312,1.4368761777877808,12.6,30.32,93,GUIDED,True,ACTIVE,10,6
2026-05-28T14:41:05.263872,-35.3630495,149.1671494,10.027,1.35,9.88,0.0,9.972749710083008,9.972750663757324,82,0.006071067415177822,-0.5033251643180847,1.4366995096206665,12.6,30.28,93,GUIDED,True,ACTIVE,10,6
2026-05-28T14:41:05.763967,-35.3630435,149.1672039,10.027,1.35,9.87,0.0,9.965720176696777,9.965723037719727,82,0.006430955603718758,-0.5041065812110901,1.436577558517456,12.6,30.33,93,GUIDED,True,ACTIVE,10,6
2026-05-28T14:41:06.265556,-35.3630374,149.1672586,10.026,1.35,9.87,0.0,9.964822769165039,9.964823722839355,82,0.0069530983455479145,-0.5034195184707642,1.4363136291503906,12.6,30.31,93,GUIDED,True,ACTIVE,10,6
2026-05-28T14:41:06.766222,-35.3630313,149.1673132,10.026,1.34,9.87,0.0,9.962899208068848,9.96290111541748,82,0.007048219442367554,-0.5036121010780334,1.4361670017242432,12.6,30.31,92,GUIDED,True,ACTIVE,10,6
2026-05-28T14:41:07.266731,-35.3630252,149.1673677,10.025,1.34,9.86,0.0,9.955157279968262,9.955159187316895,82,0.007346550468355417,-0.5037962794303894,1.4360169172286987,12.6,30.26,92,GUIDED,True,ACTIVE,10,6
2026-05-28T14:41:07.767386,-35.3630192,149.1674218,10.025,1.34,9.81,0.0,9.90231704711914,9.902320861816406,82,0.00742895295843482,-0.45403772592544556,1.4362337589263916,12.6,30.08,92,GUIDED,True,ACTIVE,10,6
2026-05-28T14:41:08.267833,-35.3630134,149.1674744,10.034,1.24,9.1,-0.01,9.186195373535156,9.186203956604004,82,0.0077271610498428345,-0.29500073194503784,1.4364769458770752,12.6,27.81,92,GUIDED,True,ACTIVE,10,6
2026-05-28T14:41:08.768428,-35.3630082,149.167522,10.034,1.09,8.07,0.01,8.148670196533203,8.148689270019531,82,0.006362763233482838,-0.19912447035312653,1.4366264343261719,12.6,27.53,92,GUIDED,True,ACTIVE,10,6
2026-05-28T14:41:09.269126,-35.3630036,149.1675638,10.024,0.94,6.97,0.02,7.0374755859375,7.037525177001953,82,0.003627826226875186,-0.10271245986223221,1.4362752437591553,12.6,27.74,92,GUIDED,True,ACTIVE,10,6
2026-05-28T14:41:09.769792,-35.3629999,149.1675992,10.014,0.79,5.78,0.02,5.840574264526367,5.840612411499023,82,-0.0002752917353063822,-0.0031009565573185682,1.436271071434021,12.6,28.07,92,GUIDED,True,ACTIVE,10,6
2026-05-28T14:41:10.270478,-35.3629969,149.167628,10.01,0.63,4.5,0.0,4.5540642738342285,4.554069995880127,82,-0.0035106847062706947,0.08991006016731262,1.435917615890503,12.6,28.4,92,GUIDED,True,ACTIVE,10,6
2026-05-28T14:41:10.771118,-35.3629946,149.1676495,10.012,0.47,3.16,0.0,3.20106840133667,3.2010717391967773,82,-0.0044248332269489765,0.16774289309978485,1.435783863067627,12.6,28.65,92,GUIDED,True,ACTIVE,10,6
2026-05-28T14:41:11.271903,-35.362993,149.1676634,10.017,0.29,1.79,0.0,1.823061466217041,1.823078989982605,82,-0.0007007312960922718,0.21293039619922638,1.4364880323410034,12.6,28.82,91,GUIDED,True,ACTIVE,10,6
2026-05-28T14:41:11.773043,-35.3629923,149.167671,10.022,0.1,1.13,0.0,1.1351414918899536,1.1351507902145386,85,0.040794845670461655,-0.04604436457157135,1.4974777698516846,12.6,28.05,91,GUIDED,True,ACTIVE,10,6
2026-05-28T14:41:12.273778,-35.3629923,149.1676789,10.02,-0.01,1.95,0.0,1.9580379724502563,1.9580613374710083,91,-0.004938282072544098,-0.3405650854110718,1.591837763786316,12.6,29.36,91,GUIDED,True,ACTIVE,10,6
2026-05-28T14:41:12.774461,-35.3629923,149.1676936,10.018,0.01,3.41,0.0,3.412501335144043,3.4125099182128906,90,-0.002782146679237485,-0.3735555112361908,1.5747212171554565,12.6,30.1,91,GUIDED,True,ACTIVE,10,6
2026-05-28T14:41:13.275250,-35.362992,149.1677153,10.02,0.01,4.62,0.0,4.620858192443848,4.6208624839782715,89,0.008032952435314655,-0.40306469798088074,1.5683562755584717,12.6,30.07,91,GUIDED,True,ACTIVE,10,6
2026-05-28T14:41:13.776206,-35.3629918,149.1677435,10.021,-0.01,5.79,0.0,5.792914867401123,5.792914867401123,89,0.014645067974925041,-0.46281343698501587,1.5671882629394531,12.6,30.62,91,GUIDED,True,ACTIVE,10,6
2026-05-28T14:41:14.276924,-35.3629915,149.1677784,10.02,-0.04,6.99,0.0,6.996260166168213,6.996260166168213,89,0.017424575984477997,-0.518509030342102,1.5657174587249756,12.6,31.47,91,GUIDED,True,ACTIVE,10,6
2026-05-28T14:41:14.777684,-35.3629915,149.1678197,10.022,-0.07,7.85,-0.01,7.854098320007324,7.854123592376709,89,0.01666056364774704,-0.42924389243125916,1.5669804811477661,12.6,30.41,91,GUIDED,True,ACTIVE,10,6
2026-05-28T14:41:15.278657,-35.3629915,149.1678627,10.031,-0.1,7.52,-0.01,7.527074813842773,7.527085304260254,89,0.012741927988827229,-0.18957726657390594,1.5694801807403564,12.6,27.78,90,GUIDED,True,ACTIVE,10,6
2026-05-28T14:41:15.779429,-35.3629917,149.1679013,10.023,-0.11,6.36,0.02,6.361486911773682,6.361537933349609,90,0.006416647229343653,-0.06205837056040764,1.5709948539733887,12.6,27.79,90,GUIDED,True,ACTIVE,10,6
2026-05-28T14:41:16.280111,-35.362992,149.1679339,10.01,-0.09,5.31,0.01,5.315267086029053,5.31528377532959,90,-3.1981751817511395e-05,-0.014349035918712616,1.571518898010254,12.6,28.14,90,GUIDED,True,ACTIVE,10,6
2026-05-28T14:41:16.780955,-35.3629923,149.1679608,10.005,-0.05,4.21,0.0,4.215497970581055,4.215498447418213,90,-0.0025119357742369175,0.07655824720859528,1.5712703466415405,12.6,28.33,90,GUIDED,True,ACTIVE,10,6
2026-05-28T14:41:17.281652,-35.3629925,149.1679811,10.007,-0.02,2.97,-0.01,2.971104145050049,2.9711217880249023,90,-0.0027837941888719797,0.16543400287628174,1.571070671081543,12.6,28.62,90,GUIDED,True,ACTIVE,10,6
2026-05-28T14:41:17.782280,-35.3629926,149.1679941,10.013,0.0,1.6,-0.01,1.6099823713302612,1.6100279092788696,90,-0.0015955965500324965,0.2361098974943161,1.5709937810897827,12.6,28.91,90,GUIDED,True,ACTIVE,10,6
2026-05-28T14:41:18.283108,-35.3629927,149.1679994,10.018,0.0,0.19,0.0,0.19235505163669586,0.19250695407390594,90,-0.0008437756914645433,0.28329798579216003,1.5708643198013306,12.6,29.16,90,GUIDED,True,ACTIVE,10,6
2026-05-28T14:41:18.783470,-35.362993,149.1679969,10.021,-0.26,-1.1,0.0,1.1385836601257324,1.1385856866836548,92,0.16246822476387024,0.2477392703294754,1.6141411066055298,12.6,29.2,90,GUIDED,True,ACTIVE,10,6
2026-05-28T14:41:19.284070,-35.362996,149.1679881,10.022,-1.01,-2.22,0.0,2.44307279586792,2.44307279586792,115,0.26426446437835693,0.20255160331726074,2.0087592601776123,12.6,29.63,89,GUIDED,True,ACTIVE,10,6
2026-05-28T14:41:19.787473,-35.3630018,149.167973,10.022,-1.56,-3.31,0.0,3.6695797443389893,3.6695799827575684,146,0.3583270311355591,0.04657245799899101,2.5587942600250244,12.6,29.76,89,GUIDED,True,ACTIVE,10,6
2026-05-28T14:41:20.288037,-35.36301,149.1679521,10.023,-2.12,-4.34,0.0,4.835781097412109,4.835781097412109,174,0.38387927412986755,-0.15063363313674927,3.046647071838379,12.6,30.12,89,GUIDED,True,ACTIVE,10,6
2026-05-28T14:41:20.788659,-35.3630208,149.1679252,10.02,-2.68,-5.45,0.0,6.079203128814697,6.079206943511963,203,0.2983328104019165,-0.35287854075431824,-2.7326877117156982,12.6,30.88,89,GUIDED,True,ACTIVE,10,6
2026-05-28T14:41:21.289473,-35.3630337,149.1678925,10.021,-3.02,-6.3,-0.02,6.99246883392334,6.992506504058838,235,0.03610485792160034,-0.3664838671684265,-2.1658272743225098,12.6,30.02,89,GUIDED,True,ACTIVE,10,6
2026-05-28T14:41:21.790099,-35.3630472,149.1678583,10.031,-2.96,-5.91,0.0,6.613820552825928,6.61382532119751,248,-0.014371131546795368,-0.11676137894392014,-1.9486416578292847,12.6,27.66,89,GUIDED,True,ACTIVE,10,6
2026-05-28T14:41:22.290931,-35.3630593,149.1678286,10.022,-2.41,-4.8,0.02,5.373114109039307,5.373188018798828,243,0.006288424134254456,0.024279704317450523,-2.026575803756714,12.6,28.1,89,GUIDED,True,ACTIVE,10,6
2026-05-28T14:41:22.791658,-35.3630688,149.1678047,10.011,-1.89,-3.79,0.0,4.24446439743042,4.244476318359375,244,-0.0007307216874323785,0.05750896781682968,-2.0237770080566406,12.6,28.31,89,GUIDED,True,ACTIVE,10,6
2026-05-28T14:41:23.291976,-35.363076,149.1677863,10.008,-1.4,-2.78,0.0,3.117245674133301,3.117250919342041,244,-0.003743700683116913,0.1326017826795578,-2.0222220420837402,12.6,28.48,88,GUIDED,True,ACTIVE,10,6
2026-05-28T14:41:23.792604,-35.3630808,149.1677738,10.009,-0.86,-1.65,-0.01,1.868666410446167,1.868701457977295,244,-0.005347670055925846,0.20862272381782532,-2.023867607116699,12.6,28.74,88,GUIDED,True,ACTIVE,10,6
2026-05-28T14:41:24.292833,-35.3630832,149.1677679,10.012,-0.28,-0.47,-0.01,0.5526726841926575,0.5528526902198792,244,-0.004464875906705856,0.21292103826999664,-2.0240986347198486,12.6,28.99,88,GUIDED,True,ACTIVE,10,6
2026-05-28T14:41:24.793496,-35.3630836,149.1677668,10.014,-0.07,-0.03,0.0,0.08662490546703339,0.08698658645153046,243,-0.0064539480954408646,0.013539559207856655,-2.0305562019348145,12.6,28.04,88,GUIDED,True,ACTIVE,10,6
2026-05-28T14:41:25.294164,-35.3630837,149.1677669,10.011,-0.05,0.02,0.0,0.06153496727347374,0.06162907928228378,243,-0.0031641083769500256,0.012780938297510147,-2.0317625999450684,12.6,28.12,88,GUIDED,True,ACTIVE,10,6
2026-05-28T14:41:25.794465,-35.3630837,149.1677673,10.007,-0.02,0.06,0.0,0.06842237710952759,0.06890524178743362,243,0.0016114789759740233,0.005116794724017382,-2.0314512252807617,12.6,28.14,88,GUIDED,True,ACTIVE,10,6
2026-05-28T14:41:26.295141,-35.3630837,149.167768,10.006,0.0,0.07,-0.01,0.07326073944568634,0.07415705919265747,243,0.004025113303214312,0.004056173842400312,-2.03155517578125,12.6,28.14,88,GUIDED,True,ACTIVE,10,6
2026-05-28T14:41:26.795560,-35.3630836,149.1677687,10.007,0.02,0.07,-0.01,0.08068222552537918,0.08170627057552338,243,0.003811770351603627,0.0020191774237900972,-2.031677722930908,12.6,28.12,88,GUIDED,True,ACTIVE,10,6
2026-05-28T14:41:27.296364,-35.3630835,149.1677693,10.01,0.04,0.06,-0.01,0.07473210990428925,0.07552655786275864,243,0.004072083625942469,-0.0025586304254829884,-2.0324676036834717,12.6,28.09,88,GUIDED,True,ACTIVE,10,6
2026-05-28T14:41:27.797374,-35.3630834,149.1677698,10.012,0.04,0.03,0.0,0.05951058864593506,0.060140375047922134,243,0.00452935928478837,-0.0032405443489551544,-2.0329713821411133,12.6,28.09,87,GUIDED,True,ACTIVE,10,6
2026-05-28T14:41:28.298223,-35.3630833,149.1677702,10.013,0.04,0.01,0.0,0.050795190036296844,0.051258157938718796,243,0.004570188466459513,-0.002276261802762747,-2.033508062362671,12.6,28.12,87,GUIDED,True,ACTIVE,10,6
2026-05-28T14:41:28.798698,-35.3630832,149.1677704,10.014,0.04,0.0,0.0,0.050179243087768555,0.050516773015260696,243,0.004596265498548746,-0.0011109075276181102,-2.034029006958008,12.6,28.09,87,GUIDED,True,ACTIVE,10,6
2026-05-28T14:41:29.299247,-35.3630832,149.1677705,10.016,0.05,0.0,0.0,0.052932124584913254,0.05311679467558861,243,0.004036700818687677,0.00011773252481361851,-2.0344104766845703,12.6,28.09,87,GUIDED,True,ACTIVE,10,6
2026-05-28T14:41:29.799944,-35.3630831,149.1677706,10.016,0.05,0.0,0.0,0.054133519530296326,0.054227136075496674,243,0.0032192098442465067,0.0008807503618299961,-2.034721612930298,12.6,28.12,87,GUIDED,True,ACTIVE,10,6
2026-05-28T14:41:30.300129,-35.3630831,149.1677706,10.017,0.05,0.0,0.0,0.05311587452888489,0.05317975580692291,243,0.0026291448157280684,0.001559054828248918,-2.035038471221924,12.6,28.09,87,GUIDED,True,ACTIVE,10,6
2026-05-28T14:41:30.800697,-35.363083,149.1677707,10.018,0.05,0.0,0.0,0.051082368940114975,0.05112150311470032,243,0.002496412955224514,0.0014903448754921556,-2.0353055000305176,12.6,28.14,87,GUIDED,True,ACTIVE,10,6
2026-05-28T14:41:31.300951,-35.363083,149.1677707,10.018,0.04,0.0,0.0,0.04880055412650108,0.048837464302778244,243,0.002438782248646021,0.0016337261768057942,-2.035627841949463,12.6,28.12,87,GUIDED,True,ACTIVE,10,6
2026-05-28T14:41:31.801568,-35.3630829,149.1677707,10.018,0.04,0.0,0.0,0.04672832414507866,0.04677402600646019,243,0.002095563104376197,0.0018885377794504166,-2.0358633995056152,12.6,28.12,86,GUIDED,True,ACTIVE,10,6
2026-05-28T14:41:32.302165,-35.3630829,149.1677707,10.017,0.04,0.0,0.0,0.04475297033786774,0.044784173369407654,243,0.0018281660741195083,0.0022936163004487753,-2.0361483097076416,12.6,28.12,86,GUIDED,True,ACTIVE,10,6
2026-05-28T14:41:32.802795,-35.3630829,149.1677707,10.016,0.04,0.0,0.0,0.04261566698551178,0.04270782321691513,243,0.0015565623762086034,0.0021247605327516794,-2.0363752841949463,12.6,28.14,86,GUIDED,True,ACTIVE,10,6
2026-05-28T14:41:33.303434,-35.3630829,149.1677707,10.016,0.03,0.01,0.0,0.04102128744125366,0.04115810617804527,243,0.0017306304071098566,0.002568733412772417,-2.0366523265838623,12.6,28.12,86,GUIDED,True,ACTIVE,10,6
2026-05-28T14:41:33.803998,-35.3630828,149.1677707,10.015,0.03,0.01,0.0,0.041185785084962845,0.041357677429914474,243,0.0014983810251578689,0.002261819550767541,-2.036834716796875,12.6,28.12,86,GUIDED,True,ACTIVE,10,6
2026-05-28T14:41:34.304679,-35.3630828,149.1677707,10.015,0.03,0.01,0.0,0.03818432241678238,0.03840069845318794,243,0.001023586024530232,0.0017626852495595813,-2.037018060684204,12.6,28.09,86,GUIDED,True,ACTIVE,10,6
2026-05-28T14:41:34.805107,-35.3630828,149.1677707,10.015,0.03,0.01,0.0,0.03501829132437706,0.03529145568609238,243,0.0012336337240412831,0.0020646846387535334,-2.037224054336548,12.6,28.12,86,GUIDED,True,ACTIVE,10,6
2026-05-28T14:41:35.305780,-35.3630828,149.1677708,10.016,0.02,0.01,0.0,0.03265157714486122,0.032877128571271896,243,0.0014353821752592921,0.0018423525616526604,-2.0374553203582764,12.6,28.09,86,GUIDED,True,ACTIVE,10,6
2026-05-28T14:41:35.806354,-35.3630828,149.1677708,10.017,0.02,0.01,0.0,0.03185781091451645,0.03200911357998848,243,0.0015387838939204812,0.0019786779303103685,-2.037639617919922,12.6,28.12,85,GUIDED,True,ACTIVE,10,6
2026-05-28T14:41:36.307111,-35.3630828,149.1677708,10.017,0.02,0.01,0.0,0.03173953294754028,0.03186338022351265,243,0.001700683729723096,0.0020809376146644354,-2.0378530025482178,12.6,28.12,85,GUIDED,True,ACTIVE,10,6
2026-05-28T14:41:36.807953,-35.3630828,149.1677708,10.017,0.02,0.01,0.0,0.03194865584373474,0.03205595538020134,243,0.0016304657328873873,0.002002549823373556,-2.03802752494812,12.6,28.12,85,GUIDED,True,ACTIVE,10,6
2026-05-28T14:41:37.308708,-35.3630828,149.1677708,10.017,0.02,0.01,0.0,0.03137722238898277,0.031448010355234146,243,0.0016243875725194812,0.0018100757151842117,-2.038217306137085,12.6,28.12,85,GUIDED,True,ACTIVE,10,6
2026-05-28T14:41:37.809413,-35.3630827,149.1677708,10.017,0.02,0.01,0.0,0.03109164535999298,0.03115655668079853,243,0.0019825182389467955,0.0015521631576120853,-2.0383858680725098,12.6,28.12,85,GUIDED,True,ACTIVE,10,6
2026-05-28T14:41:38.309946,-35.3630827,149.1677708,10.018,0.02,0.0,0.0,0.030177036300301552,0.030240412801504135,243,0.0018067234195768833,0.001474955235607922,-2.0385782718658447,12.6,28.09,85,GUIDED,True,ACTIVE,10,6
2026-05-28T14:41:38.810380,-35.3630827,149.1677709,10.018,0.02,0.0,0.0,0.0293930321931839,0.029460053890943527,243,0.0016792290844023228,0.0015327262226492167,-2.0387723445892334,12.6,28.14,85,GUIDED,True,ACTIVE,10,6
2026-05-28T14:41:39.310748,-35.3630827,149.1677709,10.018,0.02,0.0,0.0,0.02859359234571457,0.028651731088757515,243,0.0017960224067792296,0.0013838320737704635,-2.0388829708099365,12.6,28.12,85,GUIDED,True,ACTIVE,10,6
2026-05-28T14:41:39.811346,-35.3630827,149.1677709,10.018,0.02,0.0,0.0,0.0284712053835392,0.02852499857544899,243,0.0017608628841117024,0.0013980150688439608,-2.0390491485595703,12.6,28.12,85,GUIDED,True,ACTIVE,10,6
2026-05-28T14:41:40.311860,-35.3630827,149.1677709,10.018,0.02,0.0,0.0,0.027465401217341423,0.02752969227731228,243,0.0012338418746367097,0.0012762987753376365,-2.0391974449157715,12.6,28.14,84,GUIDED,True,ACTIVE,10,6
2026-05-28T14:41:40.812450,-35.3630827,149.1677709,10.018,0.02,0.0,0.0,0.025013748556375504,0.025073762983083725,243,0.0010651175398379564,0.0012896708212792873,-2.0393552780151367,12.6,28.12,84,GUIDED,True,ACTIVE,10,6
2026-05-28T14:41:41.313033,-35.3630827,149.1677709,10.018,0.02,0.0,0.0,0.023512102663517,0.023571312427520752,243,0.001315114088356495,0.0015894464449957013,-2.039506673812866,12.6,28.14,84,GUIDED,True,ACTIVE,10,6
2026-05-28T14:41:41.813575,-35.3630827,149.1677709,10.018,0.02,0.0,0.0,0.02297394350171089,0.023051071912050247,243,0.0012671388685703278,0.0015469288919121027,-2.0396838188171387,12.6,28.12,84,GUIDED,True,ACTIVE,10,6
2026-05-28T14:41:42.314022,-35.3630827,149.1677709,10.018,0.02,0.0,0.0,0.02337154746055603,0.023445462808012962,243,0.0015674845781177282,0.0015435335226356983,-2.039769172668457,12.6,28.12,84,GUIDED,True,ACTIVE,10,6
2026-05-28T14:41:42.814281,-35.3630827,149.1677709,10.018,0.02,0.0,0.0,0.023893484845757484,0.02395946905016899,243,0.0016289434861391783,0.0014296317240223289,-2.0398757457733154,12.6,28.12,84,GUIDED,True,ACTIVE,10,6
2026-05-28T14:41:43.314788,-35.3630827,149.1677709,10.018,0.02,0.0,0.0,0.024029845371842384,0.02409689873456955,243,0.001491453149355948,0.001616674824617803,-2.0399842262268066,12.6,28.09,84,GUIDED,True,ACTIVE,10,6
2026-05-28T14:41:43.815384,-35.3630827,149.1677709,10.018,0.02,0.0,0.0,0.02437758445739746,0.024441389366984367,243,0.0013340221485123038,0.0014738853788003325,-2.040147066116333,12.6,28.12,84,GUIDED,True,ACTIVE,10,6
2026-05-28T14:41:44.315866,-35.3630827,149.1677709,10.018,0.02,0.0,0.0,0.023237790912389755,0.023307589814066887,243,0.0013995137996971607,0.0012847133912146091,-2.040238618850708,12.6,28.12,83,GUIDED,True,ACTIVE,10,6
2026-05-28T14:41:44.816377,-35.3630827,149.1677709,10.018,0.02,0.0,0.0,0.02319815196096897,0.023264238610863686,243,0.0015752362087368965,0.001498196623288095,-2.040362596511841,12.6,28.12,83,GUIDED,True,ACTIVE,10,6
2026-05-28T14:41:45.316874,-35.3630827,149.1677709,10.018,0.02,0.0,0.0,0.02359796315431595,0.023666389286518097,243,0.001519294106401503,0.0015571758849546313,-2.0404140949249268,12.6,28.09,83,GUIDED,True,ACTIVE,10,6
2026-05-28T14:41:45.817217,-35.3630827,149.1677709,10.018,0.02,0.0,0.0,0.023802712559700012,0.023871781304478645,243,0.0014528986066579819,0.0015710724983364344,-2.0405688285827637,12.6,28.09,83,GUIDED,True,ACTIVE,10,6
2026-05-28T14:41:46.317883,-35.3630827,149.1677709,10.018,0.02,0.0,0.0,0.023883545771241188,0.02395489253103733,243,0.001315464498475194,0.0016778216231614351,-2.040605306625366,12.6,28.12,83,GUIDED,True,ACTIVE,10,6
2026-05-28T14:41:46.818036,-35.3630827,149.1677709,10.018,0.02,0.0,0.0,0.0238735880702734,0.023967234417796135,243,0.0015356875956058502,0.0013344591716304421,-2.0407071113586426,12.6,28.12,83,GUIDED,True,ACTIVE,10,6
2026-05-28T14:41:47.318348,-35.3630827,149.1677709,10.018,0.02,0.0,0.0,0.023447353392839432,0.023534443229436874,243,0.001513728522695601,0.0014165359316393733,-2.040825605392456,12.6,28.12,83,GUIDED,True,ACTIVE,10,6
2026-05-28T14:41:47.819539,-35.3630827,149.1677709,10.018,0.02,0.0,0.0,0.023264119401574135,0.023317908868193626,243,0.001480326522141695,0.001455893274396658,-2.040903329849243,12.6,28.09,83,GUIDED,True,ACTIVE,10,6
2026-05-28T14:41:48.320004,-35.3630827,149.1677709,10.018,0.02,0.0,0.0,0.02355968952178955,0.02360587939620018,243,0.0015648078406229615,0.001510429079644382,-2.041046619415283,12.6,28.14,83,GUIDED,True,ACTIVE,10,6
2026-05-28T14:41:48.820766,-35.3630827,149.1677709,10.018,0.02,0.0,0.0,0.02415609173476696,0.024206381291151047,243,0.0014970897464081645,0.0015098656294867396,-2.0411288738250732,12.6,28.09,82,GUIDED,True,ACTIVE,10,6
2026-05-28T14:41:49.321214,-35.3630827,149.1677709,10.018,0.02,0.0,0.0,0.023432394489645958,0.02348984219133854,243,0.00140737509354949,0.001455602585338056,-2.041200876235962,12.6,28.09,82,GUIDED,True,ACTIVE,10,6
2026-05-28T14:41:49.821952,-35.3630827,149.1677709,10.018,0.02,0.0,0.0,0.023987779393792152,0.024037186056375504,243,0.0019916072487831116,0.0016629932215437293,-2.0412163734436035,12.6,28.09,82,GUIDED,True,ACTIVE,10,6
2026-05-28T14:41:50.322697,-35.3630827,149.1677709,10.018,0.02,0.0,0.0,0.0256219319999218,0.025665968656539917,243,0.0022721290588378906,0.001383853843435645,-2.041266441345215,12.6,28.12,82,GUIDED,True,ACTIVE,10,6
2026-05-28T14:41:50.823645,-35.3630827,149.1677709,10.018,0.02,0.0,0.0,0.027319615706801414,0.027356285601854324,243,0.0021428095642477274,0.0012351468903943896,-2.041323184967041,12.6,28.09,82,GUIDED,True,ACTIVE,10,6
2026-05-28T14:41:51.324100,-35.3630827,149.1677709,10.018,0.02,0.0,0.0,0.0276434775441885,0.027687503024935722,243,0.0017861833330243826,0.0012710279552266002,-2.041388988494873,12.6,28.12,82,GUIDED,True,ACTIVE,10,6
2026-05-28T14:41:51.824313,-35.3630827,149.1677709,10.018,0.02,0.0,0.0,0.027010422199964523,0.02705223672091961,243,0.001676470274105668,0.001450935611501336,-2.041473388671875,12.6,28.14,82,GUIDED,True,ACTIVE,10,6
2026-05-28T14:41:52.324909,-35.3630827,149.1677709,10.018,0.02,0.0,0.0,0.026213858276605606,0.0262660700827837,243,0.00160248635802418,0.00145657267421484,-2.0415358543395996,12.6,28.09,82,GUIDED,True,ACTIVE,10,6
2026-05-28T14:41:52.825454,-35.3630827,149.1677709,10.018,0.02,0.0,0.0,0.02582317404448986,0.025857238098978996,243,0.0016311024082824588,0.0014411003794521093,-2.041625738143921,12.6,28.09,81,GUIDED,True,ACTIVE,10,6
2026-05-28T14:41:53.326145,-35.3630827,149.1677709,10.018,0.02,0.0,0.0,0.02573336847126484,0.02576068602502346,243,0.0014582721050828695,0.0012106579961255193,-2.041649580001831,12.6,28.11,81,GUIDED,True,ACTIVE,10,6
2026-05-28T14:41:53.828811,-35.3630827,149.1677709,10.019,0.02,0.0,0.0,0.023840298876166344,0.02385115623474121,243,0.001173196011222899,0.0011069895699620247,-2.041673421859741,12.6,28.09,81,GUIDED,True,ACTIVE,10,6
2026-05-28T14:41:54.329046,-35.3630827,149.1677709,10.019,0.02,0.0,0.0,0.021953340619802475,0.021955208852887154,243,0.0011805021204054356,0.0014153033262118697,-2.0417377948760986,12.6,28.11,81,GUIDED,True,ACTIVE,10,6
2026-05-28T14:41:54.829740,-35.3630827,149.1677709,10.02,0.02,0.0,0.0,0.02141793817281723,0.021418264135718346,243,0.0011756827589124441,0.0016626233700662851,-2.0417394638061523,12.6,28.11,81,GUIDED,True,ACTIVE,10,6
2026-05-28T14:41:55.330385,-35.3630827,149.1677709,10.02,0.02,0.0,0.0,0.02193034254014492,0.021930374205112457,243,0.0015154313296079636,0.0017155762761831284,-2.041841745376587,12.6,28.09,81,GUIDED,True,ACTIVE,10,6
2026-05-28T14:41:55.831195,-35.3630827,149.1677709,10.02,0.02,0.0,0.0,0.022843005135655403,0.022845402359962463,243,0.0015067295171320438,0.0015988944796845317,-2.0418453216552734,12.6,28.11,81,GUIDED,True,ACTIVE,10,6
2026-05-28T14:41:56.331847,-35.3630827,149.1677709,10.02,0.02,0.0,0.0,0.022642413154244423,0.022643759846687317,243,0.0015792319318279624,0.0013700269628316164,-2.041877508163452,12.6,28.11,81,GUIDED,True,ACTIVE,10,6
2026-05-28T14:41:56.832461,-35.3630827,149.1677709,10.02,0.02,0.0,0.0,0.02292865887284279,0.022932229563593864,243,0.0015922238817438483,0.0014275601133704185,-2.0418834686279297,12.6,28.09,81,GUIDED,True,ACTIVE,10,6
2026-05-28T14:41:57.333679,-35.3630827,149.1677709,10.02,0.02,0.0,0.0,0.02271253988146782,0.02271285280585289,243,0.0015239560743793845,0.0012926228810101748,-2.0419721603393555,12.6,28.12,80,GUIDED,True,ACTIVE,10,6
2026-05-28T14:41:57.834322,-35.3630827,149.1677709,10.019,0.02,0.0,0.0,0.022479262202978134,0.022481093183159828,243,0.001483270199969411,0.0013418991584330797,-2.0420150756835938,12.6,28.12,80,GUIDED,True,ACTIVE,10,6
2026-05-28T14:41:58.335069,-35.3630827,149.1677709,10.019,0.02,0.0,0.0,0.022693881765007973,0.022695615887641907,242,0.0016419808380305767,0.0015579562168568373,-2.0420660972595215,12.6,28.12,80,GUIDED,True,ACTIVE,10,6
2026-05-28T14:41:58.835866,-35.3630827,149.1677709,10.019,0.02,0.0,0.0,0.023373857140541077,0.023384656757116318,242,0.001606002333573997,0.0015615205047652125,-2.0420796871185303,12.6,28.09,80,GUIDED,True,ACTIVE,10,6
2026-05-28T14:41:59.337740,-35.3630827,149.1677709,10.018,0.02,0.0,0.0,0.023466145619750023,0.02348550409078598,242,0.001474760938435793,0.0012508677318692207,-2.042133331298828,12.6,28.12,80,GUIDED,True,ACTIVE,10,6
2026-05-28T14:41:59.839788,-35.3630827,149.1677709,10.018,0.02,0.0,0.0,0.023044804111123085,0.023074686527252197,242,0.001465799636207521,0.0012678117491304874,-2.0421457290649414,12.6,28.09,80,GUIDED,True,ACTIVE,10,6
2026-05-28T14:42:00.340484,-35.3630827,149.1677709,10.018,0.02,0.0,0.0,0.022383345291018486,0.022412408143281937,242,0.001444243243895471,0.001473411452025175,-2.042187452316284,12.6,28.09,80,GUIDED,True,ACTIVE,10,6
2026-05-28T14:42:00.840684,-35.3630827,149.1677709,10.019,0.02,0.0,0.0,0.022839907556772232,0.022852089256048203,242,0.001593816326931119,0.0014599594287574291,-2.0421504974365234,12.6,28.09,80,GUIDED,True,ACTIVE,10,6
2026-05-28T14:42:01.341292,-35.3630827,149.1677709,10.019,0.02,0.0,0.0,0.023014813661575317,0.02301747165620327,242,0.0016678625252097845,0.0014025798300281167,-2.042179822921753,12.6,28.11,79,GUIDED,True,ACTIVE,10,6
2026-05-28T14:42:01.841591,-35.3630827,149.1677709,10.019,0.02,0.0,0.0,0.023374630138278008,0.023375004529953003,242,0.0016988859279081225,0.0010606108698993921,-2.0421884059906006,12.6,28.09,79,GUIDED,True,ACTIVE,10,6
2026-05-28T14:42:02.342172,-35.3630827,149.1677709,10.02,0.02,0.0,0.0,0.023026982322335243,0.023027008399367332,242,0.0017529814504086971,0.0009695597109384835,-2.042217969894409,12.6,28.14,79,GUIDED,True,ACTIVE,10,6
2026-05-28T14:42:02.842802,-35.3630827,149.1677709,10.02,0.02,0.0,0.0,0.02270139753818512,0.022702600806951523,242,0.0017079240642488003,0.0009118550806306303,-2.0421957969665527,12.6,28.09,79,GUIDED,True,ACTIVE,10,6
2026-05-28T14:42:03.343455,-35.3630827,149.1677709,10.02,0.02,0.0,0.0,0.022609081119298935,0.022610574960708618,242,0.0018039147835224867,0.0012469067005440593,-2.042280912399292,12.6,28.11,79,GUIDED,True,ACTIVE,10,6
2026-05-28T14:42:03.844112,-35.3630827,149.1677709,10.02,0.02,0.0,0.0,0.023216357454657555,0.02321706898510456,242,0.0015775145730003715,0.0013643910642713308,-2.042332172393799,12.6,28.11,79,GUIDED,True,ACTIVE,10,6
2026-05-28T14:42:04.344590,-35.3630827,149.1677709,10.02,0.02,0.0,0.0,0.022770307958126068,0.022775478661060333,242,0.0015266949776560068,0.001349379657767713,-2.042287826538086,12.6,28.11,79,GUIDED,True,ACTIVE,10,6
2026-05-28T14:42:04.845196,-35.3630827,149.1677709,10.019,0.02,0.0,0.0,0.02303529717028141,0.023036370053887367,242,0.0016498892800882459,0.001286151702515781,-2.0422825813293457,12.6,28.12,79,GUIDED,True,ACTIVE,10,6
2026-05-28T14:42:05.345776,-35.3630827,149.1677709,10.019,0.02,0.0,0.0,0.022694237530231476,0.022699562832713127,242,0.001696716877631843,0.0012076653074473143,-2.042307138442993,12.6,28.12,79,GUIDED,True,ACTIVE,10,6
2026-05-28T14:42:05.846944,-35.3630827,149.1677709,10.019,0.02,0.0,0.0,0.02279856987297535,0.022813616320490837,242,0.0018492985982447863,0.0010511004365980625,-2.0422980785369873,12.6,28.12,78,GUIDED,True,ACTIVE,10,6
2026-05-28T14:42:06.347973,-35.3630827,149.1677709,10.018,0.02,0.0,0.0,0.02312055043876171,0.023148508742451668,242,0.0016692974604666233,0.0015685977414250374,-2.042290449142456,12.6,28.12,78,GUIDED,True,ACTIVE,10,6
2026-05-28T14:42:06.848756,-35.3630827,149.1677709,10.018,0.02,0.0,0.0,0.02371237613260746,0.02375081181526184,242,0.0016114383470267057,0.001379778957925737,-2.042297601699829,12.6,28.14,78,GUIDED,True,ACTIVE,10,6
2026-05-28T14:42:07.349515,-35.3630827,149.1677709,10.018,0.02,0.0,0.0,0.022867487743496895,0.0229216106235981,242,0.0014928238233551383,0.0016125772381201386,-2.042344331741333,12.6,28.11,78,GUIDED,True,ACTIVE,10,6
2026-05-28T14:42:07.850125,-35.3630827,149.1677709,10.019,0.02,0.0,0.0,0.023139016702771187,0.023149747401475906,242,0.0013724523596465588,0.0017979845870286226,-2.042349100112915,12.6,28.11,78,GUIDED,True,ACTIVE,10,6
2026-05-28T14:42:08.350567,-35.3630827,149.1677709,10.019,0.02,0.0,0.0,0.023147407919168472,0.02314940094947815,242,0.0014817496994510293,0.001459960243664682,-2.042329788208008,12.6,28.14,78,GUIDED,True,ACTIVE,10,6
2026-05-28T14:42:08.851030,-35.3630827,149.1677709,10.019,0.02,0.0,0.0,0.022871654480695724,0.022872574627399445,242,0.001557238050736487,0.0013125083642080426,-2.042307138442993,12.6,28.11,78,GUIDED,True,ACTIVE,10,6
2026-05-28T14:42:09.351652,-35.3630827,149.1677709,10.02,0.02,0.0,0.0,0.02272076904773712,0.02272077091038227,242,0.001659436384215951,0.001261899247765541,-2.04231595993042,12.6,28.11,78,GUIDED,True,ACTIVE,10,6
2026-05-28T14:42:09.852106,-35.3630827,149.1677709,10.02,0.02,0.0,0.0,0.022992543876171112,0.02299257181584835,242,0.0015714950859546661,0.0015596492448821664,-2.042332649230957,12.6,28.09,77,GUIDED,True,ACTIVE,10,6
2026-05-28T14:42:10.352638,-35.3630827,149.1677709,10.02,0.02,0.0,0.0,0.022940007969737053,0.02294238656759262,242,0.0015147831290960312,0.0014892569743096828,-2.0422980785369873,12.6,28.14,77,GUIDED,True,ACTIVE,10,6
2026-05-28T14:42:10.853084,-35.3630827,149.1677709,10.02,0.02,0.0,0.0,0.02282179333269596,0.022823665291070938,242,0.0015574825229123235,0.0013311601942405105,-2.0423011779785156,12.6,28.11,77,GUIDED,True,ACTIVE,10,6
2026-05-28T14:42:11.353682,-35.3630827,149.1677709,10.02,0.02,0.0,0.0,0.022402627393603325,0.022405024617910385,242,0.001618312206119299,0.0013746651820838451,-2.0423591136932373,12.6,28.09,77,GUIDED,True,ACTIVE,10,6
2026-05-28T14:42:11.854231,-35.3630827,149.1677709,10.02,0.02,0.0,0.0,0.022612404078245163,0.022613724693655968,242,0.0016464167274534702,0.0013220227556303144,-2.042320966720581,12.6,28.12,77,GUIDED,True,ACTIVE,10,6
2026-05-28T14:42:12.355335,-35.3630827,149.1677709,10.019,0.02,0.0,0.0,0.022389449179172516,0.022389886900782585,242,0.0016663719434291124,0.0012540466850623488,-2.042337417602539,12.6,28.09,77,GUIDED,True,ACTIVE,10,6
2026-05-28T14:42:12.855970,-35.3630827,149.1677709,10.019,0.02,0.0,0.0,0.02248147875070572,0.022490503266453743,242,0.0017203273018822074,0.0016162386164069176,-2.042307138442993,12.6,28.09,77,GUIDED,True,ACTIVE,10,6
2026-05-28T14:42:13.356542,-35.3630827,149.1677709,10.018,0.02,0.0,0.0,0.023305339738726616,0.023330293595790863,242,0.0015968064544722438,0.0014790344284847379,-2.0422580242156982,12.6,28.12,77,GUIDED,True,ACTIVE,10,6
2026-05-28T14:42:13.857193,-35.3630827,149.1677709,10.018,0.02,0.0,0.0,0.02327454276382923,0.02331090159714222,242,0.001589644351042807,0.001499930745922029,-2.0422356128692627,12.6,28.12,76,GUIDED,True,ACTIVE,10,6
2026-05-28T14:42:14.357922,-35.3630827,149.1677709,10.018,0.02,0.0,0.0,0.02324136346578598,0.02327297255396843,242,0.0016500205965712667,0.0012348637683317065,-2.0422861576080322,12.6,28.11,76,GUIDED,True,ACTIVE,10,6
2026-05-28T14:42:14.858678,-35.3630827,149.1677709,10.018,0.02,0.0,0.0,0.022659389302134514,0.022699641063809395,242,0.001633107545785606,0.001198586542159319,-2.042278289794922,12.6,28.11,76,GUIDED,True,ACTIVE,10,6
2026-05-28T14:42:15.359299,-35.3630827,149.1677709,10.019,0.02,0.0,0.0,0.022728746756911278,0.022738343104720116,242,0.001755912322551012,0.0010580765083432198,-2.0423104763031006,12.6,28.09,76,GUIDED,True,ACTIVE,10,6
2026-05-28T14:42:15.859983,-35.3630827,149.1677709,10.019,0.02,0.0,0.0,0.022207394242286682,0.022208109498023987,242,0.0018421172862872481,0.000947351916693151,-2.0422821044921875,12.6,28.09,76,GUIDED,True,ACTIVE,10,6
2026-05-28T14:42:16.360657,-35.3630827,149.1677709,10.02,0.02,0.0,0.0,0.022226663306355476,0.02222679927945137,242,0.0018226522952318192,0.0010582292452454567,-2.042325019836426,12.6,28.09,76,GUIDED,True,ACTIVE,10,6
2026-05-28T14:42:16.861319,-35.3630827,149.1677709,10.02,0.02,0.0,0.0,0.022402051836252213,0.022403495386242867,242,0.0017070582835003734,0.0012912694364786148,-2.0422909259796143,12.6,28.11,76,GUIDED,True,ACTIVE,10,6
2026-05-28T14:42:17.361774,-35.3630827,149.1677709,10.02,0.02,0.0,0.0,0.022077174857258797,0.022077199071645737,242,0.0016810575034469366,0.0012117358855903149,-2.042273998260498,12.6,28.14,76,GUIDED,True,ACTIVE,10,6
2026-05-28T14:42:17.862481,-35.3630827,149.1677709,10.02,0.02,0.0,0.0,0.02211878076195717,0.02212120033800602,242,0.001690085744485259,0.0013143732212483883,-2.0422842502593994,12.6,28.11,76,GUIDED,True,ACTIVE,10,6
2026-05-28T14:42:18.362836,-35.3630827,149.1677709,10.02,0.02,0.0,0.0,0.022406447678804398,0.02241165190935135,242,0.0016095315804705024,0.0013663163408637047,-2.042280673980713,12.6,28.11,75,GUIDED,True,ACTIVE,10,6
2026-05-28T14:42:18.863622,-35.3630827,149.1677709,10.02,0.02,0.0,0.0,0.022679148241877556,0.022686054930090904,242,0.001657265005633235,0.001352308550849557,-2.042240619659424,12.6,28.11,75,RTL,True,ACTIVE,10,6
2026-05-28T14:42:19.364102,-35.3630827,149.1677709,10.022,0.02,0.0,-0.02,0.022496316581964493,0.03131478279829025,242,0.0017052891198545694,0.001145324669778347,-2.042224407196045,12.6,28.45,75,RTL,True,ACTIVE,10,6
2026-05-28T14:42:19.864806,-35.3630827,149.1677709,10.076,0.02,0.0,-0.23,0.02255876176059246,0.23537863790988922,242,0.0015383472200483084,0.001250694738700986,-2.042257785797119,12.6,29.89,75,RTL,True,ACTIVE,10,6
2026-05-28T14:42:20.365215,-35.3630827,149.1677709,10.293,0.02,0.0,-0.66,0.022382128983736038,0.6618598103523254,242,0.0012654165038838983,0.0012784620048478246,-2.0422534942626953,12.6,31.27,75,RTL,True,ACTIVE,10,6
2026-05-28T14:42:20.865716,-35.3630827,149.1677709,10.745,0.02,0.0,-1.13,0.021566176787018776,1.1385564804077148,242,0.0010268299374729395,0.0014342399081215262,-2.042249917984009,12.6,31.71,75,RTL,True,ACTIVE,10,6
2026-05-28T14:42:21.366496,-35.3630827,149.1677709,11.428,0.01,0.0,-1.52,0.020272625610232353,1.5293105840682983,242,0.001380179193802178,0.0010415723081678152,-2.0423102378845215,12.6,31.2,75,RTL,True,ACTIVE,10,6
2026-05-28T14:42:21.867130,-35.3630827,149.1677709,12.251,0.01,0.0,-1.68,0.01945750042796135,1.6841670274734497,242,0.001697214087471366,0.001070292666554451,-2.0423038005828857,12.6,30.0,75,RTL,True,ACTIVE,10,6
2026-05-28T14:42:22.367717,-35.3630827,149.1677709,13.096,0.01,0.0,-1.64,0.019575295969843864,1.6421869993209839,242,0.0016480478225275874,0.0011924667051061988,-2.0423178672790527,12.6,29.06,74,RTL,True,ACTIVE,10,6
2026-05-28T14:42:22.868159,-35.3630827,149.1677709,13.879,0.01,0.0,-1.44,0.019500432536005974,1.4406954050064087,242,0.0030637504532933235,-0.001929134246893227,-2.0423643589019775,12.6,27.81,74,RTL,True,ACTIVE,10,6
2026-05-28T14:42:23.368682,-35.3630827,149.1677707,14.508,0.0,-0.13,-1.01,0.1314559429883957,1.0245846509933472,242,0.025356542319059372,-0.056407853960990906,-2.043087959289551,12.6,26.18,74,RTL,True,ACTIVE,10,6
2026-05-28T14:42:23.869295,-35.3630828,149.167769,14.89,-0.02,-0.53,-0.5,0.5336223244667053,0.7349690794944763,242,0.052376024425029755,-0.12239234149456024,-2.0458006858825684,12.6,25.8,74,RTL,True,ACTIVE,10,6
2026-05-28T14:42:24.369519,-35.3630831,149.1677644,15.027,-0.08,-1.19,-0.08,1.1936357021331787,1.1965341567993164,242,0.07966262847185135,-0.1863008290529251,-2.0502307415008545,12.6,26.7,74,RTL,True,ACTIVE,10,6
2026-05-28T14:42:24.870134,-35.3630838,149.1677555,15.014,-0.15,-2.08,0.07,2.0869364738464355,2.0883002281188965,242,0.10308929532766342,-0.24302318692207336,-2.0556981563568115,12.6,28.55,74,RTL,True,ACTIVE,10,6
2026-05-28T14:42:25.370779,-35.3630848,149.1677412,14.978,-0.23,-3.15,0.02,3.162311553955078,3.162432909011841,241,0.12650629878044128,-0.29879269003868103,-2.062713384628296,12.6,29.82,74,RTL,True,ACTIVE,10,6
2026-05-28T14:42:25.871310,-35.3630863,149.1677209,14.97,-0.31,-4.26,-0.02,4.278949737548828,4.278997421264648,241,0.13994020223617554,-0.3350047767162323,-2.067899465560913,12.6,29.97,74,RTL,True,ACTIVE,10,6
2026-05-28T14:42:26.371857,-35.3630881,149.1676947,14.976,-0.39,-5.32,-0.02,5.342315673828125,5.3423919677734375,241,0.15523993968963623,-0.37838008999824524,-2.074841022491455,12.6,30.14,73,RTL,True,ACTIVE,10,6
2026-05-28T14:42:26.872452,-35.3630902,149.1676625,14.982,-0.48,-6.4,-0.01,6.4236979484558105,6.423727989196777,240,0.17498335242271423,-0.43107056617736816,-2.084124803543091,12.6,30.7,73,RTL,True,ACTIVE,10,6
2026-05-28T14:42:27.372769,-35.3630928,149.1676243,14.985,-0.57,-7.45,-0.01,7.480178356170654,7.480193138122559,240,0.1811331957578659,-0.45835942029953003,-2.0894734859466553,12.6,31.19,73,RTL,True,ACTIVE,10,6
2026-05-28T14:42:27.873122,-35.3630957,149.1675807,14.988,-0.64,-8.28,-0.01,8.30959701538086,8.309606552124023,240,0.17626991868019104,-0.4649451971054077,-2.090543270111084,12.6,31.14,73,RTL,True,ACTIVE,10,6
2026-05-28T14:42:28.373785,-35.3630988,149.1675332,14.989,-0.71,-8.9,-0.01,8.93212890625,8.932135581970215,240,0.17050722241401672,-0.469145268201828,-2.0912272930145264,12.6,31.05,73,RTL,True,ACTIVE,10,6
2026-05-28T14:42:28.874480,-35.3631023,149.1674827,14.99,-0.76,-9.33,-0.01,9.362468719482422,9.362476348876953,240,0.162931889295578,-0.46468260884284973,-2.0903100967407227,12.6,30.83,73,RTL,True,ACTIVE,10,6
2026-05-28T14:42:29.374775,-35.3631059,149.1674304,14.992,-0.8,-9.56,-0.01,9.597169876098633,9.597179412841797,240,0.1517912745475769,-0.44970038533210754,-2.0875158309936523,12.6,30.48,73,RTL,True,ACTIVE,10,6
2026-05-28T14:42:29.875406,-35.3631097,149.1673771,14.995,-0.82,-9.61,-0.01,9.65356731414795,9.653573036193848,240,0.14383769035339355,-0.43794021010398865,-2.08550763130188,12.6,30.01,73,RTL,True,ACTIVE,10,6
2026-05-28T14:42:30.376026,-35.3631135,149.1673236,14.995,-0.85,-9.67,0.0,9.71290111541748,9.712903022766113,240,0.1480824202299118,-0.4458080530166626,-2.086855888366699,12.6,30.22,72,RTL,True,ACTIVE,10,6
2026-05-28T14:42:30.876546,-35.3631174,149.1672701,14.996,-0.86,-9.73,0.0,9.77248477935791,9.772485733032227,240,0.15019312500953674,-0.44838038086891174,-2.087214231491089,12.6,30.23,72,RTL,True,ACTIVE,10,6
2026-05-28T14:42:31.377099,-35.3631214,149.1672164,14.996,-0.87,-9.79,0.0,9.835257530212402,9.835257530212402,240,0.15319204330444336,-0.4518066346645355,-2.087923765182495,12.6,30.3,72,RTL,True,ACTIVE,10,6
2026-05-28T14:42:31.877603,-35.3631253,149.1671621,14.997,-0.86,-9.84,0.0,9.885758399963379,9.885759353637695,240,0.15262123942375183,-0.4504517912864685,-2.0876941680908203,12.6,30.29,72,RTL,True,ACTIVE,10,6
2026-05-28T14:42:32.377935,-35.3631292,149.1671077,14.998,-0.86,-9.87,0.0,9.916138648986816,9.916139602661133,240,0.1514611691236496,-0.44934871792793274,-2.087448835372925,12.6,30.24,72,RTL,True,ACTIVE,10,6
2026-05-28T14:42:32.878369,-35.3631331,149.1670532,15.0,-0.86,-9.88,0.0,9.922322273254395,9.922322273254395,240,0.15011389553546906,-0.44681093096733093,-2.0870532989501953,12.6,30.2,72,RTL,True,ACTIVE,10,6
2026-05-28T14:42:33.379006,-35.363137,149.1669988,15.0,-0.86,-9.88,0.0,9.925050735473633,9.925049781799316,240,0.15052597224712372,-0.44845110177993774,-2.0874462127685547,12.6,30.2,72,RTL,True,ACTIVE,10,6
2026-05-28T14:42:33.879698,-35.363141,149.1669441,15.0,-0.86,-9.89,0.0,9.932768821716309,9.932768821716309,240,0.15090912580490112,-0.4473341703414917,-2.0872743129730225,12.6,30.2,72,RTL,True,ACTIVE,10,6
2026-05-28T14:42:34.380481,-35.3631449,149.1668894,14.999,-0.86,-9.9,0.0,9.938350677490234,9.938350677490234,240,0.15106748044490814,-0.44734954833984375,-2.0872418880462646,12.6,30.23,71,RTL,True,ACTIVE,10,6
2026-05-28T14:42:34.880782,-35.3631488,149.1668347,14.999,-0.86,-9.9,0.0,9.938471794128418,9.938470840454102,240,0.15053850412368774,-0.4457959234714508,-2.086982488632202,12.6,30.16,71,RTL,True,ACTIVE,10,6
2026-05-28T14:42:35.382040,-35.3631527,149.1667802,15.0,-0.86,-9.89,0.0,9.936153411865234,9.936153411865234,240,0.15119601786136627,-0.44651728868484497,-2.0870864391326904,12.6,30.16,71,RTL,True,ACTIVE,10,6
2026-05-28T14:42:35.882233,-35.3631566,149.1667254,15.0,-0.86,-9.9,0.0,9.940446853637695,9.940446853637695,240,0.1516105979681015,-0.44700857996940613,-2.087381601333618,12.6,30.2,71,RTL,True,ACTIVE,10,6
2026-05-28T14:42:36.383070,-35.3631605,149.1666711,14.999,-0.86,-9.9,0.0,9.946626663208008,9.946627616882324,240,0.15444205701351166,-0.4521239995956421,-2.0881009101867676,12.6,30.29,71,RTL,True,ACTIVE,10,6
2026-05-28T14:42:36.883723,-35.3631644,149.1666167,14.998,-0.86,-9.94,0.0,9.9775390625,9.9775390625,240,0.1557653844356537,-0.4535880386829376,-2.088423013687134,12.6,30.34,71,RTL,True,ACTIVE,10,6
2026-05-28T14:42:37.384153,-35.3631682,149.1665621,14.999,-0.86,-9.96,0.0,10.000604629516602,10.000604629516602,240,0.15522295236587524,-0.4534868001937866,-2.0883381366729736,12.6,30.36,71,RTL,True,ACTIVE,10,6
2026-05-28T14:42:37.884782,-35.3631722,149.1665071,14.999,-0.86,-9.97,0.0,10.013707160949707,10.013707160949707,240,0.1542014479637146,-0.45167097449302673,-2.0879998207092285,12.6,30.31,71,RTL,True,ACTIVE,10,6
2026-05-28T14:42:38.385174,-35.3631761,149.1664521,14.999,-0.86,-9.97,0.0,10.010604858398438,10.010605812072754,240,0.15282271802425385,-0.44972044229507446,-2.0876100063323975,12.6,30.27,70,RTL,True,ACTIVE,10,6
2026-05-28T14:42:38.887687,-35.36318,149.1663971,15.001,-0.85,-9.96,0.0,9.998291969299316,9.998291969299316,240,0.152168869972229,-0.447384238243103,-2.0872879028320312,12.6,30.18,70,RTL,True,ACTIVE,10,6
2026-05-28T14:42:39.392000,-35.3631839,149.1663422,15.002,-0.85,-9.94,0.0,9.982442855834961,9.982441902160645,240,0.15197958052158356,-0.4467596113681793,-2.0870020389556885,12.6,30.19,70,RTL,True,ACTIVE,10,6
2026-05-28T14:42:39.894141,-35.3631878,149.1662874,15.001,-0.85,-9.93,0.0,9.976232528686523,9.976232528686523,240,0.15312400460243225,-0.4482656717300415,-2.08739972114563,12.6,30.21,70,RTL,True,ACTIVE,10,6
2026-05-28T14:42:40.394642,-35.3631917,149.1662325,15.0,-0.85,-9.93,0.0,9.97386360168457,9.97386360168457,240,0.15283997356891632,-0.44781002402305603,-2.0873944759368896,12.6,30.22,70,RTL,True,ACTIVE,10,6
2026-05-28T14:42:40.895038,-35.3631956,149.1661776,14.999,-0.85,-9.93,0.0,9.972953796386719,9.972953796386719,240,0.1525527536869049,-0.4468940198421478,-2.0872514247894287,12.6,30.19,70,RTL,True,ACTIVE,10,6
2026-05-28T14:42:41.395663,-35.3631995,149.1661229,14.999,-0.85,-9.93,0.0,9.969198226928711,9.969197273254395,240,0.15362997353076935,-0.4477681815624237,-2.0874156951904297,12.6,30.24,70,RTL,True,ACTIVE,10,6
2026-05-28T14:42:41.896312,-35.3632033,149.1660682,14.999,-0.85,-9.93,0.0,9.976305961608887,9.976305961608887,240,0.15454299747943878,-0.44921788573265076,-2.0877342224121094,12.6,30.26,70,RTL,True,ACTIVE,10,6
2026-05-28T14:42:42.396541,-35.3632072,149.1660134,14.999,-0.85,-9.94,0.0,9.978861808776855,9.978861808776855,240,0.15515510737895966,-0.4499776363372803,-2.087801218032837,12.6,30.26,69,RTL,True,ACTIVE,10,6
2026-05-28T14:42:42.897020,-35.3632111,149.1659588,14.998,-0.85,-9.95,0.0,9.995837211608887,9.995837211608887,240,0.1566612869501114,-0.4527049958705902,-2.088331699371338,12.6,30.36,69,RTL,True,ACTIVE,10,6
2026-05-28T14:42:43.397301,-35.363215,149.165904,14.998,-0.85,-9.97,0.0,10.011295318603516,10.011295318603516,240,0.15607398748397827,-0.4517226219177246,-2.088135004043579,12.6,30.34,69,RTL,True,ACTIVE,10,6
2026-05-28T14:42:43.897676,-35.3632189,149.1658491,14.998,-0.85,-9.98,0.0,10.016891479492188,10.016891479492188,240,0.1551872044801712,-0.45090416073799133,-2.088052749633789,12.6,30.29,69,RTL,True,ACTIVE,10,6
2026-05-28T14:42:44.399339,-35.3632228,149.1657939,14.999,-0.85,-9.97,0.0,10.013174057006836,10.013174057006836,240,0.15387660264968872,-0.4486301839351654,-2.0875840187072754,12.6,30.27,69,RTL,True,ACTIVE,10,6
2026-05-28T14:42:44.899861,-35.3632267,149.1657389,14.999,-0.85,-9.96,0.0,10.00194263458252,10.00194263458252,240,0.15377603471279144,-0.44767025113105774,-2.087402105331421,12.6,30.2,69,RTL,True,ACTIVE,10,6
2026-05-28T14:42:45.400228,-35.3632306,149.165684,14.999,-0.85,-9.95,0.0,9.987767219543457,9.987767219543457,240,0.15377672016620636,-0.44700029492378235,-2.0873756408691406,12.6,30.19,69,RTL,True,ACTIVE,10,6
2026-05-28T14:42:45.900929,-35.3632345,149.1656293,14.999,-0.85,-9.94,0.0,9.983234405517578,9.983234405517578,240,0.15467967092990875,-0.44856730103492737,-2.0875635147094727,12.6,30.23,68,RTL,True,ACTIVE,10,6
2026-05-28T14:42:46.403931,-35.3632384,149.1655744,14.999,-0.85,-9.94,0.0,9.980796813964844,9.98079776763916,240,0.15288794040679932,-0.4448084533214569,-2.087015390396118,12.6,30.24,68,RTL,True,ACTIVE,10,6
2026-05-28T14:42:46.904306,-35.3632422,149.16552,15.001,-0.84,-9.8,0.0,9.842634201049805,9.842639923095703,240,0.13136997818946838,-0.4022139310836792,-2.0803802013397217,12.6,29.62,68,RTL,True,ACTIVE,10,6
2026-05-28T14:42:47.404786,-35.363246,149.1654671,15.005,-0.8,-9.4,0.0,9.442876815795898,9.442882537841797,241,0.10151402652263641,-0.3407052159309387,-2.0725698471069336,12.6,28.73,68,RTL,True,ACTIVE,10,6
2026-05-28T14:42:47.905296,-35.3632495,149.1654169,15.007,-0.76,-8.76,0.0,8.802301406860352,8.802302360534668,241,0.06730066984891891,-0.26297661662101746,-2.065800428390503,12.6,28.06,68,RTL,True,ACTIVE,10,6
2026-05-28T14:42:48.405510,-35.3632528,149.1653707,15.005,-0.7,-7.88,0.0,7.911645412445068,7.911651134490967,241,0.027360333129763603,-0.16212674975395203,-2.0610013008117676,12.6,27.74,68,RTL,True,ACTIVE,10,6
2026-05-28T14:42:48.905863,-35.3632558,149.1653301,14.997,-0.62,-6.73,0.01,6.762128829956055,6.762153625488281,241,-0.013894699513912201,-0.04532534256577492,-2.0602996349334717,12.6,27.9,68,RTL,True,ACTIVE,10,6
2026-05-28T14:42:49.406349,-35.3632584,149.1652964,14.989,-0.52,-5.45,0.01,5.477669715881348,5.477680206298828,241,-0.0356886051595211,0.03319823369383812,-2.0623981952667236,12.6,28.27,68,RTL,True,ACTIVE,10,6
2026-05-28T14:42:49.906951,-35.3632604,149.1652697,14.986,-0.41,-4.16,0.0,4.1821184158325195,4.182119846343994,241,-0.05540038272738457,0.10365667194128036,-2.065577745437622,12.6,28.49,68,RTL,True,ACTIVE,10,6
2026-05-28T14:42:50.407515,-35.3632619,149.1652502,14.989,-0.29,-2.83,-0.01,2.8506650924682617,2.850686550140381,241,-0.07274392992258072,0.1610613465309143,-2.069324493408203,12.6,28.68,67,RTL,True,ACTIVE,10,6
2026-05-28T14:42:50.907923,-35.3632629,149.1652379,14.994,-0.16,-1.64,-0.01,1.6491141319274902,1.649155616760254,241,-0.06501954048871994,0.15439550578594208,-2.0688252449035645,12.6,28.56,67,RTL,True,ACTIVE,10,6
2026-05-28T14:42:51.408522,-35.3632633,149.1652315,14.996,-0.07,-0.74,0.0,0.7453466653823853,0.7453753352165222,241,-0.050464481115341187,0.12532900273799896,-2.06701397895813,12.6,28.37,67,RTL,True,ACTIVE,10,6
2026-05-28T14:42:51.909051,-35.3632634,149.1652293,14.996,0.0,-0.13,0.0,0.13515962660312653,0.13520024716854095,241,-0.03348473832011223,0.08627418428659439,-2.0652291774749756,12.6,28.25,67,RTL,True,ACTIVE,10,6
2026-05-28T14:42:52.409781,-35.3632634,149.1652297,14.995,0.03,0.18,0.0,0.18933163583278656,0.18935532867908478,241,-0.013698841445147991,0.03857934847474098,-2.064100980758667,12.6,28.17,67,RTL,True,ACTIVE,10,6
2026-05-28T14:42:52.910388,-35.3632633,149.165231,14.994,0.04,0.22,0.0,0.2304278463125229,0.23046746850013733,241,0.006071575917303562,-0.008790169842541218,-2.0639848709106445,12.6,28.13,67,RTL,True,ACTIVE,10,6
2026-05-28T14:42:53.411081,-35.3632632,149.1652323,14.994,0.04,0.14,0.0,0.1532910168170929,0.1533808559179306,241,0.006994506809860468,-0.006396457552909851,-2.064086437225342,12.6,28.13,67,RTL,True,ACTIVE,10,6
2026-05-28T14:42:53.911673,-35.3632632,149.1652332,14.994,0.04,0.11,0.0,0.12565964460372925,0.12579116225242615,241,0.004327734466642141,0.0010251343483105302,-2.0643889904022217,12.6,28.1,67,RTL,True,ACTIVE,10,6
2026-05-28T14:42:54.411876,-35.3632631,149.165234,14.995,0.05,0.1,0.0,0.12000112980604172,0.12010928243398666,241,0.0045802961103618145,0.002155965194106102,-2.0643813610076904,12.6,28.1,66,RTL,True,ACTIVE,10,6
2026-05-28T14:42:54.912560,-35.3632631,149.1652347,14.996,0.05,0.09,0.0,0.11203531920909882,0.11211418360471725,241,0.006500659044831991,0.001187497633509338,-2.0641942024230957,12.6,28.1,66,RTL,True,ACTIVE,10,6
2026-05-28T14:42:55.413348,-35.3632631,149.1652353,14.996,0.06,0.07,0.0,0.10179749876260757,0.1018592119216919,241,0.006220842711627483,0.0004150325257796794,-2.0642290115356445,12.6,28.13,66,RTL,True,ACTIVE,10,6
2026-05-28T14:42:55.914480,-35.363263,149.1652358,14.997,0.06,0.05,0.0,0.09013006836175919,0.09017607569694519,241,0.0045676082372665405,5.766596950707026e-05,-2.0642621517181396,12.6,28.1,66,RTL,True,ACTIVE,10,6
2026-05-28T14:42:56.415019,-35.3632629,149.1652361,14.998,0.06,0.04,0.0,0.0792141705751419,0.07923374325037003,241,0.003317066468298435,0.0005518999532796443,-2.0642893314361572,12.6,28.1,66,RTL,True,ACTIVE,10,6
2026-05-28T14:42:56.915253,-35.3632628,149.1652363,14.999,0.05,0.03,0.0,0.0701013058423996,0.07011063396930695,241,0.0023255704436451197,0.0010694520315155387,-2.0640769004821777,12.6,28.1,66,RTL,True,ACTIVE,10,6
2026-05-28T14:42:57.415882,-35.3632627,149.1652365,14.999,0.05,0.03,0.0,0.06242746859788895,0.06243237480521202,241,0.001623714342713356,0.0013869686517864466,-2.0640461444854736,12.6,28.13,66,RTL,True,ACTIVE,10,6
2026-05-28T14:42:57.917659,-35.3632626,149.1652367,14.999,0.04,0.03,0.0,0.05523140728473663,0.05531040206551552,241,0.0011402785312384367,0.0017871486488729715,-2.0640032291412354,12.6,28.13,66,RTL,True,ACTIVE,10,6
2026-05-28T14:42:58.418329,-35.3632626,149.1652368,14.916,0.03,0.03,0.4,0.049448005855083466,0.40510293841362,241,0.00143433699849993,0.0021476319525390863,-2.0639870166778564,12.6,24.85,66,RTL,True,ACTIVE,10,6
2026-05-28T14:42:58.918953,-35.3632626,149.1652369,14.577,0.03,0.03,0.96,0.04649494215846062,0.9675613641738892,241,0.0017679051961749792,0.002487556077539921,-2.0639755725860596,12.6,24.24,65,RTL,True,ACTIVE,10,6
2026-05-28T14:42:59.419593,-35.3632626,149.165237,13.961,0.03,0.02,1.47,0.04384702444076538,1.4709782600402832,241,0.0023331621196120977,0.00169268564786762,-2.063941478729248,12.6,24.49,65,RTL,True,ACTIVE,10,6
2026-05-28T14:42:59.920092,-35.3632626,149.1652371,13.18,0.03,0.02,1.57,0.041778966784477234,1.572329044342041,241,0.0020132616627961397,0.0016365100163966417,-2.0638813972473145,12.6,26.8,65,RTL,True,ACTIVE,10,6
2026-05-28T14:43:00.420555,-35.3632625,149.1652371,12.399,0.03,0.02,1.51,0.038588717579841614,1.511911153793335,241,0.0014102873392403126,0.001525704050436616,-2.0638558864593506,12.6,27.23,65,RTL,True,ACTIVE,10,6
2026-05-28T14:43:00.921077,-35.3632625,149.1652371,11.642,0.03,0.01,1.47,0.03554101660847664,1.47072172164917,241,0.0010814483975991607,0.0018341761315241456,-2.0638267993927,12.6,27.09,65,RTL,True,ACTIVE,10,6
2026-05-28T14:43:01.421482,-35.3632625,149.1652372,10.946,0.02,0.01,1.19,0.03481036797165871,1.1979084014892578,241,0.0011844402179121971,0.0020154404919594526,-2.0638327598571777,12.6,29.59,65,RTL,True,ACTIVE,10,6
2026-05-28T14:43:01.921940,-35.3632625,149.1652372,10.476,0.02,0.01,0.66,0.0326986089348793,0.6608930230140686,241,0.001202738145366311,0.001095168525353074,-2.063828706741333,12.6,30.69,65,RTL,True,ACTIVE,10,6
2026-05-28T14:43:02.422577,-35.3632625,149.1652373,10.224,0.02,0.01,0.41,0.029594365507364273,0.41546472907066345,241,0.001798585057258606,0.0012745921267196536,-2.0638201236724854,12.6,28.33,65,RTL,True,ACTIVE,10,6
2026-05-28T14:43:02.923113,-35.3632625,149.1652373,10.012,0.02,0.01,0.44,0.02746654860675335,0.44598862528800964,241,0.001726576709188521,0.0013021478662267327,-2.063854932785034,12.6,27.47,64,RTL,True,ACTIVE,10,6
2026-05-28T14:43:03.423580,-35.3632625,149.1652373,9.777,0.02,0.0,0.49,0.027020331472158432,0.49788182973861694,241,0.0020870170556008816,0.0015223658410832286,-2.063823938369751,12.6,27.52,64,RTL,True,ACTIVE,10,6
2026-05-28T14:43:03.923861,-35.3632625,149.1652373,9.526,0.02,0.0,0.51,0.027759188786149025,0.5160579681396484,241,0.0020288515370339155,0.0016600314993411303,-2.063791275024414,12.6,27.66,64,RTL,True,ACTIVE,10,6
2026-05-28T14:43:04.424224,-35.3632625,149.1652373,9.271,0.02,0.0,0.51,0.02680473029613495,0.5130675435066223,241,0.0011956524103879929,0.0016312353545799851,-2.063852548599243,12.6,27.76,64,RTL,True,ACTIVE,10,6
2026-05-28T14:43:04.924942,-35.3632625,149.1652373,9.018,0.02,0.0,0.5,0.025853583589196205,0.5084720849990845,241,0.0016046807868406177,0.0016686528688296676,-2.063852071762085,12.6,27.76,64,RTL,True,ACTIVE,10,6
2026-05-28T14:43:05.425353,-35.3632625,149.1652374,8.766,0.02,0.0,0.5,0.02689160406589508,0.5063872933387756,241,0.0019969053100794554,0.0013380020391196012,-2.0637590885162354,12.6,27.74,64,RTL,True,ACTIVE,10,6
2026-05-28T14:43:05.925782,-35.3632625,149.1652374,8.514,0.02,0.0,0.5,0.025867672637104988,0.5043421387672424,241,0.0016243812860921025,0.0011512837372720242,-2.063878297805786,12.6,27.74,64,RTL,True,ACTIVE,10,6
2026-05-28T14:43:06.426149,-35.3632625,149.1652374,8.264,0.02,0.0,0.5,0.025037983432412148,0.5035837888717651,241,0.0018898327834904194,0.0013410673709586263,-2.0638463497161865,12.6,27.71,64,RTL,True,ACTIVE,10,6
2026-05-28T14:43:06.926720,-35.3632625,149.1652374,8.014,0.02,0.0,0.5,0.02486252784729004,0.5035752058029175,241,0.0018165027722716331,0.0013810405507683754,-2.0639259815216064,12.6,27.74,64,RTL,True,ACTIVE,10,6
2026-05-28T14:43:07.427347,-35.3632625,149.1652374,7.763,0.02,0.0,0.5,0.025683937594294548,0.5031465888023376,241,0.0014872115571051836,0.0018435303354635835,-2.063878059387207,12.6,27.76,63,RTL,True,ACTIVE,10,6
2026-05-28T14:43:07.927904,-35.3632625,149.1652374,7.512,0.02,0.0,0.5,0.02471083588898182,0.502432107925415,241,0.0013607252622023225,0.0013622725382447243,-2.063908100128174,12.6,27.74,63,RTL,True,ACTIVE,10,6
2026-05-28T14:43:08.428419,-35.3632625,149.1652374,7.261,0.02,0.0,0.5,0.02451997622847557,0.5015148520469666,241,0.0018764574779197574,0.0013849047245457768,-2.0637400150299072,12.6,27.74,63,RTL,True,ACTIVE,10,6
2026-05-28T14:43:08.929070,-35.3632625,149.1652374,7.011,0.02,0.0,0.5,0.02507362700998783,0.5007489323616028,241,0.0019524424569681287,0.00089651980670169,-2.0638318061828613,12.6,27.76,63,RTL,True,ACTIVE,10,6
2026-05-28T14:43:09.429707,-35.3632625,149.1652374,6.76,0.02,0.0,0.49,0.023475434631109238,0.5000922679901123,241,0.0016266376478597522,0.0010413106065243483,-2.0638301372528076,12.6,27.74,63,RTL,True,ACTIVE,10,6
2026-05-28T14:43:09.930430,-35.3632625,149.1652374,6.511,0.02,0.0,0.49,0.023973628878593445,0.5004439353942871,241,0.001961728557944298,0.0011087143793702126,-2.0638062953948975,12.6,27.74,63,RTL,True,ACTIVE,10,6
2026-05-28T14:43:10.431121,-35.3632625,149.1652374,6.261,0.02,0.0,0.5,0.023823637515306473,0.500735878944397,241,0.0018004196463152766,0.0011902302503585815,-2.0638580322265625,12.6,27.74,63,RTL,True,ACTIVE,10,6
2026-05-28T14:43:10.931709,-35.3632625,149.1652374,6.012,0.02,0.0,0.5,0.02359025925397873,0.5010057091712952,241,0.0016365725314244628,0.0013251914642751217,-2.0638985633850098,12.6,27.74,63,RTL,True,ACTIVE,10,6
2026-05-28T14:43:11.432345,-35.3632625,149.1652374,5.761,0.02,0.0,0.5,0.023756181821227074,0.5013013482093811,241,0.001865691621787846,0.0015380526892840862,-2.063872814178467,12.6,27.74,63,RTL,True,ACTIVE,10,6
2026-05-28T14:43:11.933030,-35.3632625,149.1652374,5.511,0.02,0.0,0.5,0.024645501747727394,0.5014013051986694,241,0.0017380435019731522,0.0014709876850247383,-2.063889741897583,12.6,27.74,62,RTL,True,ACTIVE,10,6
2026-05-28T14:43:12.433945,-35.3632625,149.1652374,5.261,0.02,0.0,0.5,0.02455218881368637,0.5008485913276672,241,0.0016588512808084488,0.0013109910069033504,-2.0638773441314697,12.6,27.74,62,RTL,True,ACTIVE,10,6
2026-05-28T14:43:12.934355,-35.3632625,149.1652374,5.011,0.02,0.0,0.49,0.024238327518105507,0.5005800127983093,241,0.0016489101108163595,0.0010917315958067775,-2.0638508796691895,12.6,27.75,62,RTL,True,ACTIVE,10,6
2026-05-28T14:43:13.435103,-35.3632624,149.1652374,4.76,0.02,0.0,0.49,0.022869503125548363,0.5002215504646301,241,0.0010950611904263496,0.000833427591715008,-2.063894271850586,12.6,27.75,62,RTL,True,ACTIVE,10,6
2026-05-28T14:43:13.935572,-35.3632624,149.1652374,4.51,0.02,0.0,0.49,0.02038743533194065,0.49993500113487244,241,0.0012267767451703548,0.001036722562275827,-2.0639188289642334,12.6,27.72,62,RTL,True,ACTIVE,10,6
2026-05-28T14:43:14.435845,-35.3632624,149.1652374,4.26,0.01,0.0,0.49,0.019843827933073044,0.499530553817749,241,0.0012779628159478307,0.0014752453425899148,-2.063876152038574,12.6,27.72,62,RTL,True,ACTIVE,10,6
2026-05-28T14:43:14.936502,-35.3632624,149.1652374,4.011,0.01,0.0,0.49,0.019962189719080925,0.4995916783809662,241,0.0012285944540053606,0.0015765504213050008,-2.063931703567505,12.6,27.75,62,RTL,True,ACTIVE,10,6
2026-05-28T14:43:15.437178,-35.3632624,149.1652374,3.76,0.01,0.0,0.49,0.020445745438337326,0.49971798062324524,241,0.0013562071835622191,0.001547453342936933,-2.063941240310669,12.6,27.72,62,RTL,True,ACTIVE,10,6
2026-05-28T14:43:15.937458,-35.3632624,149.1652374,3.511,0.02,0.0,0.49,0.021265937015414238,0.5000765323638916,241,0.0016964428359642625,0.0014699475141242146,-2.063886880874634,12.6,27.75,61,RTL,True,ACTIVE,10,6
2026-05-28T14:43:16.437675,-35.3632624,149.1652374,3.261,0.02,0.0,0.5,0.022018952295184135,0.5005139112472534,241,0.0015876616816967726,0.001304826233536005,-2.063904047012329,12.6,27.77,61,RTL,True,ACTIVE,10,6
2026-05-28T14:43:16.938353,-35.3632624,149.1652374,3.011,0.02,0.0,0.5,0.021617930382490158,0.5006681084632874,241,0.0015609347028657794,0.0012149879476055503,-2.0638928413391113,12.6,27.75,61,RTL,True,ACTIVE,10,6
2026-05-28T14:43:17.439966,-35.3632624,149.1652374,2.761,0.02,0.0,0.5,0.022232435643672943,0.5009223222732544,241,0.001976989908143878,0.0016777821583673358,-2.063897132873535,12.6,27.73,61,RTL,True,ACTIVE,10,6
2026-05-28T14:43:17.940631,-35.3632624,149.1652374,2.511,0.02,0.0,0.5,0.024589834734797478,0.5008262991905212,241,0.0020361142233014107,0.001601928030140698,-2.063908100128174,12.6,27.75,61,RTL,True,ACTIVE,10,6
2026-05-28T14:43:18.441307,-35.3632624,149.1652374,2.26,0.02,0.0,0.49,0.025297215208411217,0.5002937912940979,241,0.001754168188199401,0.0014696099096909165,-2.0639147758483887,12.6,27.73,61,RTL,True,ACTIVE,10,6
2026-05-28T14:43:18.941846,-35.3632624,149.1652374,2.01,0.02,0.0,0.49,0.025545302778482437,0.4999660551548004,241,0.0017425342230126262,0.001489700167439878,-2.063922166824341,12.6,27.73,61,RTL,True,ACTIVE,10,6
2026-05-28T14:43:19.442415,-35.3632624,149.1652374,1.761,0.02,0.0,0.49,0.025227857753634453,0.5000832080841064,241,0.0015841886634007096,0.001459115301258862,-2.0639102458953857,12.6,27.75,61,RTL,True,ACTIVE,10,6
2026-05-28T14:43:19.943083,-35.3632624,149.1652374,1.51,0.02,0.0,0.49,0.02472269907593727,0.499856561422348,241,0.0017581157153472304,0.0013475038576871157,-2.0639123916625977,12.6,27.73,61,RTL,True,ACTIVE,10,6
2026-05-28T14:43:20.443384,-35.3632624,149.1652374,1.261,0.02,0.0,0.49,0.02459150366485119,0.5002382397651672,241,0.0017685999628156424,0.0013333185343071818,-2.0639050006866455,12.6,27.73,60,RTL,True,ACTIVE,10,6
2026-05-28T14:43:20.943964,-35.3632624,149.1652374,1.011,0.02,0.0,0.5,0.02471071667969227,0.5006625652313232,241,0.0018147703958675265,0.0010443322826176882,-2.0639231204986572,12.6,27.73,60,RTL,True,ACTIVE,10,6
2026-05-28T14:43:21.444513,-35.3632624,149.1652374,0.762,0.02,0.0,0.5,0.024050986394286156,0.5011425614356995,241,0.0019208561861887574,0.0008477752562612295,-2.063927412033081,12.6,27.73,60,LAND,True,ACTIVE,10,6
2026-05-28T14:43:21.944916,-35.3632624,149.1652374,0.511,0.02,0.0,0.5,0.023611387237906456,0.5010214447975159,241,0.001742021762765944,0.0012284277472645044,-2.0639402866363525,12.6,27.73,60,LAND,True,ACTIVE,10,6
2026-05-28T14:43:22.445334,-35.3632624,149.1652374,0.258,0.02,0.0,0.54,0.023546017706394196,0.541264533996582,241,0.0016972750891000032,0.0012576681328937411,-2.0639123916625977,12.6,27.12,60,LAND,True,ACTIVE,10,6
2026-05-28T14:43:22.945821,-35.3632624,149.1652374,-0.041,0.02,0.0,0.11,0.022188851609826088,0.1190754696726799,241,0.0016319372225552797,0.001290049753151834,-2.063925266265869,12.6,26.93,60,LAND,True,ACTIVE,10,6
2026-05-28T14:43:23.447035,-35.3632624,149.1652374,0.003,0.02,0.0,0.02,0.021939203143119812,0.03567642718553543,241,0.0016005445504561067,0.0013072033179923892,-2.0638890266418457,12.6,0.03,60,LAND,True,ACTIVE,10,6
2026-05-28T14:43:23.948141,-35.3632624,149.1652375,0.0,0.02,0.0,0.0,0.022123055532574654,0.023931337520480156,241,0.0015979140298441052,0.0013084461679682136,-2.063854217529297,12.6,0.08,60,LAND,True,ACTIVE,10,6
2026-05-28T14:43:24.448792,-35.3632624,149.1652375,0.001,0.02,0.0,0.0,0.02198501117527485,0.022695310413837433,241,0.0016014506109058857,0.0013042475329712033,-2.0638229846954346,12.6,0.05,60,LAND,True,ACTIVE,10,6
2026-05-28T14:43:24.949256,-35.3632624,149.1652375,0.002,0.02,0.0,0.0,0.021827667951583862,0.02244609035551548,241,0.0016016325680539012,0.0013000020990148187,-2.063760757446289,12.6,0.0,60,LAND,True,STANDBY,10,6
2026-05-28T14:43:25.449487,-35.3632624,149.1652375,0.005,0.02,0.0,0.0,0.022084856405854225,0.022616660222411156,241,0.0015792768681421876,0.0013230510521680117,-2.063556432723999,12.6,0.0,60,LAND,True,STANDBY,10,6
2026-05-28T14:43:25.950153,-35.3632624,149.1652375,0.007,0.02,0.0,0.0,0.022190846502780914,0.02267044596374035,241,0.001554194139316678,0.0013465649681165814,-2.0633552074432373,12.6,0.0,60,LAND,False,STANDBY,10,6
2026-05-28T14:43:26.451540,-35.3632624,149.1652375,0.008,0.02,0.0,0.0,0.022184018045663834,0.022556284442543983,241,0.0015256037004292011,0.0013405366335064173,-2.063143730163574,12.6,0.0,60,LAND,False,STANDBY,10,6
2026-05-28T14:43:26.951861,-35.3632624,149.1652375,0.009,0.02,0.0,0.0,0.021791264414787292,0.02210395783185959,241,0.0014989308547228575,0.0013465388910844922,-2.062936544418335,12.6,0.0,60,LAND,False,STANDBY,10,6
2026-05-28T14:43:27.452538,-35.3632624,149.1652375,0.01,0.02,0.0,0.0,0.02132582664489746,0.021581264212727547,241,0.001485525630414486,0.0013520399807021022,-2.0627269744873047,12.6,0.0,60,LAND,False,STANDBY,10,6
2026-05-28T14:43:27.953034,-35.3632624,149.1652375,0.01,0.02,0.0,0.0,0.021085303276777267,0.021287746727466583,241,0.0014751470880582929,0.001352560007944703,-2.062511444091797,12.6,0.0,60,LAND,False,STANDBY,10,6
2026-05-28T14:43:28.453599,-35.3632624,149.1652375,0.011,0.01,0.0,0.0,0.020879685878753662,0.021018465980887413,241,0.0014677951112389565,0.0013597426004707813,-2.0622973442077637,12.6,0.0,60,LAND,False,STANDBY,10,6
2026-05-28T14:43:28.954466,-35.3632624,149.1652375,0.011,0.01,0.0,0.0,0.020828301087021828,0.02093408815562725,241,0.0014760693302378058,0.0013675354421138763,-2.0620920658111572,12.6,0.0,60,LAND,False,STANDBY,10,6
2026-05-28T14:43:29.455149,-35.3632624,149.1652375,0.011,0.01,0.0,0.0,0.020962249487638474,0.021027131006121635,241,0.0014911484904587269,0.0013734482927247882,-2.0618789196014404,12.6,0.0,60,LAND,False,STANDBY,10,6
2026-05-28T14:43:29.956382,-35.3632624,149.1652375,0.011,0.02,0.0,0.0,0.021328365430235863,0.021370602771639824,241,0.001515363110229373,0.001390772289596498,-2.061666488647461,12.6,0.0,60,LAND,False,STANDBY,10,6
2026-05-28T14:43:30.457015,-35.3632624,149.1652375,0.011,0.02,0.0,0.0,0.02168285846710205,0.021708033978939056,241,0.0015337191289290786,0.0014020820381119847,-2.0614664554595947,12.6,0.0,60,LAND,False,STANDBY,10,6
2026-05-28T14:43:30.957700,-35.3632624,149.1652375,0.01,0.02,0.0,0.0,0.022248195484280586,0.02226063795387745,241,0.0015537980943918228,0.0014212431851774454,-2.0612614154815674,12.6,0.0,60,LAND,False,STANDBY,10,6
2026-05-28T14:43:31.458418,-35.3632624,149.1652375,0.01,0.02,0.0,0.0,0.022837504744529724,0.02284299023449421,241,0.0015697034541517496,0.0014369491254910827,-2.0610618591308594,12.6,0.0,60,LAND,False,STANDBY,10,6
2026-05-28T14:43:31.959131,-35.3632624,149.1652375,0.01,0.02,0.0,0.0,0.023329326882958412,0.0233306922018528,241,0.001593177323229611,0.0014541627606377006,-2.060856580734253,12.6,0.0,60,LAND,False,STANDBY,10,6
2026-05-28T14:43:32.460550,-35.3632624,149.1652375,0.01,0.02,0.0,0.0,0.0239005908370018,0.023900767788290977,241,0.0016017392044886947,0.001458696206100285,-2.0606586933135986,12.6,0.0,60,LAND,False,STANDBY,10,6
2026-05-28T14:43:32.960874,-35.3632624,149.1652375,0.009,0.02,0.0,0.0,0.024440618231892586,0.024440648034214973,241,0.0016101159853860736,0.0014605275355279446,-2.060468912124634,12.6,0.0,60,LAND,False,STANDBY,10,6
2026-05-28T14:43:33.461639,-35.3632624,149.1652375,0.009,0.02,0.0,0.0,0.02460724301636219,0.02460845187306404,241,0.0016190273454412818,0.001463787048123777,-2.0602738857269287,12.6,0.0,60,LAND,False,STANDBY,10,6
2026-05-28T14:43:33.962120,-35.3632624,149.1652375,0.009,0.02,0.0,0.0,0.024880146607756615,0.024882975965738297,241,0.001630600425414741,0.0014723632484674454,-2.060084342956543,12.6,0.0,60,LAND,False,STANDBY,10,6
2026-05-28T14:43:34.462472,-35.3632624,149.1652375,0.009,0.02,0.0,0.0,0.025106577202677727,0.025113388895988464,241,0.0016348686767742038,0.0014761424390599132,-2.05989670753479,12.6,0.0,60,LAND,False,STANDBY,10,6
2026-05-28T14:43:34.963122,-35.3632624,149.1652375,0.008,0.02,0.0,0.0,0.025206485763192177,0.025216897949576378,241,0.0016429838724434376,0.0014814462047070265,-2.0597150325775146,12.6,0.0,60,LAND,False,STANDBY,10,6
2026-05-28T14:43:35.463867,-35.3632624,149.1652375,0.008,0.02,0.0,0.0,0.025286749005317688,0.025297114625573158,241,0.001632612431421876,0.0014980804407969117,-2.0595221519470215,12.6,0.0,60,LAND,False,STANDBY,10,6
2026-05-28T14:43:35.964759,-35.3632624,149.1652375,0.008,0.02,0.0,0.0,0.025367334485054016,0.02537698484957218,242,0.001633501029573381,0.001511387643404305,-2.0593409538269043,12.6,0.0,60,LAND,False,STANDBY,10,6
2026-05-28T14:43:36.465483,-35.3632624,149.1652375,0.008,0.02,0.0,0.0,0.025196241214871407,0.025205405429005623,242,0.0016201566904783249,0.0015037301927804947,-2.0591635704040527,12.6,0.0,60,LAND,False,STANDBY,10,6
2026-05-28T14:43:36.965911,-35.3632624,149.1652375,0.007,0.02,0.0,0.0,0.025211578235030174,0.02522129938006401,242,0.0016213534399867058,0.0015009574126452208,-2.0589890480041504,12.6,0.0,60,LAND,False,STANDBY,10,6
2026-05-28T14:43:37.466625,-35.3632624,149.1652375,0.007,0.02,0.0,0.0,0.025328995659947395,0.0253441222012043,242,0.0016115490579977632,0.001496067619882524,-2.058823347091675,12.6,0.0,60,LAND,False,STANDBY,10,6
2026-05-28T14:43:37.967028,-35.3632624,149.1652375,0.007,0.02,0.0,0.0,0.025215724483132362,0.02523346059024334,242,0.0016155492048710585,0.001503128558397293,-2.058652639389038,12.6,0.0,60,LAND,False,STANDBY,10,6
2026-05-28T14:43:38.467898,-35.3632624,149.1652375,0.007,0.02,0.0,0.0,0.025232650339603424,0.025257183238863945,242,0.0016097597545012832,0.0014929308090358973,-2.0583996772766113,12.6,0.0,60,LAND,False,STANDBY,10,6
2026-05-28T14:43:38.968795,-35.3632624,149.1652375,0.007,0.02,0.0,0.0,0.02501928247511387,0.025041265413165092,242,0.0016094122547656298,0.0014853382017463446,-2.0583131313323975,12.6,0.0,60,LAND,False,STANDBY,10,6
2026-05-28T14:43:39.469669,-35.3632624,149.1652375,0.006,0.02,0.0,0.0,0.024965520948171616,0.024986689910292625,242,0.0015982025070115924,0.0014786124229431152,-2.0580649375915527,12.6,0.0,60,LAND,False,STANDBY,10,6
2026-05-28T14:43:39.970019,-35.3632624,149.1652375,0.006,0.02,0.0,0.0,0.0246308334171772,0.02464745193719864,242,0.0015945263439789414,0.001470217714086175,-2.0579030513763428,12.6,0.0,60,LAND,False,STANDBY,10,6
2026-05-28T14:43:40.470580,-35.3632624,149.1652375,0.006,0.02,0.0,0.0,0.024505190551280975,0.02452041767537594,242,0.0015912925591692328,0.0014703632332384586,-2.057826042175293,12.6,0.0,60,LAND,False,STANDBY,10,6
2026-05-28T14:43:40.971468,-35.3632624,149.1652375,0.006,0.02,0.0,0.0,0.02430267259478569,0.02431703545153141,242,0.0015876595862209797,0.0014676422579213977,-2.057605504989624,12.6,0.0,60,LAND,False,STANDBY,10,6
2026-05-28T14:43:41.471841,-35.3632624,149.1652375,0.006,0.02,0.0,0.0,0.024626901373267174,0.024640599265694618,242,0.0015880847349762917,0.001459751627407968,-2.0574533939361572,12.6,0.0,60,LAND,False,STANDBY,10,6
2026-05-28T14:43:41.972170,-35.3632624,149.1652375,0.006,0.02,0.0,0.0,0.024359073489904404,0.024376560002565384,242,0.00158576515968889,0.001456154976040125,-2.0573060512542725,12.6,0.0,60,LAND,False,STANDBY,10,6
2026-05-28T14:43:42.472862,-35.3632624,149.1652375,0.006,0.02,0.0,0.0,0.02464205026626587,0.024658288806676865,242,0.001581166754476726,0.0014615630498155951,-2.0571646690368652,12.6,0.0,60,LAND,False,STANDBY,10,6
2026-05-28T14:43:42.973442,-35.3632624,149.1652375,0.006,0.02,0.0,0.0,0.024345142766833305,0.02436113730072975,242,0.0015793107450008392,0.0014671864919364452,-2.0570154190063477,12.6,0.0,60,LAND,False,STANDBY,10,6
2026-05-28T14:43:43.473914,-35.3632624,149.1652375,0.006,0.02,0.0,0.0,0.024494510143995285,0.024509528651833534,242,0.0015810842160135508,0.001467270078137517,-2.056882381439209,12.6,0.0,60,LAND,False,STANDBY,10,6
2026-05-28T14:43:43.974285,-35.3632624,149.1652375,0.006,0.02,0.0,0.0,0.024188943207263947,0.024201974272727966,242,0.0015774097992107272,0.0014568184269592166,-2.0567409992218018,12.6,0.0,60,LAND,False,STANDBY,10,6
2026-05-28T14:43:44.476093,-35.3632624,149.1652375,0.006,0.02,0.0,0.0,0.024362897500395775,0.024373775348067284,242,0.0015865870518609881,0.0014512882335111499,-2.056607961654663,12.6,0.0,60,LAND,False,STANDBY,10,6
2026-05-28T14:43:44.978798,-35.3632624,149.1652375,0.006,0.02,0.0,0.0,0.024155838415026665,0.024167442694306374,242,0.0015824950532987714,0.0014431723393499851,-2.0564770698547363,12.6,0.0,60,LAND,False,STANDBY,10,6
2026-05-28T14:43:45.480082,-35.3632624,149.1652375,0.006,0.02,0.0,0.0,0.024276498705148697,0.024284878745675087,242,0.0015772900078445673,0.001443585497327149,-2.056359052658081,12.6,0.0,60,LAND,False,STANDBY,10,6
2026-05-28T14:43:45.980619,-35.3632624,149.1652375,0.006,0.02,0.0,0.0,0.024100204929709435,0.024108106270432472,242,0.0015674654860049486,0.0014399391366168857,-2.0562360286712646,12.6,0.0,60,LAND,False,STANDBY,10,6
2026-05-28T14:43:46.481567,-35.3632624,149.1652375,0.006,0.02,0.0,0.0,0.02435998059809208,0.02436733990907669,242,0.0015629208646714687,0.0014459836529567838,-2.0561206340789795,12.6,0.0,60,LAND,False,STANDBY,10,6
2026-05-28T14:43:46.982232,-35.3632624,149.1652375,0.006,0.02,0.0,0.0,0.02400040440261364,0.024007828906178474,242,0.0015627647517248988,0.001438685110770166,-2.05600643157959,12.6,0.0,60,LAND,False,STANDBY,10,6
2026-05-28T14:43:47.483309,-35.3632624,149.1652375,0.006,0.02,0.0,0.0,0.024222852662205696,0.02422952838242054,242,0.0015669172862544656,0.0014420958468690515,-2.055891990661621,12.6,0.0,60,LAND,False,STANDBY,10,6
2026-05-28T14:43:47.983845,-35.3632624,149.1652375,0.006,0.02,0.0,0.0,0.023929569870233536,0.023933453485369682,242,0.0015587792731821537,0.0014381569344550371,-2.0557732582092285,12.6,0.0,60,LAND,False,STANDBY,10,6
2026-05-28T14:43:48.484506,-35.3632624,149.1652375,0.006,0.02,0.0,0.0,0.02408410981297493,0.024087540805339813,242,0.0015663456870242953,0.0014360215282067657,-2.055661916732788,12.6,0.0,60,LAND,False,STANDBY,10,6
2026-05-28T14:43:48.984930,-35.3632624,149.1652375,0.006,0.02,0.0,0.0,0.023823630064725876,0.02382923662662506,242,0.001559973112307489,0.0014292491832748055,-2.055558919906616,12.6,0.0,60,LAND,False,STANDBY,10,6
2026-05-28T14:43:49.485487,-35.3632624,149.1652375,0.006,0.02,0.0,0.0,0.02387797087430954,0.023882506415247917,242,0.001558381482027471,0.001426157308742404,-2.055459499359131,12.6,0.0,60,LAND,False,STANDBY,10,6
2026-05-28T14:43:49.986353,-35.3632624,149.1652375,0.006,0.02,0.0,0.0,0.02374027669429779,0.023746473714709282,242,0.0015500916633754969,0.0014318466419354081,-2.0553627014160156,12.6,0.0,60,LAND,False,STANDBY,10,6
2026-05-28T14:43:50.488713,-35.3632624,149.1652375,0.006,0.02,0.0,0.0,0.023869963362812996,0.023876024410128593,242,0.0015406538732349873,0.0014375774189829826,-2.055262565612793,12.6,0.0,60,LAND,False,STANDBY,10,6
2026-05-28T14:43:50.991692,-35.3632624,149.1652375,0.006,0.02,0.0,0.0,0.023420413956046104,0.02342756651341915,242,0.001543523627333343,0.001424234826117754,-2.055166006088257,12.6,0.0,60,LAND,False,STANDBY,10,6
2026-05-28T14:43:51.492636,-35.3632624,149.1652375,0.006,0.02,0.0,0.0,0.02373795211315155,0.023743584752082825,242,0.0015510044759139419,0.0014432927127927542,-2.0550689697265625,12.6,0.0,60,LAND,False,STANDBY,10,6
2026-05-28T14:43:51.992923,-35.3632624,149.1652375,0.006,0.02,0.0,0.0,0.023527763783931732,0.023531822487711906,242,0.0015502006281167269,0.0014393208548426628,-2.0549826622009277,12.6,0.0,60,LAND,False,STANDBY,10,6
2026-05-28T14:43:52.493592,-35.3632624,149.1652375,0.007,0.02,0.0,0.0,0.023851463571190834,0.023854712024331093,242,0.0015597528545185924,0.0014383565867319703,-2.05489444732666,12.6,0.0,60,LAND,False,STANDBY,10,6
2026-05-28T14:43:52.994098,-35.3632624,149.1652375,0.007,0.02,0.0,0.0,0.023678652942180634,0.02368231490254402,242,0.001547855674289167,0.0014284083154052496,-2.0548152923583984,12.6,0.0,60,LAND,False,STANDBY,10,6
2026-05-28T14:43:53.494712,-35.3632624,149.1652375,0.007,0.02,0.0,0.0,0.023822994902729988,0.023827753961086273,242,0.0015474283136427402,0.0014242504257708788,-2.054734945297241,12.6,0.0,60,LAND,False,STANDBY,10,6
2026-05-28T14:43:53.995124,-35.3632624,149.1652375,0.007,0.02,0.0,0.0,0.02349581941962242,0.023499732837080956,242,0.0015364240389317274,0.0014216068666428328,-2.0546622276306152,12.6,0.0,60,LAND,False,STANDBY,10,6
2026-05-28T14:43:54.495479,-35.3632624,149.1652375,0.007,0.02,0.0,0.0,0.02367149107158184,0.023674339056015015,242,0.0015446847537532449,0.0014289231039583683,-2.0545806884765625,12.6,0.0,60,LAND,False,STANDBY,10,6
2026-05-28T14:43:54.995966,-35.3632624,149.1652375,0.007,0.02,0.0,0.0,0.023476209491491318,0.02347891964018345,242,0.0015352941118180752,0.0014276999281719327,-2.0545077323913574,12.6,0.0,60,LAND,False,STANDBY,10,6
2026-05-28T14:43:55.496566,-35.3632624,149.1652375,0.007,0.02,0.0,0.0,0.02380923181772232,0.023810897022485733,242,0.0015431537758558989,0.0014241124736145139,-2.0544347763061523,12.6,0.0,60,LAND,False,STANDBY,10,6
2026-05-28T14:43:55.997134,-35.3632624,149.1652375,0.007,0.02,0.0,0.0,0.023602444678544998,0.02360350266098976,242,0.0015453675296157598,0.00142791832331568,-2.0543642044067383,12.6,0.0,60,LAND,False,STANDBY,10,6
2026-05-28T14:43:56.497673,-35.3632624,149.1652375,0.007,0.02,0.0,0.0,0.023768136277794838,0.023768693208694458,242,0.0015475342515856028,0.0014299938920885324,-2.054292917251587,12.6,0.0,60,LAND,False,STANDBY,10,6
2026-05-28T14:43:56.998370,-35.3632624,149.1652375,0.007,0.02,0.0,0.0,0.023476624861359596,0.02347760833799839,242,0.0015457195695489645,0.0014250349486246705,-2.054234027862549,12.6,0.0,60,LAND,False,STANDBY,10,6
2026-05-28T14:43:57.499261,-35.3632624,149.1652375,0.007,0.02,0.0,0.0,0.023752611130475998,0.023754606023430824,242,0.0015528661897405982,0.001425822963938117,-2.0541727542877197,12.6,0.0,60,LAND,False,STANDBY,10,6
2026-05-28T14:43:58.000059,-35.3632624,149.1652375,0.007,0.02,0.0,0.0,0.023607440292835236,0.023609256371855736,242,0.0015456757973879576,0.0014197196578606963,-2.054114580154419,12.6,0.0,60,LAND,False,STANDBY,10,6
2026-05-28T14:43:58.500729,-35.3632624,149.1652375,0.007,0.02,0.0,0.0,0.023858774453401566,0.023859778419137,242,0.0015401599230244756,0.001424311543814838,-2.0540575981140137,12.6,0.0,60,LAND,False,STANDBY,10,6
2026-05-28T14:43:59.001354,-35.3632624,149.1652375,0.007,0.02,0.0,0.0,0.02364160865545273,0.023641904816031456,242,0.0015408985782414675,0.0014376704348251224,-2.054007053375244,12.6,0.0,60,LAND,False,STANDBY,10,6
2026-05-28T14:43:59.501917,-35.3632624,149.1652375,0.007,0.02,0.0,0.0,0.02385932393372059,0.023859519511461258,242,0.001550955348648131,0.0014393420424312353,-2.0539493560791016,12.6,0.0,60,LAND,False,STANDBY,10,6
2026-05-28T14:44:00.002575,-35.3632624,149.1652375,0.007,0.02,0.0,0.0,0.023713167756795883,0.023713190108537674,242,0.0015528168296441436,0.0014503835700452328,-2.0539002418518066,12.6,0.0,60,LAND,False,STANDBY,10,6
2026-05-28T14:44:00.503652,-35.3632624,149.1652375,0.007,0.02,0.0,0.0,0.02395722270011902,0.02395743690431118,242,0.001560446573421359,0.0014565830351784825,-2.0538525581359863,12.6,0.0,60,LAND,False,STANDBY,10,6
2026-05-28T14:44:01.004586,-35.3632624,149.1652375,0.007,0.02,0.0,0.0,0.023866375908255577,0.02386675588786602,242,0.0015518582658842206,0.0014546125894412398,-2.0538079738616943,12.6,0.0,60,LAND,False,STANDBY,10,6
2026-05-28T14:44:01.505087,-35.3632624,149.1652375,0.007,0.02,0.0,0.0,0.024108832702040672,0.02410941570997238,242,0.0015563505003228784,0.0014518218813464046,-2.05377459526062,12.6,0.0,60,LAND,False,STANDBY,10,6
2026-05-28T14:44:02.005750,-35.3632624,149.1652375,0.007,0.02,0.0,0.0,0.023831335827708244,0.023832671344280243,242,0.0015409622574225068,0.001439998741261661,-2.0537335872650146,12.6,0.0,60,LAND,False,STANDBY,10,6
2026-05-28T14:44:02.506449,-35.3632624,149.1652375,0.007,0.02,0.0,0.0,0.024120431393384933,0.02412116713821888,242,0.0015456732362508774,0.0014435035409405828,-2.0536975860595703,12.6,0.0,60,LAND,False,STANDBY,10,6
2026-05-28T14:44:03.007043,-35.3632624,149.1652375,0.007,0.02,0.0,0.0,0.023743506520986557,0.02374422177672386,242,0.0015335871139541268,0.0014392079319804907,-2.053663492202759,12.6,0.0,60,LAND,False,STANDBY,10,6
2026-05-28T14:44:03.507765,-35.3632624,149.1652375,0.007,0.02,0.0,0.0,0.024144094437360764,0.024144643917679787,242,0.0015358699019998312,0.0014522509882226586,-2.0536344051361084,12.6,0.0,60,LAND,False,STANDBY,10,6
2026-05-28T14:44:04.008680,-35.3632624,149.1652375,0.007,0.02,0.0,0.0,0.023840496316552162,0.023841213434934616,242,0.0015428353799507022,0.0014428322901949286,-2.0535998344421387,12.6,0.0,60,LAND,False,STANDBY,10,6
2026-05-28T14:44:04.509361,-35.3632624,149.1652375,0.007,0.02,0.0,0.0,0.023964520543813705,0.023966025561094284,242,0.0015531070530414581,0.0014466108987107873,-2.0535621643066406,12.6,0.0,60,LAND,False,STANDBY,10,6
2026-05-28T14:44:05.010067,-35.3632624,149.1652375,0.007,0.02,0.0,0.0,0.02373260259628296,0.02373333089053631,242,0.0015505587216466665,0.0014418604550883174,-2.0535333156585693,12.6,0.0,60,LAND,False,STANDBY,10,6
2026-05-28T14:44:05.510769,-35.3632624,149.1652375,0.007,0.02,0.0,0.0,0.024004951119422913,0.024005122482776642,242,0.0015464236494153738,0.0014408135320991278,-2.0535075664520264,12.6,0.0,60,LAND,False,STANDBY,10,6
2026-05-28T14:44:06.011520,-35.3632624,149.1652375,0.007,0.02,0.0,0.0,0.02355021983385086,0.023550624027848244,242,0.001542994868941605,0.0014353852020576596,-2.053487777709961,12.6,0.0,60,LAND,False,STANDBY,10,6
2026-05-28T14:44:06.512192,-35.3632624,149.1652375,0.007,0.02,0.0,0.0,0.02377631701529026,0.023777678608894348,242,0.0015449848724529147,0.0014347635442391038,-2.0534608364105225,12.6,0.0,60,LAND,False,STANDBY,10,6
2026-05-28T14:44:07.012674,-35.3632624,149.1652375,0.007,0.02,0.0,0.0,0.023387344554066658,0.023389406502246857,242,0.001550791203044355,0.0014305654913187027,-2.0534400939941406,12.6,0.0,60,LAND,False,STANDBY,10,6
2026-05-28T14:44:07.513487,-35.3632624,149.1652375,0.007,0.02,0.0,0.0,0.023839401081204414,0.023841680958867073,242,0.0015552566619589925,0.0014408109709620476,-2.053424596786499,12.6,0.0,60,LAND,False,STANDBY,10,6
2026-05-28T14:44:08.014166,-35.3632624,149.1652375,0.007,0.02,0.0,0.0,0.023585492745041847,0.023588087409734726,242,0.0015497811837121844,0.0014337233733385801,-2.0534017086029053,12.6,0.0,60,LAND,False,STANDBY,10,6
2026-05-28T14:44:08.514928,-35.3632624,149.1652375,0.007,0.02,0.0,0.0,0.023838387802243233,0.02384137734770775,242,0.0015549915842711926,0.0014386976836249232,-2.053380012512207,12.6,0.0,60,LAND,False,STANDBY,10,6
2026-05-28T14:44:09.015642,-35.3632624,149.1652375,0.007,0.02,0.0,0.0,0.023584900423884392,0.023588242009282112,242,0.0015566671499982476,0.0014326429227367043,-2.0533623695373535,12.6,0.0,60,LAND,False,STANDBY,10,6
2026-05-28T14:44:09.519385,-35.3632624,149.1652375,0.007,0.02,0.0,0.0,0.024173621088266373,0.024177376180887222,242,0.0015578754246234894,0.0014348085969686508,-2.0533435344696045,12.6,0.0,60,LAND,False,STANDBY,10,6
2026-05-28T14:44:10.020020,-35.3632624,149.1652375,0.007,0.02,0.0,0.0,0.023981042206287384,0.023983824998140335,242,0.0015486687188968062,0.0014277029549703002,-2.053328037261963,12.6,0.0,60,LAND,False,STANDBY,10,6
2026-05-28T14:44:10.520827,-35.3632624,149.1652375,0.007,0.02,0.0,0.0,0.02416808344423771,0.024169795215129852,242,0.0015517509309574962,0.0014327785465866327,-2.0533201694488525,12.6,0.0,60,LAND,False,STANDBY,10,6
2026-05-28T14:44:11.021408,-35.3632624,149.1652375,0.007,0.02,0.0,0.0,0.02385992556810379,0.023861655965447426,242,0.001547869062051177,0.0014304452342912555,-2.053309679031372,12.6,0.0,60,LAND,False,STANDBY,10,6
2026-05-28T14:44:11.522098,-35.3632624,149.1652375,0.007,0.02,0.0,0.0,0.02392679639160633,0.023929530754685402,242,0.0015510845696553588,0.0014406326226890087,-2.05329966545105,12.6,0.0,60,LAND,False,STANDBY,10,6
2026-05-28T14:44:12.022609,-35.3632624,149.1652375,0.007,0.02,0.0,0.0,0.02360858954489231,0.02361082099378109,242,0.0015442563453689218,0.001437778235413134,-2.0532913208007812,12.6,0.0,60,LAND,False,STANDBY,10,6
2026-05-28T14:44:12.523439,-35.3632624,149.1652375,0.007,0.02,0.0,0.0,0.02405427396297455,0.02405576780438423,242,0.0015515567502006888,0.0014528766041621566,-2.0532748699188232,12.6,0.0,60,LAND,False,STANDBY,10,6
2026-05-28T14:44:13.023853,-35.3632624,149.1652375,0.007,0.02,0.0,0.0,0.02370617352426052,0.023706944659352303,242,0.0015445980243384838,0.0014539361000061035,-2.05326509475708,12.6,0.0,60,LAND,False,STANDBY,10,6
2026-05-28T14:44:13.524540,-35.3632624,149.1652375,0.007,0.02,0.0,0.0,0.02399410493671894,0.02399449050426483,242,0.001544508384540677,0.0014549385523423553,-2.053255558013916,12.6,0.0,60,LAND,False,STANDBY,10,6
2026-05-28T14:44:14.024976,-35.3632624,149.1652375,0.007,0.02,0.0,0.0,0.02390185371041298,0.02390226162970066,242,0.0015396657399833202,0.0014486197615042329,-2.0532660484313965,12.6,0.0,60,LAND,False,STANDBY,10,6
2026-05-28T14:44:14.525662,-35.3632624,149.1652375,0.007,0.02,0.0,0.0,0.024173887446522713,0.024174179881811142,242,0.0015445883618667722,0.0014416439225897193,-2.053255081176758,12.6,0.0,60,LAND,False,STANDBY,10,6
2026-05-28T14:44:15.026250,-35.3632624,149.1652375,0.007,0.02,0.0,0.0,0.02392423525452614,0.023924268782138824,242,0.001540370867587626,0.0014363126829266548,-2.053251266479492,12.6,0.0,60,LAND,False,STANDBY,10,6
2026-05-28T14:44:15.526985,-35.3632624,149.1652375,0.007,0.02,0.0,0.0,0.024030029773712158,0.024030059576034546,242,0.0015485517214983702,0.0014367348048835993,-2.0532443523406982,12.6,0.0,60,LAND,False,STANDBY,10,6
2026-05-28T14:44:16.027583,-35.3632624,149.1652375,0.007,0.02,0.0,0.0,0.023835130035877228,0.023835130035877228,242,0.0015436338726431131,0.0014274457935243845,-2.0532448291778564,12.6,0.0,60,LAND,False,STANDBY,10,6
2026-05-28T14:44:16.528118,-35.3632624,149.1652375,0.007,0.02,0.0,0.0,0.024089796468615532,0.024089813232421875,242,0.0015508646611124277,0.001435816870070994,-2.053236961364746,12.6,0.0,60,LAND,False,STANDBY,10,6
2026-05-28T14:44:17.028598,-35.3632624,149.1652375,0.007,0.02,0.0,0.0,0.023852193728089333,0.02385222353041172,242,0.001546691870316863,0.0014302406925708055,-2.053237199783325,12.6,0.0,60,LAND,False,STANDBY,10,6
2026-05-28T14:44:17.529318,-35.3632624,149.1652375,0.007,0.02,0.0,0.0,0.024052388966083527,0.02405254729092121,242,0.001556690433062613,0.0014330657431855798,-2.053232431411743,12.6,0.0,60,LAND,False,STANDBY,10,6
2026-05-28T14:44:18.029927,-35.3632624,149.1652375,0.007,0.02,0.0,0.0,0.023650389164686203,0.02365102246403694,242,0.0015427316538989544,0.0014187789056450129,-2.0532450675964355,12.6,0.0,60,LAND,False,STANDBY,10,6
2026-05-28T14:44:18.530619,-35.3632624,149.1652375,0.007,0.02,0.0,0.0,0.023890383541584015,0.023890560492873192,242,0.0015459581045433879,0.00141990149859339,-2.0532431602478027,12.6,0.0,60,LAND,False,STANDBY,10,6
2026-05-28T14:44:19.031053,-35.3632624,149.1652375,0.007,0.02,0.0,0.0,0.02373228408396244,0.02373262122273445,242,0.0015347081935033202,0.001413204474374652,-2.0532424449920654,12.6,0.0,60,LAND,False,STANDBY,10,6
2026-05-28T14:44:19.531353,-35.3632624,149.1652375,0.007,0.02,0.0,0.0,0.02388445846736431,0.023884475231170654,242,0.001534935086965561,0.001420560758560896,-2.05324387550354,12.6,0.0,60,LAND,False,STANDBY,10,6
2026-05-28T14:44:20.031898,-35.3632624,149.1652375,0.007,0.02,0.0,0.0,0.023598797619342804,0.0235988050699234,242,0.0015284124528989196,0.0014040111564099789,-2.053244113922119,12.6,0.0,60,LAND,False,STANDBY,10,6
2026-05-28T14:44:20.532704,-35.3632624,149.1652375,0.007,0.02,0.0,0.0,0.02372204326093197,0.02372204326093197,242,0.0015282612293958664,0.001404705224558711,-2.053253173828125,12.6,0.0,60,LAND,False,STANDBY,10,6
2026-05-28T14:44:21.033297,-35.3632624,149.1652375,0.007,0.02,0.0,0.0,0.02337043732404709,0.023370616137981415,242,0.001515785581432283,0.001387785654515028,-2.0532703399658203,12.6,0.0,60,LAND,False,STANDBY,10,6
2026-05-28T14:44:21.533932,-35.3632624,149.1652375,0.007,0.02,0.0,0.0,0.02358250506222248,0.02358277328312397,242,0.0015034732641652226,0.0013763104798272252,-2.0532944202423096,12.6,0.0,60,LAND,False,STANDBY,10,6
2026-05-28T14:44:22.034582,-35.3632624,149.1652375,0.007,0.02,0.0,0.0,0.022853093221783638,0.022853385657072067,242,0.0014625011244788766,0.0013243721332401037,-2.053337574005127,12.6,0.0,60,LAND,False,STANDBY,10,6
2026-05-28T14:44:22.535757,-35.3632624,149.1652375,0.007,0.02,0.0,0.0,0.02264179289340973,0.02264190837740898,242,0.0014307270757853985,0.0012873995583504438,-2.053377866744995,12.6,0.0,60,LAND,False,STANDBY,10,6
2026-05-28T14:44:23.036532,-35.3632624,149.1652375,0.007,0.02,0.0,0.0,0.021577928215265274,0.02157801389694214,242,0.001380925183184445,0.0012355189537629485,-2.0534303188323975,12.6,0.0,60,LAND,False,STANDBY,10,6
2026-05-28T14:44:23.536807,-35.3632624,149.1652375,0.007,0.02,0.0,0.0,0.02100512757897377,0.021005181595683098,242,0.0013360687298700213,0.0012025840114802122,-2.0534920692443848,12.6,0.0,60,LAND,False,STANDBY,10,6
2026-05-28T14:44:24.037522,-35.3632624,149.1652375,0.007,0.01,0.0,0.0,0.01980830542743206,0.019808394834399223,242,0.0012803728459402919,0.001153548713773489,-2.0535404682159424,12.6,0.0,60,LAND,False,STANDBY,10,6
2026-05-28T14:44:24.538185,-35.3632624,149.1652375,0.007,0.01,0.0,0.0,0.01913823001086712,0.0191383995115757,242,0.0012314898194745183,0.0011002589017152786,-2.0536084175109863,12.6,0.0,60,LAND,False,STANDBY,10,6
2026-05-28T14:44:25.039007,-35.3632624,149.1652375,0.007,0.01,0.0,0.0,0.01779893971979618,0.017799006775021553,242,0.0011832789750769734,0.0010485408129170537,-2.0536866188049316,12.6,0.0,60,LAND,False,STANDBY,10,6
2026-05-28T14:44:25.539287,-35.3632624,149.1652375,0.007,0.01,0.0,0.0,0.016740133985877037,0.016740405932068825,242,0.0011347110848873854,0.0010077707702293992,-2.0537688732147217,12.6,0.0,60,LAND,False,STANDBY,10,6
2026-05-28T14:44:26.039841,-35.3632624,149.1652375,0.007,0.01,0.0,0.0,0.015401074662804604,0.015401090495288372,242,0.0010774211259558797,0.0009605318191461265,-2.0538556575775146,12.6,0.0,60,LAND,False,STANDBY,10,6
2026-05-28T14:44:26.540525,-35.3632624,149.1652375,0.008,0.01,0.0,0.0,0.014369765296578407,0.014369770884513855,242,0.0010168912122026086,0.0009121091570705175,-2.0539443492889404,12.6,0.0,60,LAND,False,STANDBY,10,6
2026-05-28T14:44:27.040979,-35.3632624,149.1652375,0.008,0.01,0.0,0.0,0.012993681244552135,0.012993688695132732,242,0.0009548667003400624,0.0008528047474101186,-2.0540401935577393,12.6,0.0,60,LAND,False,STANDBY,10,6
2026-05-28T14:44:27.541654,-35.3632624,149.1652375,0.008,0.01,0.0,0.0,0.011957314796745777,0.011957373470067978,242,0.0009122387855313718,0.0008066619047895074,-2.054143190383911,12.6,0.0,60,LAND,False,STANDBY,10,6
2026-05-28T14:44:28.042430,-35.3632625,149.1652375,0.008,0.01,0.0,0.0,0.010655878111720085,0.010655941441655159,242,0.0008657159633003175,0.0007586214924231172,-2.054253101348877,12.6,0.0,60,LAND,False,STANDBY,10,6
2026-05-28T14:44:28.542989,-35.3632625,149.1652375,0.008,0.0,0.0,0.0,0.009668310172855854,0.009668338112533092,242,0.0008245987701229751,0.0007063336670398712,-2.0543689727783203,12.6,0.0,60,LAND,False,STANDBY,10,6
2026-05-28T14:44:29.043264,-35.3632625,149.1652375,0.008,0.0,0.0,0.0,0.008578361943364143,0.008578385226428509,242,0.0007876965100876987,0.0006671826704405248,-2.054481267929077,12.6,0.0,60,LAND,False,STANDBY,10,6
2026-05-28T14:44:29.543911,-35.3632625,149.1652375,0.008,0.0,0.0,0.0,0.007774525322020054,0.0077756308019161224,242,0.0007530089351348579,0.000623340776655823,-2.054598331451416,12.6,0.0,60,LAND,False,STANDBY,10,6
2026-05-28T14:44:30.044494,-35.3632625,149.1652375,0.008,0.0,0.0,0.0,0.006663908716291189,0.006663959007710218,242,0.0007061455398797989,0.0005816735210828483,-2.054722547531128,12.6,0.0,60,LAND,False,STANDBY,10,6
2026-05-28T14:44:30.545190,-35.3632625,149.1652375,0.008,0.0,0.0,0.0,0.005896060261875391,0.005896165035665035,242,0.0006522713229060173,0.000531075696926564,-2.05484938621521,12.6,0.0,60,LAND,False,STANDBY,10,6
2026-05-28T14:44:31.045681,-35.3632625,149.1652375,0.008,0.0,0.0,0.0,0.004799299407750368,0.004799315705895424,242,0.000596368801780045,0.0004823257331736386,-2.0549888610839844,12.6,0.0,60,LAND,False,STANDBY,10,6
2026-05-28T14:44:31.546202,-35.3632625,149.1652375,0.008,0.0,0.0,0.0,0.003911568783223629,0.003911568783223629,242,0.0005453850608319044,0.00043868296779692173,-2.0551347732543945,12.6,0.0,60,LAND,False,STANDBY,10,6
2026-05-28T14:44:32.046767,-35.3632625,149.1652375,0.008,0.0,0.0,0.0,0.0028162607923150063,0.0028174000326544046,242,0.0004997312207706273,0.0003993330174125731,-2.0552780628204346,12.6,0.0,60,LAND,False,STANDBY,10,6
2026-05-28T14:44:32.547726,-35.3632625,149.1652375,0.008,0.0,0.0,0.0,0.0018716281047090888,0.0018727334681898355,242,0.0004617202503141016,0.00036007887683808804,-2.055421829223633,12.6,0.0,60,LAND,False,STANDBY,10,6
2026-05-28T14:44:33.048492,-35.3632625,149.1652375,0.008,0.0,0.0,0.0,0.000910152040887624,0.0009106810903176665,242,0.0004190161416772753,0.00032123835990205407,-2.0555734634399414,12.6,0.0,60,LAND,False,STANDBY,10,6
2026-05-28T14:44:33.549261,-35.3632625,149.1652375,0.008,0.0,0.0,0.0,0.000223972208914347,0.00022822260507382452,242,0.0003819802077487111,0.0002784853568300605,-2.0557219982147217,12.6,0.0,60,LAND,False,STANDBY,10,6
2026-05-28T14:44:34.049951,-35.3632625,149.1652375,0.008,0.0,0.0,0.0,0.0010546970879659057,0.0010549399303272367,242,0.00035172965726815164,0.00024234293960034847,-2.055879592895508,12.6,0.0,60,LAND,False,STANDBY,10,6
2026-05-28T14:44:34.550693,-35.3632625,149.1652375,0.008,0.0,0.0,0.0,0.0018171631963923573,0.0018212987342849374,242,0.0003148492251057178,0.00020292794215492904,-2.0560474395751953,12.6,0.0,60,LAND,False,STANDBY,10,6
2026-05-28T14:44:35.051453,-35.3632626,149.1652375,0.008,0.0,0.0,0.0,0.002579664345830679,0.0025863994378596544,242,0.0002842683170456439,0.0001713192614261061,-2.056211471557617,12.6,0.0,60,LAND,False,STANDBY,10,6
2026-05-28T14:44:35.551851,-35.3632626,149.1652375,0.008,0.0,0.0,0.0,0.003299004165455699,0.0032995196525007486,242,0.00024167128140106797,0.00013927197142038494,-2.0563805103302,12.6,0.0,60,LAND,False,STANDBY,10,6
2026-05-28T14:44:36.052486,-35.3632626,149.1652375,0.008,0.0,0.0,0.0,0.003970138728618622,0.003970942925661802,242,0.00021113414550200105,0.00011625699698925018,-2.05655837059021,12.6,0.0,60,LAND,False,STANDBY,10,6
2026-05-28T14:44:36.552959,-35.3632626,149.1652375,0.008,0.0,0.0,0.0,0.004643973894417286,0.004647784400731325,242,0.00018160909530706704,8.756002353038639e-05,-2.0567386150360107,12.6,0.0,60,LAND,False,STANDBY,10,6
2026-05-28T14:44:37.053332,-35.3632626,149.1652375,0.008,0.0,0.0,0.0,0.00518611678853631,0.005190662108361721,242,0.00015849529881961644,5.6226184824481606e-05,-2.056917190551758,12.6,0.0,60,LAND,False,STANDBY,10,6
2026-05-28T14:44:37.554085,-35.3632626,149.1652375,0.008,0.0,0.0,0.0,0.005893448833376169,0.005898910108953714,242,0.00014033608022145927,3.115893923677504e-05,-2.0571024417877197,12.6,0.0,60,LAND,False,STANDBY,10,6
2026-05-28T14:44:38.054919,-35.3632626,149.1652375,0.008,0.0,0.0,0.0,0.006276641506701708,0.006278463639318943,242,0.00012234284076839685,1.6703223082004115e-05,-2.057286262512207,12.6,0.0,60,LAND,False,STANDBY,10,6
2026-05-28T14:44:38.555628,-35.3632626,149.1652375,0.008,0.0,0.0,0.0,0.006896491628140211,0.006902656517922878,242,9.84955913736485e-05,-7.31247928342782e-06,-2.057478189468384,12.6,0.0,60,LAND,False,STANDBY,10,6
2026-05-28T14:44:39.056273,-35.3632626,149.1652375,0.008,0.0,0.0,0.0,0.007359091658145189,0.007362904492765665,242,7.775284757371992e-05,-4.044779416290112e-05,-2.057673931121826,12.6,0.0,60,LAND,False,STANDBY,10,6
2026-05-28T14:44:39.556985,-35.3632626,149.1652375,0.008,0.0,0.0,0.0,0.007941050454974174,0.007943139411509037,242,5.414308907347731e-05,-7.285146421054378e-05,-2.0578725337982178,12.6,0.0,60,LAND,False,STANDBY,10,6
2026-05-28T14:44:40.057649,-35.3632626,149.1652375,0.008,0.0,0.0,0.0,0.008399968966841698,0.008400780148804188,242,3.677299901028164e-05,-9.728241275297478e-05,-2.058072090148926,12.6,0.0,60,LAND,False,STANDBY,10,6
2026-05-28T14:44:40.558208,-35.3632626,149.1652375,0.008,0.0,0.0,0.0,0.00895195547491312,0.008953152224421501,242,7.181715318438364e-06,-0.00012312637409195304,-2.05826997756958,12.6,0.0,60,LAND,False,STANDBY,10,6
2026-05-28T14:44:41.058821,-35.3632626,149.1652375,0.008,0.0,0.0,0.0,0.009349726140499115,0.009350116364657879,242,-1.2198815056763124e-05,-0.00014222240133676678,-2.058476209640503,12.6,0.0,60,LAND,False,STANDBY,10,6
2026-05-28T14:44:41.559501,-35.3632626,149.1652375,0.008,0.0,0.0,0.0,0.009871495887637138,0.009872145019471645,242,-3.2886517146835104e-05,-0.0001671685604378581,-2.058676242828369,12.6,0.0,60,LAND,False,STANDBY,10,6
2026-05-28T14:44:42.060196,-35.3632626,149.1652375,0.008,0.0,0.0,0.0,0.010146337561309338,0.010147814638912678,242,-5.157949271961115e-05,-0.00017169593775179237,-2.0588810443878174,12.6,0.0,60,LAND,False,STANDBY,10,6
2026-05-28T14:44:42.560902,-35.3632626,149.1652375,0.008,-0.01,0.0,0.0,0.010669278912246227,0.010669857263565063,242,-7.513409218518063e-05,-0.00019135911134071648,-2.0590901374816895,12.6,0.0,60,LAND,False,STANDBY,10,6
2026-05-28T14:44:43.062311,-35.3632626,149.1652375,0.008,-0.01,0.0,0.0,0.01095203310251236,0.010952194221317768,242,-9.944306657416746e-05,-0.00021159635798539966,-2.0593178272247314,12.6,0.0,60,LAND,False,STANDBY,10,6
2026-05-28T14:44:43.563008,-35.3632626,149.1652375,0.008,-0.01,0.0,0.0,0.011658049188554287,0.011658390052616596,241,-0.0001258088304894045,-0.00023600307758897543,-2.0595414638519287,12.6,0.0,60,LAND,False,STANDBY,10,6
2026-05-28T14:44:44.063390,-35.3632626,149.1652375,0.008,-0.01,0.0,0.0,0.011885297484695911,0.011885336600244045,241,-0.00014428317081183195,-0.00024522081366740167,-2.0597527027130127,12.6,0.0,60,LAND,False,STANDBY,10,6
2026-05-28T14:44:44.563925,-35.3632626,149.1652375,0.008,-0.01,0.0,0.0,0.012410913594067097,0.01241091825067997,241,-0.00016761760343797505,-0.00025984717649407685,-2.0599677562713623,12.6,0.0,60,LAND,False,STANDBY,10,6
2026-05-28T14:44:45.064400,-35.3632626,149.1652375,0.008,-0.01,0.0,0.0,0.012678075581789017,0.012678076513111591,241,-0.00018296038615517318,-0.00027704492094926536,-2.0601866245269775,12.6,0.0,60,LAND,False,STANDBY,10,6
2026-05-28T14:44:45.565101,-35.3632626,149.1652375,0.008,-0.01,0.0,0.0,0.013169404119253159,0.013169568032026291,241,-0.00019937056640628725,-0.00029296960565261543,-2.0604002475738525,12.6,0.0,60,LAND,False,STANDBY,10,6
2026-05-28T14:44:46.065769,-35.3632626,149.1652375,0.008,-0.01,0.0,0.0,0.013271388597786427,0.013271407224237919,241,-0.00021232539438642561,-0.0003076809807680547,-2.0606212615966797,12.6,0.0,60,LAND,False,STANDBY,10,6
2026-05-28T14:44:46.566174,-35.3632626,149.1652375,0.008,-0.01,0.0,0.0,0.013745278120040894,0.013746114447712898,241,-0.00022827454085927457,-0.00031690995092503726,-2.0608437061309814,12.6,0.0,60,LAND,False,STANDBY,10,6
2026-05-28T14:44:47.066880,-35.3632626,149.1652375,0.008,-0.01,0.0,0.0,0.013925432227551937,0.013926517218351364,241,-0.00023301244073081762,-0.00033622217597439885,-2.061067819595337,12.6,0.0,60,LAND,False,STANDBY,10,6
2026-05-28T14:44:47.567407,-35.3632626,149.1652375,0.008,-0.01,0.0,0.0,0.01440459955483675,0.014404685236513615,241,-0.00024304651014972478,-0.0003595474408939481,-2.0613012313842773,12.6,0.0,60,LAND,False,STANDBY,10,6
2026-05-28T14:44:48.068125,-35.3632626,149.1652375,0.008,-0.01,0.0,0.0,0.01453317515552044,0.014533179812133312,241,-0.00025516297318972647,-0.0003815045638475567,-2.061527729034424,12.6,0.0,60,LAND,False,STANDBY,10,6
2026-05-28T14:44:48.568864,-35.3632626,149.1652375,0.008,-0.01,0.0,0.0,0.014957797713577747,0.014957813546061516,241,-0.0002680475008673966,-0.0004015822778455913,-2.061753988265991,12.6,0.0,60,LAND,False,STANDBY,10,6
2026-05-28T14:44:49.069425,-35.3632626,149.1652375,0.008,-0.01,0.0,0.0,0.015051416121423244,0.015051505528390408,241,-0.0002798287314362824,-0.00040787187754176557,-2.0619843006134033,12.6,0.0,60,LAND,False,STANDBY,10,6
2026-05-28T14:44:49.570143,-35.3632627,149.1652375,0.008,-0.01,0.0,0.0,0.015562661923468113,0.01556395273655653,241,-0.00029714658739976585,-0.00043337044189684093,-2.06221604347229,12.6,0.0,60,LAND,False,STANDBY,10,6
2026-05-28T14:44:50.070426,-35.3632627,149.1652375,0.008,-0.01,0.0,0.0,0.01566953957080841,0.015671027824282646,241,-0.00030431573395617306,-0.0004407527740113437,-2.0624442100524902,12.6,0.0,60,LAND,False,STANDBY,10,6
2026-05-28T14:44:50.570761,-35.3632627,149.1652375,0.008,-0.01,0.0,0.0,0.016209006309509277,0.016210582107305527,241,-0.0003263275430072099,-0.00045482232235372066,-2.0626754760742188,12.6,0.0,60,LAND,False,STANDBY,10,6
2026-05-28T14:44:51.071462,-35.3632627,149.1652375,0.007,-0.01,0.0,0.0,0.016257019713521004,0.01625874824821949,241,-0.0003360299742780626,-0.00046983297215774655,-2.0629117488861084,12.6,0.0,60,LAND,False,STANDBY,10,6
2026-05-28T14:44:51.572156,-35.3632627,149.1652375,0.007,-0.01,0.0,0.0,0.016770312562584877,0.0167724397033453,241,-0.0003556055889930576,-0.0004871186683885753,-2.0631489753723145,12.6,0.0,60,LAND,False,STANDBY,10,6
2026-05-28T14:44:52.072945,-35.3632627,149.1652375,0.007,-0.01,0.0,0.0,0.016973957419395447,0.016976576298475266,241,-0.00036651952541433275,-0.0005001998506486416,-2.063387632369995,12.6,0.0,60,LAND,False,STANDBY,10,6
2026-05-28T14:44:52.573567,-35.3632627,149.1652375,0.007,-0.01,0.0,0.0,0.01747911423444748,0.0174820888787508,241,-0.0003779216785915196,-0.0005132075166329741,-2.0636191368103027,12.6,0.0,60,LAND,False,STANDBY,10,6
2026-05-28T14:44:53.074254,-35.3632627,149.1652375,0.007,-0.01,0.0,0.0,0.017670253291726112,0.01767590641975403,241,-0.000380409590434283,-0.0005232893745414913,-2.063852310180664,12.6,0.0,60,LAND,False,STANDBY,10,6
2026-05-28T14:44:53.577012,-35.3632627,149.1652375,0.007,-0.01,0.0,0.0,0.017963122576475143,0.01796605810523033,241,-0.000401853583753109,-0.0005356066976673901,-2.0640902519226074,12.6,0.0,60,LAND,False,STANDBY,10,6
2026-05-28T14:44:54.077184,-35.3632627,149.1652375,0.007,-0.01,0.0,0.0,0.017971746623516083,0.017973700538277626,241,-0.00040431623347103596,-0.0005276037263683975,-2.064335584640503,12.6,0.0,60,LAND,False,STANDBY,10,6
2026-05-28T14:44:54.577799,-35.3632627,149.1652375,0.007,-0.01,0.0,0.0,0.01838216930627823,0.018384456634521484,241,-0.00041736545972526073,-0.0005351898726075888,-2.0645751953125,12.6,0.0,60,LAND,False,STANDBY,10,6
2026-05-28T14:44:55.078209,-35.3632627,149.1652375,0.007,-0.01,0.0,0.0,0.018371999263763428,0.018374770879745483,241,-0.00042174296686425805,-0.0005369908176362514,-2.064826726913452,12.6,0.0,60,LAND,False,STANDBY,10,6
2026-05-28T14:44:55.578664,-35.3632627,149.1652375,0.007,-0.01,0.0,0.0,0.01881358027458191,0.018818238750100136,241,-0.00044199597323313355,-0.0005509983166120946,-2.065063714981079,12.6,0.0,60,LAND,False,STANDBY,10,6
2026-05-28T14:44:56.079305,-35.3632627,149.1652375,0.007,-0.01,0.0,0.0,0.01878153719007969,0.01878461055457592,241,-0.0004461136704776436,-0.0005508158355951309,-2.0653083324432373,12.6,0.0,60,LAND,False,STANDBY,10,6
2026-05-28T14:44:56.579884,-35.3632627,149.1652375,0.007,-0.01,0.0,0.0,0.019168797880411148,0.01917194202542305,241,-0.00046967723756097257,-0.0005564994062297046,-2.0655441284179688,12.6,0.0,60,LAND,False,STANDBY,10,6
2026-05-28T14:44:57.080544,-35.3632627,149.1652375,0.007,-0.01,0.0,0.0,0.01905827969312668,0.01906023547053337,241,-0.00047077887575142086,-0.0005533028743229806,-2.0657947063446045,12.6,0.0,60,LAND,False,STANDBY,10,6
2026-05-28T14:44:57.581316,-35.3632627,149.1652375,0.007,-0.01,0.0,0.0,0.019521621987223625,0.019522666931152344,241,-0.00048330012941733,-0.0005556883988901973,-2.066041946411133,12.6,0.0,60,LAND,False,STANDBY,10,6
2026-05-28T14:44:58.082274,-35.3632627,149.1652375,0.007,-0.01,0.0,0.0,0.01939685456454754,0.019399138167500496,241,-0.000479235895909369,-0.0005550841451622546,-2.0662834644317627,12.6,0.0,60,LAND,False,STANDBY,10,6
2026-05-28T14:44:58.582999,-35.3632627,149.1652375,0.007,-0.01,0.0,0.0,0.01965704932808876,0.019659215584397316,241,-0.00047682132571935654,-0.0005631209351122379,-2.0665299892425537,12.6,0.0,60,LAND,False,STANDBY,10,6
2026-05-28T14:44:59.083777,-35.3632627,149.1652375,0.007,-0.01,0.0,0.0,0.019470881670713425,0.019472669810056686,241,-0.00047245537280105054,-0.000568924646358937,-2.066770553588867,12.6,0.0,60,LAND,False,STANDBY,10,6
2026-05-28T14:44:59.585812,-35.3632627,149.1652375,0.007,-0.01,0.0,0.0,0.01957879774272442,0.019580097869038582,241,-0.00047757552238181233,-0.0005838098004460335,-2.0670156478881836,12.6,0.0,60,LAND,False,STANDBY,10,6
2026-05-28T14:45:00.086044,-35.3632627,149.1652375,0.007,-0.01,0.0,0.0,0.01941746287047863,0.019417591392993927,241,-0.0004757187853101641,-0.0005839942023158073,-2.0672645568847656,12.6,0.0,60,LAND,False,STANDBY,10,6
2026-05-28T14:45:00.586696,-35.3632627,149.1652375,0.007,-0.01,0.0,0.0,0.019849997013807297,0.019850004464387894,241,-0.0004857708408962935,-0.0005995040410198271,-2.0675079822540283,12.6,0.0,60,LAND,False,STANDBY,10,6
