timestamp,lat,lon,alt,velocity_x,velocity_y,velocity_z,ground_speed,air_speed,heading,roll,pitch,yaw,battery_voltage,battery_current,battery_level,mode,armed,system_status,satellites_visible,fix_type
2025-08-11T17:19:50.356275,-35.363262,149.1652372,9.537,-0.01,0.01,-0.59,0.0209383312612772,0.5923751592636108,359,0.0024965328630059958,0.0033640903420746326,-0.016164081171154976,12.6,0.0,100,GUIDED,True,ACTIVE,10,6
2025-08-11T17:19:50.857235,-35.363262,149.1652372,9.537,-0.01,0.01,-0.59,0.0209383312612772,0.5923751592636108,359,0.0024965328630059958,0.0033640903420746326,-0.016164081171154976,12.6,0.0,100,GUIDED,True,ACTIVE,10,6
2025-08-11T17:19:51.358117,-35.363262,149.1652372,9.659,0.01,0.03,-0.4,0.03936820104718208,0.40632393956184387,359,0.03142180293798447,-0.03545894846320152,-0.01691785268485546,12.6,0.0,100,GUIDED,True,ACTIVE,10,6
2025-08-11T17:19:51.858974,-35.3632617,149.1652375,9.726,0.24,0.19,-0.18,0.3118059039115906,0.36410239338874817,358,0.11744938790798187,-0.16107459366321564,-0.0315253846347332,12.6,0.0,100,GUIDED,True,ACTIVE,10,6
2025-08-11T17:19:52.359937,-35.3632606,149.1652384,9.752,0.77,0.53,-0.08,0.9407655596733093,0.9444677233695984,3,0.14973247051239014,-0.2613455057144165,0.05745807662606239,12.6,0.0,100,GUIDED,True,ACTIVE,10,6
2025-08-11T17:19:52.860643,-35.3632606,149.1652384,9.752,0.77,0.53,-0.08,0.9407655596733093,0.9444677233695984,3,0.14973247051239014,-0.2613455057144165,0.05745807662606239,12.6,0.0,100,GUIDED,True,ACTIVE,10,6
2025-08-11T17:19:53.361788,-35.3632581,149.1652404,9.763,1.4,0.94,-0.04,1.6888071298599243,1.6895421743392944,17,0.08237192779779434,-0.28144487738609314,0.3094819486141205,12.6,0.0,100,GUIDED,True,ACTIVE,10,6
2025-08-11T17:19:53.862656,-35.3632542,149.1652436,9.77,1.99,1.33,-0.04,2.403337001800537,2.4037299156188965,29,0.02723740227520466,-0.27565380930900574,0.510674238204956,12.6,0.0,100,GUIDED,True,ACTIVE,10,6
2025-08-11T17:19:54.363587,-35.3632491,149.1652477,9.776,2.55,1.72,-0.04,3.0838165283203125,3.0842018127441406,32,0.011822675354778767,-0.26535654067993164,0.5712989568710327,12.6,0.0,100,GUIDED,True,ACTIVE,10,6
2025-08-11T17:19:54.864505,-35.3632491,149.1652477,9.776,2.55,1.72,-0.04,3.0838165283203125,3.0842018127441406,32,0.011822675354778767,-0.26535654067993164,0.5712989568710327,12.6,0.0,100,GUIDED,True,ACTIVE,10,6
2025-08-11T17:19:55.365482,-35.3632428,149.165253,9.785,3.09,2.09,-0.05,3.7367141246795654,3.737147808074951,33,0.005652173887938261,-0.25666123628616333,0.5894150733947754,12.6,0.0,100,GUIDED,True,ACTIVE,10,6
2025-08-11T17:19:55.865991,-35.3632353,149.1652592,9.796,3.61,2.44,-0.06,4.3672966957092285,4.367761611938477,34,0.0018667809199541807,-0.2505177855491638,0.595136284828186,12.6,0.0,100,GUIDED,True,ACTIVE,10,6
2025-08-11T17:19:56.366950,-35.3632266,149.1652664,9.809,4.12,2.78,-0.06,4.982051849365234,4.982504844665527,34,-0.0005929996841587126,-0.2467927634716034,0.5965677499771118,12.6,0.0,100,GUIDED,True,ACTIVE,10,6
2025-08-11T17:19:56.867813,-35.3632266,149.1652664,9.809,4.12,2.78,-0.06,4.982051849365234,4.982504844665527,34,-0.0005929996841587126,-0.2467927634716034,0.5965677499771118,12.6,0.0,100,GUIDED,True,ACTIVE,10,6
2025-08-11T17:19:57.368947,-35.3632168,149.1652745,9.823,4.63,3.12,-0.06,5.5875983238220215,5.588002681732178,34,-0.0017441451782360673,-0.24533449113368988,0.5964334607124329,12.6,0.0,100,GUIDED,True,ACTIVE,10,6
2025-08-11T17:19:57.871072,-35.3632058,149.1652835,9.837,5.13,3.44,-0.06,6.188968181610107,6.18930721282959,34,-0.002147355116903782,-0.2452954798936844,0.5958002805709839,12.6,0.0,100,GUIDED,True,ACTIVE,10,6
2025-08-11T17:19:58.372806,-35.3632058,149.1652835,9.837,5.13,3.44,-0.06,6.188968181610107,6.18930721282959,34,-0.002147355116903782,-0.2452954798936844,0.5958002805709839,12.6,0.0,100,GUIDED,True,ACTIVE,10,6
2025-08-11T17:19:58.873943,-35.3631937,149.1652935,9.85,5.64,3.77,-0.06,6.78858757019043,6.788862705230713,34,-0.00198467168956995,-0.2461877465248108,0.5950090885162354,12.6,0.0,100,GUIDED,True,ACTIVE,10,6
2025-08-11T17:19:59.374930,-35.3631805,149.1653043,9.864,6.11,4.08,-0.07,7.347599029541016,7.347951889038086,34,-0.0011249285889789462,-0.19381970167160034,0.5941701531410217,12.6,0.0,100,GUIDED,True,ACTIVE,10,6
2025-08-11T17:19:59.875971,-35.3631805,149.1653043,9.864,6.11,4.08,-0.07,7.347599029541016,7.347951889038086,34,-0.0011249285889789462,-0.19381970167160034,0.5941701531410217,12.6,0.0,100,GUIDED,True,ACTIVE,10,6
2025-08-11T17:20:00.376901,-35.3631665,149.1653157,9.887,6.35,4.23,-0.12,7.634788513183594,7.635761260986328,33,0.00026765267830342054,-0.043236590921878815,0.5932500958442688,12.6,0.0,100,GUIDED,True,ACTIVE,10,6
2025-08-11T17:20:00.877628,-35.3631523,149.1653273,9.922,6.3,4.19,-0.15,7.57909631729126,7.58062744140625,33,0.0016025537624955177,0.0657505989074707,0.5925969481468201,12.6,0.0,100,GUIDED,True,ACTIVE,10,6
2025-08-11T17:20:01.378688,-35.3631384,149.1653386,9.958,6.12,4.07,-0.13,7.357143402099609,7.358307838439941,33,0.003141100751236081,0.10599618405103683,0.5922148823738098,12.6,0.0,100,GUIDED,True,ACTIVE,10,6
2025-08-11T17:20:01.879815,-35.3631384,149.1653386,9.958,6.12,4.07,-0.13,7.357143402099609,7.358307838439941,33,0.003141100751236081,0.10599618405103683,0.5922148823738098,12.6,0.0,100,GUIDED,True,ACTIVE,10,6
2025-08-11T17:20:02.380815,-35.363125,149.1653495,9.985,5.88,3.91,-0.08,7.070204257965088,7.070761680603027,33,0.004691002424806356,0.12639397382736206,0.5920107960700989,12.6,0.0,100,GUIDED,True,ACTIVE,10,6
2025-08-11T17:20:02.881542,-35.363112,149.16536,10.001,5.61,3.73,-0.04,6.749728202819824,6.749904155731201,33,0.005280929151922464,0.13629737496376038,0.5920515656471252,12.6,0.0,100,GUIDED,True,ACTIVE,10,6
2025-08-11T17:20:03.381944,-35.3630997,149.1653699,10.009,5.33,3.55,-0.01,6.4137749671936035,6.4138031005859375,33,0.006389428861439228,0.13985155522823334,0.5921383500099182,12.6,0.0,100,GUIDED,True,ACTIVE,10,6
2025-08-11T17:20:03.883532,-35.3630997,149.1653699,10.009,5.33,3.55,-0.01,6.4137749671936035,6.4138031005859375,33,0.009606366977095604,0.13962966203689575,0.5922059416770935,12.6,0.0,100,GUIDED,True,ACTIVE,10,6
2025-08-11T17:20:04.383944,-35.363088,149.1653794,10.011,5.05,3.37,0.0,6.0732903480529785,6.073290824890137,33,0.009606366977095604,0.13962966203689575,0.5922059416770935,12.6,0.0,100,GUIDED,True,ACTIVE,10,6
2025-08-11T17:20:04.884632,-35.3630769,149.1653884,10.007,4.76,3.19,0.02,5.736994743347168,5.7370686531066895,33,0.008328134194016457,0.1390938013792038,0.5924992561340332,12.6,0.0,100,GUIDED,True,ACTIVE,10,6
2025-08-11T17:20:05.385486,-35.3630665,149.1653968,9.998,4.48,3.0,0.03,5.398647785186768,5.398740768432617,33,0.006500032264739275,0.13808490335941315,0.5925464034080505,12.6,0.0,100,GUIDED,True,ACTIVE,10,6
2025-08-11T17:20:05.886006,-35.3630566,149.1654048,9.993,4.2,2.82,0.01,5.060732841491699,5.060759544372559,33,0.013535238802433014,0.13680607080459595,0.5926614999771118,12.6,0.0,100,GUIDED,True,ACTIVE,10,6
2025-08-11T17:20:06.386939,-35.3630474,149.1654123,9.991,3.91,2.64,0.0,4.723791122436523,4.72379207611084,33,0.007854881696403027,0.13694621622562408,0.5926584601402283,12.6,0.0,100,GUIDED,True,ACTIVE,10,6
2025-08-11T17:20:06.887786,-35.3630474,149.1654123,9.991,3.91,2.64,0.0,4.723791122436523,4.72379207611084,33,0.007854881696403027,0.13694621622562408,0.5926584601402283,12.6,0.0,100,GUIDED,True,ACTIVE,10,6
2025-08-11T17:20:07.388588,-35.3630389,149.1654192,9.992,3.63,2.45,0.0,4.385950565338135,4.385960102081299,33,0.00853411853313446,0.13871073722839355,0.5922423601150513,12.6,0.0,100,GUIDED,True,ACTIVE,10,6
2025-08-11T17:20:07.889007,-35.3630309,149.1654257,9.995,3.33,2.27,-0.01,4.041754722595215,4.04177188873291,33,0.012133934535086155,0.1419076770544052,0.5922267436981201,12.6,0.0,100,GUIDED,True,ACTIVE,10,6
2025-08-11T17:20:08.389963,-35.3630237,149.1654317,9.999,3.04,2.08,-0.01,3.68992018699646,3.689937114715576,33,0.004260534420609474,0.14608147740364075,0.5918934941291809,12.6,0.0,100,GUIDED,True,ACTIVE,10,6
2025-08-11T17:20:08.891328,-35.3630171,149.1654371,10.002,2.74,1.88,0.0,3.3261759281158447,3.326186418533325,33,0.00712353503331542,0.15139326453208923,0.5913718938827515,12.6,0.0,100,GUIDED,True,ACTIVE,10,6
2025-08-11T17:20:09.392830,-35.3630171,149.1654371,10.002,2.74,1.88,0.0,3.3261759281158447,3.326186418533325,33,0.00712353503331542,0.15139326453208923,0.5913718938827515,12.6,0.0,100,GUIDED,True,ACTIVE,10,6
2025-08-11T17:20:09.893948,-35.3630112,149.1654419,10.005,2.42,1.67,0.0,2.9483587741851807,2.9483652114868164,33,0.008081876672804356,0.15772177278995514,0.5912477374076843,12.6,0.0,100,GUIDED,True,ACTIVE,10,6
2025-08-11T17:20:10.394953,-35.363006,149.1654462,10.007,2.09,1.45,0.0,2.5526325702667236,2.552633047103882,33,0.001160629908554256,0.16651199758052826,0.5909834504127502,12.6,0.0,100,GUIDED,True,ACTIVE,10,6
2025-08-11T17:20:10.895994,-35.3630016,149.1654499,10.008,1.74,1.21,0.0,2.1297085285186768,2.129709482192993,33,0.004661951679736376,0.17918023467063904,0.590712308883667,12.6,0.0,100,GUIDED,True,ACTIVE,10,6
2025-08-11T17:20:11.397112,-35.3629981,149.1654529,10.008,1.36,0.96,0.0,1.6714688539505005,1.671471357345581,33,0.005436527542769909,0.19235970079898834,0.5904713869094849,12.6,0.0,100,GUIDED,True,ACTIVE,10,6
2025-08-11T17:20:11.897974,-35.3629981,149.1654529,10.008,1.36,0.96,0.0,1.6714688539505005,1.671471357345581,33,0.005436527542769909,0.19235970079898834,0.5904713869094849,12.6,0.0,100,GUIDED,True,ACTIVE,10,6
2025-08-11T17:20:12.398957,-35.3629953,149.1654552,10.009,0.98,0.7,0.0,1.2073125839233398,1.2073354721069336,33,-0.0004552409809548408,0.18318749964237213,0.5902158617973328,12.6,0.0,100,GUIDED,True,ACTIVE,10,6
2025-08-11T17:20:12.899954,-35.3629935,149.1654568,10.008,0.64,0.51,0.0,0.8211224675178528,0.8211435675621033,38,0.06189526617527008,0.12125065177679062,0.6749736666679382,12.6,0.0,100,GUIDED,True,ACTIVE,10,6
2025-08-11T17:20:13.400731,-35.3629923,149.1654583,10.008,0.36,0.62,0.01,0.7228006720542908,0.722891092300415,51,0.15126332640647888,-0.03337714076042175,0.9010069966316223,12.6,0.0,100,GUIDED,True,ACTIVE,10,6
2025-08-11T17:20:13.901644,-35.3629916,149.1654606,10.006,0.19,1.09,0.01,1.1099951267242432,1.1101460456848145,64,0.14614355564117432,-0.2145920693874359,1.1326335668563843,12.6,0.0,100,GUIDED,True,ACTIVE,10,6
2025-08-11T17:20:14.402597,-35.3629916,149.1654606,10.006,0.19,1.09,0.01,1.1099951267242432,1.1101460456848145,64,0.14614355564117432,-0.2145920693874359,1.1326335668563843,12.6,0.0,100,GUIDED,True,ACTIVE,10,6
2025-08-11T17:20:14.903780,-35.3629912,149.1654646,10.003,0.14,1.81,0.01,1.8250337839126587,1.8251105546951294,78,0.07336334139108658,-0.29649055004119873,1.3719451427459717,12.6,0.0,100,GUIDED,True,ACTIVE,10,6
2025-08-11T17:20:15.404316,-35.3629909,149.1654706,10.001,0.11,2.56,0.01,2.5637803077697754,2.5638279914855957,85,0.042979709804058075,-0.28475335240364075,1.4856922626495361,12.6,0.0,100,GUIDED,True,ACTIVE,10,6
2025-08-11T17:20:15.904948,-35.3629906,149.1654785,9.999,0.07,3.25,0.01,3.2561652660369873,3.2562031745910645,88,0.027036450803279877,-0.2729065716266632,1.5364335775375366,12.6,0.0,100,GUIDED,True,ACTIVE,10,6
2025-08-11T17:20:16.405892,-35.3629904,149.1654883,9.998,0.04,3.91,0.01,3.9180638790130615,3.9180891513824463,89,0.01505869347602129,-0.2640833556652069,1.5619902610778809,12.6,0.0,100,GUIDED,True,ACTIVE,10,6
2025-08-11T17:20:16.906809,-35.3629904,149.1654883,9.998,0.04,3.91,0.01,3.9180638790130615,3.9180891513824463,89,0.01505869347602129,-0.2640833556652069,1.5619902610778809,12.6,0.0,100,GUIDED,True,ACTIVE,10,6
2025-08-11T17:20:17.407658,-35.3629903,149.1654999,9.997,0.02,4.55,0.01,4.555251121520996,4.555267810821533,90,0.01025350857526064,-0.2566705346107483,1.5755650997161865,12.6,0.0,100,GUIDED,True,ACTIVE,10,6
2025-08-11T17:20:17.908532,-35.3629902,149.1655132,9.998,0.0,5.17,0.0,5.174619674682617,5.174628734588623,90,0.011030558496713638,-0.2519901394844055,1.5829256772994995,12.6,0.0,100,GUIDED,True,ACTIVE,10,6
2025-08-11T17:20:18.410060,-35.3629901,149.1655281,9.999,-0.02,5.78,0.0,5.781607151031494,5.781615734100342,90,0.012327681295573711,-0.24943223595619202,1.586771845817566,12.6,0.0,100,GUIDED,True,ACTIVE,10,6
2025-08-11T17:20:18.910976,-35.3629901,149.1655448,9.999,-0.04,6.38,0.0,6.380954265594482,6.380960941314697,91,0.011081837117671967,-0.24683937430381775,1.5890337228775024,12.6,0.0,100,GUIDED,True,ACTIVE,10,6
2025-08-11T17:20:19.411954,-35.3629901,149.165563,10.003,-0.06,6.86,-0.01,6.869612693786621,6.8696370124816895,91,0.010209070518612862,-0.14473038911819458,1.5901637077331543,12.6,0.0,100,GUIDED,True,ACTIVE,10,6
2025-08-11T17:20:19.912895,-35.3629901,149.1655821,10.017,-0.08,7.01,-0.06,7.016462802886963,7.016722679138184,91,0.008940211497247219,0.007652243599295616,1.5905948877334595,12.6,0.0,100,GUIDED,True,ACTIVE,10,6
2025-08-11T17:20:20.424979,-35.3629901,149.1655821,10.017,-0.08,7.01,-0.06,7.016462802886963,7.016722679138184,91,0.008940211497247219,0.007652243599295616,1.5905948877334595,12.6,0.0,100,GUIDED,True,ACTIVE,10,6
2025-08-11T17:20:20.931526,-35.3629902,149.1656011,10.036,-0.08,6.87,-0.06,6.873644828796387,6.873953342437744,91,0.008104641921818256,0.08697450160980225,1.5908888578414917,12.6,0.0,100,GUIDED,True,ACTIVE,10,6
2025-08-11T17:20:21.432513,-35.3629903,149.1656196,10.051,-0.09,6.6,-0.03,6.609400272369385,6.609498500823975,91,0.013617822900414467,0.11963393539190292,1.5909364223480225,12.6,0.0,100,GUIDED,True,ACTIVE,10,6
2025-08-11T17:20:21.933904,-35.3629903,149.1656196,10.051,-0.09,6.6,-0.03,6.609400272369385,6.609498500823975,91,0.013617822900414467,0.11963393539190292,1.5909364223480225,12.6,0.0,100,GUIDED,True,ACTIVE,10,6
2025-08-11T17:20:22.435650,-35.3629905,149.1656374,10.058,-0.11,6.28,0.0,6.289795875549316,6.289797306060791,91,0.008839976042509079,0.13628219068050385,1.5907098054885864,12.6,0.0,100,GUIDED,True,ACTIVE,10,6
2025-08-11T17:20:22.936944,-35.3629907,149.1656543,10.058,-0.11,5.94,0.02,5.942282676696777,5.942320823669434,91,0.004161277785897255,0.142523854970932,1.5906442403793335,12.6,0.0,100,GUIDED,True,ACTIVE,10,6
2025-08-11T17:20:23.438223,-35.3629909,149.1656702,10.053,-0.11,5.58,0.03,5.588347911834717,5.588457107543945,91,0.00921920407563448,0.14303122460842133,1.590549111366272,12.6,0.0,100,GUIDED,True,ACTIVE,10,6
2025-08-11T17:20:23.938954,-35.3629911,149.1656851,10.045,-0.11,5.23,0.03,5.235446453094482,5.235586643218994,91,0.0007105300901457667,0.1411944031715393,1.5900616645812988,12.6,0.0,100,GUIDED,True,ACTIVE,10,6
2025-08-11T17:20:24.439824,-35.3629913,149.1656991,10.036,-0.1,4.88,0.03,4.887625217437744,4.887752532958984,91,0.0028172568418085575,0.13854055106639862,1.5897729396820068,12.6,0.0,100,GUIDED,True,ACTIVE,10,6
2025-08-11T17:20:24.941016,-35.3629915,149.1657121,10.029,-0.1,4.54,0.03,4.545722484588623,4.5458245277404785,91,0.003390553640201688,0.13676531612873077,1.5895226001739502,12.6,0.0,100,GUIDED,True,ACTIVE,10,6
2025-08-11T17:20:25.441944,-35.3629915,149.1657121,10.029,-0.1,4.54,0.03,4.545722484588623,4.5458245277404785,91,0.003390553640201688,0.13676531612873077,1.5895226001739502,12.6,0.0,100,GUIDED,True,ACTIVE,10,6
2025-08-11T17:20:25.943165,-35.3629917,149.1657242,10.023,-0.08,4.2,0.02,4.206247329711914,4.206326961517334,91,-0.003183438442647457,0.1366495043039322,1.5892653465270996,12.6,0.0,100,GUIDED,True,ACTIVE,10,6
2025-08-11T17:20:26.444148,-35.3629919,149.1657353,10.018,-0.07,3.86,0.01,3.8649463653564453,3.8649909496307373,91,0.0023540218826383352,0.1378413885831833,1.5888787508010864,12.6,0.0,100,GUIDED,True,ACTIVE,10,6
2025-08-11T17:20:26.945938,-35.3629921,149.1657455,10.015,-0.06,3.51,0.01,3.518540859222412,3.518559694290161,91,0.0002678926975931972,0.14070002734661102,1.5886536836624146,12.6,0.0,100,GUIDED,True,ACTIVE,10,6
2025-08-11T17:20:27.447006,-35.3629922,149.1657548,10.013,-0.05,3.16,0.01,3.1634740829467773,3.1634912490844727,91,-0.0037610980216413736,0.1457502692937851,1.5882991552352905,12.6,0.0,100,GUIDED,True,ACTIVE,10,6
2025-08-11T17:20:27.948364,-35.3629923,149.165763,10.011,-0.03,2.79,0.0,2.793501853942871,2.7935149669647217,90,0.002801252529025078,0.15301509201526642,1.5882172584533691,12.6,0.0,100,GUIDED,True,ACTIVE,10,6
2025-08-11T17:20:28.449497,-35.3629923,149.165763,10.011,-0.03,2.79,0.0,2.793501853942871,2.7935149669647217,90,0.002801252529025078,0.15301509201526642,1.5882172584533691,12.6,0.0,100,GUIDED,True,ACTIVE,10,6
2025-08-11T17:20:28.950187,-35.3629924,149.1657702,10.01,-0.03,2.4,0.0,2.401797294616699,2.4018008708953857,90,0.000762940151616931,0.1629372537136078,1.5880147218704224,12.6,0.0,100,GUIDED,True,ACTIVE,10,6
2025-08-11T17:20:29.450953,-35.3629925,149.1657763,10.009,-0.02,1.98,0.0,1.9804590940475464,1.9804669618606567,90,-0.0017371197463944554,0.17843301594257355,1.587854027748108,12.6,0.0,100,GUIDED,True,ACTIVE,10,6
2025-08-11T17:20:29.951706,-35.3629925,149.1657812,10.008,-0.01,1.52,0.0,1.5237224102020264,1.523733377456665,90,0.004629412200301886,0.18722288310527802,1.5877463817596436,12.6,0.0,100,GUIDED,True,ACTIVE,10,6
2025-08-11T17:20:30.452618,-35.3629926,149.1657848,10.008,-0.01,1.07,0.0,1.076438546180725,1.0764433145523071,90,0.0012255379697307944,0.1716519147157669,1.5872482061386108,12.6,0.0,100,GUIDED,True,ACTIVE,10,6
2025-08-11T17:20:30.953338,-35.3629926,149.1657872,10.006,-0.03,0.64,0.0,0.6437477469444275,0.6437886953353882,95,0.05663592740893364,0.19427679479122162,1.6691334247589111,12.6,0.0,100,GUIDED,True,ACTIVE,10,6
2025-08-11T17:20:31.454521,-35.3629929,149.1657883,10.005,-0.21,0.06,0.0,0.22180189192295074,0.22194716334342957,105,0.16110676527023315,0.21828916668891907,1.8455522060394287,12.6,0.0,100,GUIDED,True,ACTIVE,10,6
2025-08-11T17:20:31.955110,-35.3629929,149.1657883,10.005,-0.21,0.06,0.0,0.22180189192295074,0.22194716334342957,105,0.16110676527023315,0.21828916668891907,1.8455522060394287,12.6,0.0,100,GUIDED,True,ACTIVE,10,6
2025-08-11T17:20:32.456331,-35.3629936,149.1657876,10.004,-0.46,-0.56,0.0,0.7299437522888184,0.7299720048904419,109,0.17953559756278992,0.20121441781520844,1.909775733947754,12.6,0.0,100,GUIDED,True,ACTIVE,10,6
2025-08-11T17:20:32.957245,-35.362995,149.1657853,10.003,-0.72,-1.16,0.0,1.370491623878479,1.3705064058303833,122,0.21479113399982452,0.1499091237783432,2.134744882583618,12.6,0.0,100,GUIDED,True,ACTIVE,10,6
2025-08-11T17:20:33.458123,-35.3629969,149.1657815,10.002,-0.98,-1.75,0.0,2.0093228816986084,2.0093371868133545,136,0.2476845383644104,0.08714304864406586,2.3850386142730713,12.6,0.0,100,GUIDED,True,ACTIVE,10,6
2025-08-11T17:20:33.959027,-35.3629994,149.1657759,10.001,-1.24,-2.33,0.01,2.651371955871582,2.6513988971710205,151,0.262315034866333,0.019848842173814774,2.6388278007507324,12.6,0.0,100,GUIDED,True,ACTIVE,10,6
2025-08-11T17:20:34.460180,-35.3630024,149.1657688,10.0,-1.51,-2.92,0.01,3.290253162384033,3.2902750968933105,165,0.2559815049171448,-0.0479695200920105,2.894505262374878,12.6,0.0,100,GUIDED,True,ACTIVE,10,6
2025-08-11T17:20:34.960981,-35.3630024,149.1657688,10.0,-1.51,-2.92,0.01,3.290253162384033,3.2902750968933105,165,0.2559815049171448,-0.0479695200920105,2.894505262374878,12.6,0.0,100,GUIDED,True,ACTIVE,10,6
2025-08-11T17:20:35.461889,-35.3630061,149.16576,9.998,-1.77,-3.49,0.01,3.920806646347046,3.920830249786377,180,0.23200830817222595,-0.11173678934574127,-3.130899429321289,12.6,0.0,100,GUIDED,True,ACTIVE,10,6
2025-08-11T17:20:35.962296,-35.3630104,149.1657497,9.996,-2.03,-4.06,0.01,4.54633092880249,4.546344757080078,195,0.19420602917671204,-0.16786114871501923,-2.86855411529541,12.6,0.0,100,GUIDED,True,ACTIVE,10,6
2025-08-11T17:20:36.463240,-35.3630152,149.1657378,9.995,-2.29,-4.62,0.0,5.169402122497559,5.1694111824035645,210,0.14425288140773773,-0.21217672526836395,-2.6018130779266357,12.6,0.0,100,GUIDED,True,ACTIVE,10,6
2025-08-11T17:20:36.963951,-35.3630152,149.1657378,9.995,-2.29,-4.62,0.0,5.169402122497559,5.1694111824035645,210,0.14425288140773773,-0.21217672526836395,-2.6018130779266357,12.6,0.0,100,GUIDED,True,ACTIVE,10,6
2025-08-11T17:20:37.465478,-35.3630206,149.1657243,9.995,-2.53,-5.14,0.0,5.739384174346924,5.739386558532715,226,0.06362555921077728,-0.1821853220462799,-2.325674533843994,12.6,0.0,100,GUIDED,True,ACTIVE,10,6
2025-08-11T17:20:37.966041,-35.3630264,149.1657098,10.003,-2.64,-5.39,-0.04,6.0103654861450195,6.010532855987549,240,0.011616412550210953,-0.0375741682946682,-2.0928726196289062,12.6,0.0,100,GUIDED,True,ACTIVE,10,6
2025-08-11T17:20:38.466756,-35.3630322,149.165695,10.018,-2.59,-5.34,-0.06,5.9454193115234375,5.945724010467529,244,0.008003590628504753,0.06555131077766418,-2.0184426307678223,12.6,0.0,100,GUIDED,True,ACTIVE,10,6
2025-08-11T17:20:38.967960,-35.3630322,149.165695,10.018,-2.59,-5.34,-0.06,5.9454193115234375,5.945724010467529,244,0.008003590628504753,0.06555131077766418,-2.0184426307678223,12.6,0.0,100,GUIDED,True,ACTIVE,10,6
2025-08-11T17:20:39.468874,-35.3630379,149.1656806,10.033,-2.48,-5.14,-0.04,5.717141628265381,5.71730375289917,245,0.0022812606766819954,0.10771737992763519,-1.9969605207443237,12.6,0.0,100,GUIDED,True,ACTIVE,10,6
2025-08-11T17:20:39.970045,-35.3630432,149.1656668,10.041,-2.35,-4.87,-0.01,5.416606426239014,5.416640758514404,245,0.004886489361524582,0.12919870018959045,-1.9909948110580444,12.6,0.0,100,GUIDED,True,ACTIVE,10,6
2025-08-11T17:20:40.470899,-35.3630482,149.1656537,10.043,-2.2,-4.57,0.0,5.080165386199951,5.080165863037109,245,0.0012475431431084871,0.13920213282108307,-1.9901580810546875,12.6,0.0,100,GUIDED,True,ACTIVE,10,6
2025-08-11T17:20:40.972082,-35.3630529,149.1656415,10.041,-2.06,-4.25,0.01,4.7282328605651855,4.728271007537842,245,-0.006533517502248287,0.14282795786857605,-1.9907362461090088,12.6,0.0,100,GUIDED,True,ACTIVE,10,6
2025-08-11T17:20:41.472892,-35.3630573,149.1656302,10.035,-1.91,-3.92,0.02,4.371294021606445,4.3713788986206055,245,-0.0014061726396903396,0.14281944930553436,-1.9917142391204834,12.6,0.0,100,GUIDED,True,ACTIVE,10,6
2025-08-11T17:20:41.974415,-35.3630573,149.1656302,10.035,-1.91,-3.92,0.02,4.371294021606445,4.3713788986206055,245,-0.0014061726396903396,0.14281944930553436,-1.9917142391204834,12.6,0.0,100,GUIDED,True,ACTIVE,10,6
2025-08-11T17:20:42.475187,-35.3630613,149.1656197,10.029,-1.76,-3.6,0.02,4.014719486236572,4.014790058135986,245,-0.008016016334295273,0.1416560709476471,-1.993119716644287,12.6,0.0,100,GUIDED,True,ACTIVE,10,6
2025-08-11T17:20:42.976042,-35.3630649,149.1656102,10.023,-1.63,-3.27,0.02,3.6602489948272705,3.660313129425049,245,-0.008878222666680813,0.14118090271949768,-1.9947004318237305,12.6,0.0,100,GUIDED,True,ACTIVE,10,6
2025-08-11T17:20:43.476453,-35.3630683,149.1656016,10.018,-1.48,-2.95,0.01,3.305427074432373,3.3054850101470947,245,-0.0030724694952368736,0.14190149307250977,-1.9959280490875244,12.6,0.0,100,GUIDED,True,ACTIVE,10,6
2025-08-11T17:20:43.977526,-35.3630713,149.1655938,10.014,-1.34,-2.62,0.01,2.945596694946289,2.94563364982605,245,-0.008049984462559223,0.14518249034881592,-1.9969801902770996,12.6,0.0,100,GUIDED,True,ACTIVE,10,6
2025-08-11T17:20:44.477976,-35.3630713,149.1655938,10.014,-1.34,-2.62,0.01,2.945596694946289,2.94563364982605,245,-0.008049984462559223,0.14518249034881592,-1.9969801902770996,12.6,0.0,100,GUIDED,True,ACTIVE,10,6
2025-08-11T17:20:44.978816,-35.363074,149.165587,10.011,-1.19,-2.28,0.0,2.574507713317871,2.574524402618408,245,-0.0038203566800802946,0.1516874134540558,-1.9984347820281982,12.6,0.0,100,GUIDED,True,ACTIVE,10,6
2025-08-11T17:20:45.479494,-35.3630764,149.1655812,10.009,-1.02,-1.92,0.0,2.1818783283233643,2.181887626647949,245,0.0008383666281588376,0.16263948380947113,-1.999645471572876,12.6,0.0,100,GUIDED,True,ACTIVE,10,6
2025-08-11T17:20:45.979948,-35.3630784,149.1655764,10.008,-0.83,-1.54,0.0,1.7549774646759033,1.754982590675354,245,-0.00288248504512012,0.17849856615066528,-2.000415086746216,12.6,0.0,100,GUIDED,True,ACTIVE,10,6
2025-08-11T17:20:46.480811,-35.36308,149.1655726,10.007,-0.64,-1.13,0.0,1.3087804317474365,1.3087849617004395,245,0.002104253740981221,0.17572037875652313,-2.001638889312744,12.6,0.0,100,GUIDED,True,ACTIVE,10,6
2025-08-11T17:20:46.981836,-35.36308,149.1655726,10.007,-0.64,-1.13,0.0,1.3087804317474365,1.3087849617004395,245,0.002104253740981221,0.17572037875652313,-2.001638889312744,12.6,0.0,100,GUIDED,True,ACTIVE,10,6
2025-08-11T17:20:47.483061,-35.3630811,149.16557,10.006,-0.45,-0.77,0.0,0.898759663105011,0.8987769484519958,245,0.005061269272118807,0.15220530331134796,-2.002948045730591,12.6,0.0,100,GUIDED,True,ACTIVE,10,6
2025-08-11T17:20:47.983955,-35.3630819,149.1655683,10.005,-0.31,-0.43,0.0,0.5381090044975281,0.5381283760070801,241,-0.04951203241944313,0.15521667897701263,-2.0718390941619873,12.6,0.0,100,GUIDED,True,ACTIVE,10,6
2025-08-11T17:20:48.485610,-35.3630825,149.1655677,10.004,-0.31,0.09,0.0,0.33290034532546997,0.33294054865837097,234,-0.17077288031578064,0.1942254602909088,-2.1922760009765625,12.6,0.0,100,GUIDED,True,ACTIVE,10,6
2025-08-11T17:20:48.986486,-35.3630832,149.1655688,10.002,-0.39,0.75,0.0,0.8577695488929749,0.8577853441238403,229,-0.2010190635919571,0.17719058692455292,-2.285438060760498,12.6,0.0,100,GUIDED,True,ACTIVE,10,6
2025-08-11T17:20:49.487168,-35.3630832,149.1655688,10.002,-0.39,0.75,0.0,0.8577695488929749,0.8577853441238403,229,-0.2010190635919571,0.17719058692455292,-2.285438060760498,12.6,0.0,100,GUIDED,True,ACTIVE,10,6
2025-08-11T17:20:49.987947,-35.3630842,149.1655718,10.002,-0.49,1.41,0.0,1.497358798980713,1.497359037399292,215,-0.23394227027893066,0.11792207509279251,-2.526336193084717,12.6,0.0,100,GUIDED,True,ACTIVE,10,6
2025-08-11T17:20:50.488955,-35.3630853,149.1655766,10.0,-0.59,2.05,0.0,2.1389822959899902,2.138993263244629,200,-0.2562417685985565,0.05313510447740555,-2.7778501510620117,12.6,0.0,100,GUIDED,True,ACTIVE,10,6
2025-08-11T17:20:50.989841,-35.3630867,149.1655831,9.998,-0.69,2.69,0.01,2.7805705070495605,2.780590295791626,186,-0.259186714887619,-0.014427841641008854,-3.0335779190063477,12.6,0.0,100,GUIDED,True,ACTIVE,10,6
2025-08-11T17:20:51.490599,-35.3630867,149.1655831,9.998,-0.69,2.69,0.01,2.7805705070495605,2.780590295791626,186,-0.259186714887619,-0.014427841641008854,-3.0335779190063477,12.6,0.0,100,GUIDED,True,ACTIVE,10,6
2025-08-11T17:20:51.991974,-35.3630884,149.1655913,9.995,-0.79,3.32,0.0,3.4157252311706543,3.4157369136810303,171,-0.24295717477798462,-0.0794125646352768,2.9910380840301514,12.6,0.0,100,GUIDED,True,ACTIVE,10,6
2025-08-11T17:20:52.492944,-35.3630902,149.1656014,9.992,-0.88,3.94,0.0,4.044032573699951,4.044044494628906,156,-0.2109605073928833,-0.13873201608657837,2.728756904602051,12.6,0.0,100,GUIDED,True,ACTIVE,10,6
2025-08-11T17:20:52.993823,-35.3630923,149.1656131,9.99,-0.98,4.55,0.0,4.663491249084473,4.663496971130371,141,-0.1651216298341751,-0.18781360983848572,2.4630024433135986,12.6,0.0,100,GUIDED,True,ACTIVE,10,6
2025-08-11T17:20:53.494882,-35.3630946,149.1656266,9.987,-1.07,5.16,0.0,5.277200222015381,5.277202606201172,125,-0.10833536088466644,-0.22373925149440765,2.1929221153259277,12.6,0.0,100,GUIDED,True,ACTIVE,10,6
2025-08-11T17:20:53.995618,-35.3630946,149.1656266,9.987,-1.07,5.16,0.0,5.277200222015381,5.277202606201172,125,-0.10833536088466644,-0.22373925149440765,2.1929221153259277,12.6,0.0,100,GUIDED,True,ACTIVE,10,6
2025-08-11T17:20:54.496474,-35.3630971,149.1656417,9.985,-1.17,5.76,0.0,5.888047218322754,5.88804817199707,110,-0.04476317763328552,-0.2443508505821228,1.9225449562072754,12.6,0.0,100,GUIDED,True,ACTIVE,10,6
2025-08-11T17:20:54.997534,-35.3630999,149.1656584,9.982,-1.26,6.37,0.0,6.496667385101318,6.496668338775635,102,-0.015804151073098183,-0.24855151772499084,1.7893006801605225,12.6,0.0,100,GUIDED,True,ACTIVE,10,6
2025-08-11T17:20:55.498805,-35.3631028,149.1656769,9.98,-1.36,6.97,0.0,7.106989860534668,7.106989860534668,100,-0.006714037619531155,-0.25082311034202576,1.7502555847167969,12.6,0.0,100,GUIDED,True,ACTIVE,10,6
2025-08-11T17:20:55.999674,-35.363106,149.165697,9.978,-1.45,7.58,0.0,7.720344543457031,7.720344066619873,99,-0.0006830071797594428,-0.2527438700199127,1.7381693124771118,12.6,0.0,100,GUIDED,True,ACTIVE,10,6
2025-08-11T17:20:56.500512,-35.363106,149.165697,9.978,-1.45,7.58,0.0,7.720344543457031,7.720344066619873,99,-0.0006830071797594428,-0.2527438700199127,1.7381693124771118,12.6,0.0,100,GUIDED,True,ACTIVE,10,6
2025-08-11T17:20:57.001553,-35.3631094,149.1657188,9.976,-1.56,8.18,0.0,8.336493492126465,8.336493492126465,99,0.0036367967259138823,-0.2544058561325073,1.7355455160140991,12.6,0.0,100,GUIDED,True,ACTIVE,10,6
2025-08-11T17:20:57.502368,-35.363113,149.1657422,9.977,-1.66,8.72,-0.03,8.877496719360352,8.8775634765625,99,0.004214143846184015,-0.17140355706214905,1.7363905906677246,12.6,0.0,100,GUIDED,True,ACTIVE,10,6
2025-08-11T17:20:58.003079,-35.3631168,149.1657667,9.992,-1.71,8.93,-0.09,9.096922874450684,9.097463607788086,99,0.0009120223694480956,-0.015095488168299198,1.7391537427902222,12.6,0.0,100,GUIDED,True,ACTIVE,10,6
2025-08-11T17:20:58.503955,-35.3631207,149.1657912,10.019,-1.69,8.83,-0.11,8.997828483581543,8.998547554016113,99,0.0004290300130378455,0.07714422047138214,1.7409780025482178,12.6,0.0,100,GUIDED,True,ACTIVE,10,6
2025-08-11T17:20:59.005080,-35.3631207,149.1657912,10.019,-1.69,8.83,-0.11,8.997828483581543,8.998547554016113,99,0.0004290300130378455,0.07714422047138214,1.7409780025482178,12.6,0.0,100,GUIDED,True,ACTIVE,10,6
2025-08-11T17:20:59.506032,-35.3631245,149.1658153,10.041,-1.66,8.6,-0.07,8.760666847229004,8.76097583770752,99,0.0028589193243533373,0.11333746463060379,1.7420790195465088,12.6,0.0,100,GUIDED,True,ACTIVE,10,6
2025-08-11T17:21:00.006894,-35.3631282,149.1658387,10.052,-1.6,8.3,-0.03,8.462044715881348,8.462100982666016,99,-0.006433450151234865,0.13143350183963776,1.742569923400879,12.6,0.0,100,GUIDED,True,ACTIVE,10,6
2025-08-11T17:21:00.508952,-35.3631318,149.1658611,10.053,-1.54,7.98,0.0,8.134100914001465,8.134100914001465,99,-0.000726572354324162,0.1374645233154297,1.743125557899475,12.6,0.0,100,GUIDED,True,ACTIVE,10,6
2025-08-11T17:21:01.009856,-35.3631353,149.1658827,10.049,-1.48,7.65,0.01,7.797401428222656,7.797426700592041,99,-0.008120231330394745,0.1378496289253235,1.7433764934539795,12.6,0.0,100,GUIDED,True,ACTIVE,10,6
2025-08-11T17:21:01.510725,-35.3631353,149.1658827,10.049,-1.48,7.65,0.01,7.797401428222656,7.797426700592041,99,-0.008120231330394745,0.1378496289253235,1.7433764934539795,12.6,0.0,100,GUIDED,True,ACTIVE,10,6
2025-08-11T17:21:02.012114,-35.3631386,149.1659033,10.041,-1.4,7.32,0.02,7.4632887840271,7.4633402824401855,99,-0.006725667975842953,0.13630978763103485,1.744011640548706,12.6,0.0,100,GUIDED,True,ACTIVE,10,6
2025-08-11T17:21:02.514851,-35.3631418,149.1659231,10.032,-1.35,7.0,0.02,7.133270740509033,7.133327484130859,99,-0.005217189900577068,0.1341991275548935,1.7442827224731445,12.6,0.0,100,GUIDED,True,ACTIVE,10,6
2025-08-11T17:21:03.015869,-35.3631418,149.1659231,10.032,-1.35,7.0,0.02,7.133270740509033,7.133327484130859,99,-0.005217189900577068,0.1341991275548935,1.7442827224731445,12.6,0.0,100,GUIDED,True,ACTIVE,10,6
2025-08-11T17:21:03.516739,-35.3631449,149.165942,10.024,-1.27,6.68,0.02,6.807161808013916,6.807214736938477,99,-0.013261397369205952,0.13213074207305908,1.7447094917297363,12.6,0.0,100,GUIDED,True,ACTIVE,10,6
2025-08-11T17:21:04.018041,-35.3631478,149.1659601,10.018,-1.2,6.37,0.01,6.483954429626465,6.483981132507324,99,-0.006357237230986357,0.13132880628108978,1.7451540231704712,12.6,0.0,100,GUIDED,True,ACTIVE,10,6
2025-08-11T17:21:04.519476,-35.3631505,149.1659773,10.014,-1.14,6.05,0.01,6.162229537963867,6.162240505218506,100,-0.008787513710558414,0.1315733790397644,1.7458598613739014,12.6,0.0,100,GUIDED,True,ACTIVE,10,6
2025-08-11T17:21:05.021221,-35.3631505,149.1659773,10.014,-1.14,6.05,0.01,6.162229537963867,6.162240505218506,100,-0.008787513710558414,0.1315733790397644,1.7458598613739014,12.6,0.0,100,GUIDED,True,ACTIVE,10,6
2025-08-11T17:21:05.521946,-35.3631531,149.1659936,10.011,-1.06,5.74,0.0,5.838777542114258,5.838785648345947,100,-0.010565566830337048,0.13265205919742584,1.746368646621704,12.6,0.0,100,GUIDED,True,ACTIVE,10,6
2025-08-11T17:21:06.022441,-35.3631555,149.166009,10.009,-1.0,5.41,0.0,5.511244297027588,5.51124906539917,100,-0.0035822188947349787,0.1350787729024887,1.7469947338104248,12.6,0.0,100,GUIDED,True,ACTIVE,10,6
2025-08-11T17:21:06.523272,-35.3631578,149.1660236,10.008,-0.93,5.09,0.0,5.177159786224365,5.17716121673584,100,-0.008520427159965038,0.13759058713912964,1.747511386871338,12.6,0.0,100,GUIDED,True,ACTIVE,10,6
2025-08-11T17:21:07.023968,-35.3631599,149.1660372,10.008,-0.86,4.75,0.0,4.835375785827637,4.835376262664795,100,-0.0058587826788425446,0.14069265127182007,1.7483716011047363,12.6,0.0,100,GUIDED,True,ACTIVE,10,6
2025-08-11T17:21:07.524822,-35.3631599,149.1660372,10.008,-0.86,4.75,0.0,4.835375785827637,4.835376262664795,100,-0.0058587826788425446,0.14069265127182007,1.7483716011047363,12.6,0.0,100,GUIDED,True,ACTIVE,10,6
2025-08-11T17:21:08.025745,-35.3631619,149.16605,10.008,-0.8,4.41,0.0,4.48593282699585,4.485933780670166,100,-0.001026155543513596,0.14428170025348663,1.7488759756088257,12.6,0.0,100,GUIDED,True,ACTIVE,10,6
2025-08-11T17:21:08.526418,-35.3631637,149.1660617,10.008,-0.73,4.06,0.0,4.127371788024902,4.127371788024902,100,-0.006602628622204065,0.1481751799583435,1.7493752241134644,12.6,0.0,100,GUIDED,True,ACTIVE,10,6
2025-08-11T17:21:09.027564,-35.3631653,149.1660725,10.008,-0.65,3.7,0.0,3.7587227821350098,3.7587227821350098,100,-0.0012324544368311763,0.15208497643470764,1.7501052618026733,12.6,0.0,100,GUIDED,True,ACTIVE,10,6
2025-08-11T17:21:09.528365,-35.3631668,149.1660822,10.008,-0.6,3.32,0.0,3.3807005882263184,3.3807005882263184,100,0.0006940366583876312,0.15638698637485504,1.7506163120269775,12.6,0.0,100,GUIDED,True,ACTIVE,10,6
2025-08-11T17:21:10.028948,-35.3631668,149.1660822,10.008,-0.6,3.32,0.0,3.3807005882263184,3.3807005882263184,100,0.0006940366583876312,0.15638698637485504,1.7506163120269775,12.6,0.0,100,GUIDED,True,ACTIVE,10,6
2025-08-11T17:21:10.529815,-35.3631681,149.1660909,10.008,-0.52,2.94,0.0,2.990835428237915,2.9908382892608643,100,-0.00427282927557826,0.16142871975898743,1.7513376474380493,12.6,0.0,100,GUIDED,True,ACTIVE,10,6
2025-08-11T17:21:11.030825,-35.3631692,149.1660986,10.008,-0.45,2.54,0.0,2.586019277572632,2.586021900177002,100,0.0018763922853395343,0.16830392181873322,1.7516841888427734,12.6,0.0,100,GUIDED,True,ACTIVE,10,6
2025-08-11T17:21:11.531657,-35.3631702,149.1661051,10.008,-0.38,2.12,0.0,2.159229278564453,2.1592302322387695,100,0.0006849326891824603,0.17872761189937592,1.7522058486938477,12.6,0.0,100,GUIDED,True,ACTIVE,10,6
2025-08-11T17:21:12.032560,-35.363171,149.1661104,10.007,-0.3,1.67,0.0,1.7016806602478027,1.7016850709915161,100,-0.004034742247313261,0.19187408685684204,1.752793550491333,12.6,0.0,100,GUIDED,True,ACTIVE,10,6
2025-08-11T17:21:12.533009,-35.363171,149.1661104,10.007,-0.3,1.67,0.0,1.7016806602478027,1.7016850709915161,100,-0.004034742247313261,0.19187408685684204,1.752793550491333,12.6,0.0,100,GUIDED,True,ACTIVE,10,6
2025-08-11T17:21:13.033940,-35.3631716,149.1661144,10.007,-0.21,1.21,0.0,1.234361171722412,1.234369158744812,100,0.001523153972811997,0.1845470666885376,1.7531423568725586,12.6,0.0,100,GUIDED,True,ACTIVE,10,6
2025-08-11T17:21:13.535960,-35.363172,149.1661172,10.01,-0.1,0.77,-0.05,0.7810220718383789,0.7828662395477295,96,-0.05818646028637886,0.181990385055542,1.6840224266052246,12.6,0.0,100,GUIDED,True,ACTIVE,10,6
2025-08-11T17:21:14.036501,-35.363172,149.1661187,10.053,0.27,0.29,-0.28,0.4058689773082733,0.49566003680229187,82,-0.20363004505634308,0.1504335105419159,1.4474537372589111,12.6,0.0,100,GUIDED,True,ACTIVE,10,6
2025-08-11T17:21:14.536966,-35.3631708,149.166119,10.158,0.8,-0.14,-0.54,0.8196407556533813,0.985572099685669,68,-0.23679031431674957,0.07327635586261749,1.2022626399993896,12.6,0.0,100,GUIDED,True,ACTIVE,10,6
2025-08-11T17:21:15.037983,-35.3631684,149.1661181,10.329,1.34,-0.54,-0.81,1.446611762046814,1.6594412326812744,54,-0.2380484640598297,0.0008843205869197845,0.950161874294281,12.6,0.0,100,GUIDED,True,ACTIVE,10,6
2025-08-11T17:21:15.539090,-35.3631684,149.1661181,10.329,1.34,-0.54,-0.81,1.446611762046814,1.6594412326812744,54,-0.2380484640598297,0.0008843205869197845,0.950161874294281,12.6,0.0,100,GUIDED,True,ACTIVE,10,6
2025-08-11T17:21:16.039943,-35.3631648,149.1661162,10.566,1.86,-0.91,-1.07,2.0798680782318115,2.3421833515167236,39,-0.22419051826000214,-0.06459882855415344,0.693488359451294,12.6,0.0,100,GUIDED,True,ACTIVE,10,6
2025-08-11T17:21:16.540858,-35.3631601,149.1661133,10.87,2.38,-1.26,-1.33,2.703899383544922,3.0157830715179443,24,-0.19548733532428741,-0.12100043147802353,0.4323992133140564,12.6,0.0,100,GUIDED,True,ACTIVE,10,6
2025-08-11T17:21:17.041944,-35.3631542,149.1661093,11.238,2.9,-1.6,-1.58,3.317380428314209,3.6785013675689697,9,-0.1541741043329239,-0.1665029078722,0.16716402769088745,12.6,0.0,100,GUIDED,True,ACTIVE,10,6
2025-08-11T17:21:17.542984,-35.3631472,149.1661044,11.669,3.4,-1.94,-1.83,3.922081232070923,4.332221984863281,354,-0.10295465588569641,-0.19895313680171967,-0.10165175050497055,12.6,0.0,100,GUIDED,True,ACTIVE,10,6
2025-08-11T17:21:18.044319,-35.363139,149.1660986,12.163,3.9,-2.27,-2.08,4.520444393157959,4.979720115661621,338,-0.04568485543131828,-0.21820874512195587,-0.37279805541038513,12.6,0.0,100,GUIDED,True,ACTIVE,10,6
2025-08-11T17:21:18.545470,-35.363139,149.1660986,12.163,3.9,-2.27,-2.08,4.520444393157959,4.979720115661621,338,-0.04568485543131828,-0.21820874512195587,-0.37279805541038513,12.6,0.0,100,GUIDED,True,ACTIVE,10,6
2025-08-11T17:21:19.045939,-35.3631296,149.1660919,12.72,4.4,-2.6,-2.33,5.116698265075684,5.624511241912842,330,-0.014781339094042778,-0.22310833632946014,-0.5220158100128174,12.6,0.0,100,GUIDED,True,ACTIVE,10,6
2025-08-11T17:21:19.546772,-35.3631192,149.1660843,13.329,4.88,-2.92,-2.48,5.6953444480896,6.213704586029053,327,-0.004457307979464531,-0.22958622872829437,-0.5651615858078003,12.6,0.0,100,GUIDED,True,ACTIVE,10,6
2025-08-11T17:21:20.047515,-35.3631077,149.1660758,13.961,5.37,-3.24,-2.52,6.272146224975586,6.762630462646484,326,0.0010707618203014135,-0.2412968873977661,-0.5768916010856628,12.6,0.0,100,GUIDED,True,ACTIVE,10,6
2025-08-11T17:21:20.548134,-35.363095,149.1660664,14.597,5.86,-3.55,-2.53,6.854582786560059,7.3067426681518555,326,0.003801317885518074,-0.23451176285743713,-0.5780944228172302,12.6,0.0,100,GUIDED,True,ACTIVE,10,6
2025-08-11T17:21:21.049583,-35.3630814,149.1660563,15.236,6.24,-3.79,-2.54,7.3093061447143555,7.740393161773682,327,0.0032324364874511957,-0.1475066989660263,-0.5750924944877625,12.6,0.0,100,GUIDED,True,ACTIVE,10,6
2025-08-11T17:21:21.550472,-35.3630814,149.1660563,15.236,6.24,-3.79,-2.54,7.3093061447143555,7.740393161773682,327,0.0032324364874511957,-0.1475066989660263,-0.5750924944877625,12.6,0.0,100,GUIDED,True,ACTIVE,10,6
2025-08-11T17:21:22.050937,-35.363067,149.1660455,15.882,6.46,-3.92,-2.55,7.5603508949279785,7.981543064117432,327,0.0017178356647491455,-0.08142343163490295,-0.5714921951293945,12.6,0.0,100,GUIDED,True,ACTIVE,10,6
2025-08-11T17:21:22.551704,-35.3630524,149.1660346,16.524,6.57,-3.99,-2.54,7.691096782684326,8.102540969848633,327,0.000570009695366025,-0.04808666557073593,-0.5684978365898132,12.6,0.0,100,GUIDED,True,ACTIVE,10,6
2025-08-11T17:21:23.052755,-35.3630375,149.1660235,17.162,6.63,-4.03,-2.52,7.763163089752197,8.164274215698242,327,-0.00041114003397524357,-0.029933979734778404,-0.5657318830490112,12.6,0.0,100,GUIDED,True,ACTIVE,10,6
2025-08-11T17:21:23.553756,-35.3630225,149.1660123,17.794,6.66,-4.05,-2.5,7.80233907699585,8.1946382522583,327,-0.0010041733039543033,-0.020865295082330704,-0.5637544393539429,12.6,0.0,100,GUIDED,True,ACTIVE,10,6
2025-08-11T17:21:24.054781,-35.3630225,149.1660123,17.794,6.66,-4.05,-2.5,7.80233907699585,8.1946382522583,327,-0.0010041733039543033,-0.020865295082330704,-0.5637544393539429,12.6,0.0,100,GUIDED,True,ACTIVE,10,6
2025-08-11T17:21:24.555559,-35.3630074,149.1660011,18.42,6.68,-4.06,-2.48,7.829118728637695,8.214324951171875,327,-0.0017440071096643806,-0.01711251027882099,-0.5618598461151123,12.6,0.0,100,GUIDED,True,ACTIVE,10,6
2025-08-11T17:21:25.056513,-35.3629923,149.1659899,19.042,6.7,-4.08,-2.47,7.849686145782471,8.230469703674316,327,-0.002699455013498664,-0.0159000251442194,-0.5603921413421631,12.6,0.0,100,GUIDED,True,ACTIVE,10,6
2025-08-11T17:21:25.557112,-35.3629771,149.1659786,19.662,6.71,-4.09,-2.46,7.868151664733887,8.246540069580078,327,-0.0031316622626036406,-0.015463119372725487,-0.5590733289718628,12.6,0.0,100,GUIDED,True,ACTIVE,10,6
2025-08-11T17:21:26.057951,-35.3629771,149.1659786,19.662,6.71,-4.09,-2.46,7.868151664733887,8.246540069580078,327,-0.0031316622626036406,-0.015463119372725487,-0.5590733289718628,12.6,0.0,100,GUIDED,True,ACTIVE,10,6
2025-08-11T17:21:26.558851,-35.3629619,149.1659673,20.281,6.73,-4.1,-2.46,7.885907173156738,8.263622283935547,328,-0.0034016247373074293,-0.015662917867302895,-0.5579541325569153,12.6,0.0,100,GUIDED,True,ACTIVE,10,6
2025-08-11T17:21:27.059427,-35.3629467,149.165956,20.901,6.74,-4.12,-2.47,7.904083251953125,8.281609535217285,328,-0.003423802088946104,-0.01601484790444374,-0.5569649934768677,12.6,0.0,100,GUIDED,True,ACTIVE,10,6
2025-08-11T17:21:27.559958,-35.3629315,149.1659446,21.521,6.75,-4.13,-2.47,7.921929836273193,8.300023078918457,328,-0.0033744117245078087,-0.01612680032849312,-0.5561420321464539,12.6,0.0,100,GUIDED,True,ACTIVE,10,6
2025-08-11T17:21:28.060661,-35.3629315,149.1659446,21.521,6.75,-4.13,-2.47,7.921929836273193,8.300023078918457,328,-0.0033744117245078087,-0.01612680032849312,-0.5561420321464539,12.6,0.0,100,GUIDED,True,ACTIVE,10,6
2025-08-11T17:21:28.561349,-35.3629163,149.1659332,22.142,6.76,-4.14,-2.48,7.934726715087891,8.313874244689941,328,-0.0030550011433660984,-0.008502660319209099,-0.5553990602493286,12.6,0.0,100,GUIDED,True,ACTIVE,10,6
2025-08-11T17:21:29.061948,-35.3629011,149.1659218,22.766,6.7,-4.11,-2.5,7.8727617263793945,8.26193904876709,328,-0.003156354185193777,0.04400907829403877,-0.5547436475753784,12.6,0.0,100,GUIDED,True,ACTIVE,10,6
2025-08-11T17:21:29.562807,-35.3628861,149.1659106,23.397,6.55,-4.02,-2.52,7.688763618469238,8.092717170715332,328,-0.0030683171935379505,0.0867016538977623,-0.5543050169944763,12.6,0.0,100,GUIDED,True,ACTIVE,10,6
2025-08-11T17:21:30.063964,-35.3628861,149.1659106,23.397,6.55,-4.02,-2.52,7.688763618469238,8.092717170715332,328,-0.0030683171935379505,0.0867016538977623,-0.5543050169944763,12.6,0.0,100,GUIDED,True,ACTIVE,10,6
2025-08-11T17:21:30.564853,-35.3628716,149.1658997,24.03,6.32,-3.89,-2.51,7.429164886474609,7.8442583084106445,328,-0.002431940520182252,0.10964406281709671,-0.5538631677627563,12.6,0.0,100,GUIDED,True,ACTIVE,10,6
2025-08-11T17:21:31.065775,-35.3628576,149.1658892,24.654,6.07,-3.73,-2.43,7.134032249450684,7.538930416107178,328,-0.0021265035029500723,0.12493284046649933,-0.5534221529960632,12.6,0.0,100,GUIDED,True,ACTIVE,10,6
2025-08-11T17:21:31.566898,-35.3628442,149.1658791,25.25,5.8,-3.57,-2.3,6.816049575805664,7.196427822113037,328,-0.0023083556443452835,0.13568437099456787,-0.5532016754150391,12.6,0.0,100,GUIDED,True,ACTIVE,10,6
2025-08-11T17:21:32.068251,-35.3628442,149.1658791,25.25,5.8,-3.57,-2.3,6.816049575805664,7.196427822113037,328,-0.0023083556443452835,0.13568437099456787,-0.5532016754150391,12.6,0.0,100,GUIDED,True,ACTIVE,10,6
2025-08-11T17:21:32.568966,-35.3628314,149.1658695,25.812,5.52,-3.39,-2.16,6.481986045837402,6.832986354827881,328,-0.0024296760093420744,0.14200104773044586,-0.5529569983482361,12.6,0.0,100,GUIDED,True,ACTIVE,10,6
2025-08-11T17:21:33.069888,-35.3628192,149.1658604,26.335,5.22,-3.21,-2.01,6.137729644775391,6.459721565246582,328,-0.0025725436862558126,0.1457773596048355,-0.5526534914970398,12.6,0.0,100,GUIDED,True,ACTIVE,10,6
2025-08-11T17:21:33.570939,-35.3628078,149.1658519,26.822,4.92,-3.03,-1.87,5.786854267120361,6.081935882568359,328,-0.0026124801952391863,0.1479606181383133,-0.5525078177452087,12.6,0.0,100,GUIDED,True,ACTIVE,10,6
2025-08-11T17:21:34.071942,-35.362797,149.1658438,27.273,4.62,-2.84,-1.73,5.432372570037842,5.702642917633057,328,-0.002866267692297697,0.1491798460483551,-0.5522434115409851,12.6,0.0,100,GUIDED,True,ACTIVE,10,6
2025-08-11T17:21:34.572794,-35.3627869,149.1658362,27.69,4.32,-2.66,-1.6,5.075607776641846,5.322632789611816,328,-0.002648961264640093,0.15002894401550293,-0.5520662069320679,12.6,0.0,100,GUIDED,True,ACTIVE,10,6
2025-08-11T17:21:35.073850,-35.3627775,149.1658292,28.073,4.01,-2.47,-1.47,4.7176361083984375,4.94236946105957,328,-0.0024144668132066727,0.15087184309959412,-0.5518059730529785,12.6,0.0,100,GUIDED,True,ACTIVE,10,6
2025-08-11T17:21:35.574865,-35.3627775,149.1658292,28.073,4.01,-2.47,-1.47,4.7176361083984375,4.94236946105957,328,-0.0024144668132066727,0.15087184309959412,-0.5518059730529785,12.6,0.0,100,GUIDED,True,ACTIVE,10,6
2025-08-11T17:21:36.077219,-35.3627688,149.1658226,28.424,3.7,-2.28,-1.34,4.357645034790039,4.560455322265625,328,-0.0021778298541903496,0.15232954919338226,-0.551666259765625,12.6,0.0,100,GUIDED,True,ACTIVE,10,6
2025-08-11T17:21:36.578953,-35.3627607,149.1658166,28.742,3.39,-2.09,-1.21,3.9942739009857178,4.17514181137085,328,-0.0019811640959233046,0.15444397926330566,-0.5514111518859863,12.6,0.0,100,GUIDED,True,ACTIVE,10,6
2025-08-11T17:21:37.079825,-35.3627534,149.1658111,29.028,3.08,-1.9,-1.08,3.624807119369507,3.783405303955078,328,-0.001731463591568172,0.1574469804763794,-0.551287829875946,12.6,0.0,100,GUIDED,True,ACTIVE,10,6
2025-08-11T17:21:37.580973,-35.3627468,149.1658061,29.28,2.76,-1.71,-0.95,3.2494890689849854,3.385634183883667,328,-0.0012216194299980998,0.1615869253873825,-0.5511316657066345,12.6,0.0,100,GUIDED,True,ACTIVE,10,6
2025-08-11T17:21:38.082531,-35.3627468,149.1658061,29.28,2.76,-1.71,-0.95,3.2494890689849854,3.385634183883667,328,-0.0012216194299980998,0.1615869253873825,-0.5511316657066345,12.6,0.0,100,GUIDED,True,ACTIVE,10,6
2025-08-11T17:21:38.583227,-35.3627409,149.1658017,29.497,2.43,-1.5,-0.81,2.863363742828369,2.976672649383545,328,-0.0011116564273834229,0.16754257678985596,-0.5509299635887146,12.6,0.0,100,GUIDED,True,ACTIVE,10,6
2025-08-11T17:21:39.084145,-35.3627358,149.1657978,29.68,2.09,-1.29,-0.67,2.4618377685546875,2.5520384311676025,328,-0.0009755428764037788,0.17592070996761322,-0.5507342219352722,12.6,0.0,100,GUIDED,True,ACTIVE,10,6
2025-08-11T17:21:39.585794,-35.3627315,149.1657946,29.826,1.73,-1.07,-0.52,2.0364890098571777,2.103184461593628,328,-0.0006382025894708931,0.18992240726947784,-0.5506676435470581,12.6,0.0,100,GUIDED,True,ACTIVE,10,6
2025-08-11T17:21:40.086598,-35.362728,149.1657919,29.934,1.34,-0.83,-0.36,1.579931378364563,1.6219463348388672,328,9.227891860064119e-05,0.20125897228717804,-0.5504722595214844,12.6,0.0,100,GUIDED,True,ACTIVE,10,6
2025-08-11T17:21:40.586983,-35.362728,149.1657919,29.934,1.34,-0.83,-0.36,1.579931378364563,1.6219463348388672,328,9.227891860064119e-05,0.20125897228717804,-0.5504722595214844,12.6,0.0,100,GUIDED,True,ACTIVE,10,6
2025-08-11T17:21:41.088084,-35.3627254,149.16579,29.999,0.95,-0.59,-0.18,1.128350019454956,1.1439549922943115,328,0.0001535200426587835,0.18950681388378143,-0.5503904819488525,12.6,0.0,100,GUIDED,True,ACTIVE,10,6
2025-08-11T17:21:41.588944,-35.3627237,149.1657886,30.022,0.58,-0.43,-0.04,0.7238027453422546,0.7250645756721497,322,-0.08243405073881149,0.1523580700159073,-0.6519966721534729,12.6,0.0,100,GUIDED,True,ACTIVE,10,6
2025-08-11T17:21:42.089862,-35.3627228,149.1657873,30.02,0.13,-0.54,0.01,0.558935284614563,0.5592341423034668,309,-0.22793306410312653,0.034422002732753754,-0.8805009722709656,12.6,0.0,100,GUIDED,True,ACTIVE,10,6
2025-08-11T17:21:42.590264,-35.3627231,149.1657852,30.008,-0.35,-0.98,0.03,1.0427988767623901,1.0434458255767822,296,-0.266292542219162,-0.10510510206222534,-1.108461618423462,12.6,0.0,100,GUIDED,True,ACTIVE,10,6
2025-08-11T17:21:43.090975,-35.3627231,149.1657852,30.008,-0.35,-0.98,0.03,1.0427988767623901,1.0434458255767822,296,-0.266292542219162,-0.10510510206222534,-1.108461618423462,12.6,0.0,100,GUIDED,True,ACTIVE,10,6
2025-08-11T17:21:43.592010,-35.3627244,149.1657817,29.995,-0.82,-1.52,0.03,1.7316761016845703,1.732039213180542,281,-0.2247954159975052,-0.17167146503925323,-1.3634964227676392,12.6,0.0,100,GUIDED,True,ACTIVE,10,6
2025-08-11T17:21:44.092966,-35.3627267,149.1657767,29.983,-1.28,-2.04,0.02,2.416440486907959,2.416555881500244,266,-0.16570024192333221,-0.21573881804943085,-1.628387451171875,12.6,0.0,100,GUIDED,True,ACTIVE,10,6
2025-08-11T17:21:44.593981,-35.36273,149.1657704,29.976,-1.72,-2.55,0.0,3.0781424045562744,3.0781493186950684,251,-0.09523159265518188,-0.2431715428829193,-1.8998451232910156,12.6,0.0,100,GUIDED,True,ACTIVE,10,6
2025-08-11T17:21:45.095100,-35.36273,149.1657704,29.976,-1.72,-2.55,0.0,3.0781424045562744,3.0781493186950684,251,-0.09523159265518188,-0.2431715428829193,-1.8998451232910156,12.6,0.0,100,GUIDED,True,ACTIVE,10,6
2025-08-11T17:21:45.598391,-35.3627344,149.1657627,29.973,-2.13,-3.04,0.0,3.717364549636841,3.7173707485198975,238,-0.03692431375384331,-0.25019803643226624,-2.116208791732788,12.6,0.0,100,GUIDED,True,ACTIVE,10,6
2025-08-11T17:21:46.100012,-35.3627396,149.1657537,29.972,-2.53,-3.52,-0.01,4.337856769561768,4.337874889373779,234,-0.01621834747493267,-0.24758930504322052,-2.1921019554138184,12.6,0.0,100,GUIDED,True,ACTIVE,10,6
2025-08-11T17:21:46.601346,-35.3627396,149.1657537,29.972,-2.53,-3.52,-0.01,4.337856769561768,4.337874889373779,234,-0.01621834747493267,-0.24758930504322052,-2.1921019554138184,12.6,0.0,100,GUIDED,True,ACTIVE,10,6
2025-08-11T17:21:47.102827,-35.3627458,149.1657433,29.973,-2.92,-3.99,-0.01,4.948097229003906,4.948134899139404,232,-0.00913726631551981,-0.2450929880142212,-2.221282482147217,12.6,0.0,100,GUIDED,True,ACTIVE,10,6
2025-08-11T17:21:47.603639,-35.3627528,149.1657317,29.975,-3.3,-4.45,-0.02,5.5498528480529785,5.549889087677002,232,-0.005428951233625412,-0.24418844282627106,-2.2341670989990234,12.6,0.0,100,GUIDED,True,ACTIVE,10,6
2025-08-11T17:21:48.105206,-35.3627607,149.1657188,29.977,-3.68,-4.92,-0.01,6.148658275604248,6.148680210113525,231,-0.002013592282310128,-0.24442334473133087,-2.239657163619995,12.6,0.0,100,GUIDED,True,ACTIVE,10,6
2025-08-11T17:21:48.606060,-35.3627695,149.1657046,29.978,-4.06,-5.39,-0.01,6.748533248901367,6.748550891876221,231,0.0014170482754707336,-0.24603652954101562,-2.2419209480285645,12.6,0.0,100,GUIDED,True,ACTIVE,10,6
2025-08-11T17:21:49.107299,-35.3627695,149.1657046,29.978,-4.06,-5.39,-0.01,6.748533248901367,6.748550891876221,231,0.0014170482754707336,-0.24603652954101562,-2.2419209480285645,12.6,0.0,100,GUIDED,True,ACTIVE,10,6
2025-08-11T17:21:49.608842,-35.362779,149.1656891,29.98,-4.43,-5.86,-0.01,7.3504157066345215,7.350425720214844,231,0.003614980261772871,-0.24809564650058746,-2.242715835571289,12.6,0.0,100,GUIDED,True,ACTIVE,10,6
2025-08-11T17:21:50.112607,-35.3627895,149.1656723,29.98,-4.8,-6.34,0.0,7.956838607788086,7.956844806671143,231,0.003982291091233492,-0.2511101961135864,-2.242495059967041,12.6,0.0,100,GUIDED,True,ACTIVE,10,6
2025-08-11T17:21:50.614571,-35.3628007,149.1656542,29.981,-5.17,-6.81,-0.01,8.552884101867676,8.552898406982422,231,0.0031744642183184624,-0.22749114036560059,-2.241452217102051,12.6,0.0,100,GUIDED,True,ACTIVE,10,6
2025-08-11T17:21:51.116664,-35.3628127,149.1656349,29.99,-5.41,-7.11,-0.07,8.942482948303223,8.942770957946777,231,0.00168078753631562,-0.08725135773420334,-2.239896297454834,12.6,0.0,100,GUIDED,True,ACTIVE,10,6
2025-08-11T17:21:51.618277,-35.3628127,149.1656349,29.99,-5.41,-7.11,-0.07,8.942482948303223,8.942770957946777,231,0.00168078753631562,-0.08725135773420334,-2.239896297454834,12.6,0.0,100,GUIDED,True,ACTIVE,10,6
2025-08-11T17:21:52.120954,-35.3628249,149.1656153,30.013,-5.43,-7.13,-0.11,8.969908714294434,8.970647811889648,231,0.0004606483562383801,0.045895662158727646,-2.238788366317749,12.6,0.0,100,GUIDED,True,ACTIVE,10,6
2025-08-11T17:21:52.622810,-35.3628371,149.1655957,30.039,-5.31,-6.98,-0.09,8.779646873474121,8.780134201049805,231,-0.005554105620831251,0.09948207437992096,-2.237999439239502,12.6,0.0,100,GUIDED,True,ACTIVE,10,6
2025-08-11T17:21:53.123955,-35.3628371,149.1655957,30.039,-5.31,-6.98,-0.09,8.779646873474121,8.780134201049805,231,-0.005554105620831251,0.09948207437992096,-2.237999439239502,12.6,0.0,100,GUIDED,True,ACTIVE,10,6
2025-08-11T17:21:53.626016,-35.3628489,149.1655768,30.056,-5.16,-6.75,-0.04,8.50585651397705,8.505990982055664,231,-0.003943072631955147,0.12426378577947617,-2.2376842498779297,12.6,0.0,100,GUIDED,True,ACTIVE,10,6
2025-08-11T17:21:54.127020,-35.3628604,149.1655584,30.062,-4.96,-6.51,0.0,8.18954849243164,8.18955135345459,231,-0.0009011229849420488,0.13650178909301758,-2.2371556758880615,12.6,0.0,100,GUIDED,True,ACTIVE,10,6
2025-08-11T17:21:54.628837,-35.3628714,149.1655408,30.059,-4.77,-6.23,0.02,7.853661060333252,7.853687763214111,231,-0.00827671680599451,0.1399889886379242,-2.2369494438171387,12.6,0.0,100,GUIDED,True,ACTIVE,10,6
2025-08-11T17:21:55.131679,-35.3628714,149.1655408,30.059,-4.77,-6.23,0.02,7.853661060333252,7.853687763214111,231,-0.00827671680599451,0.1399889886379242,-2.2369494438171387,12.6,0.0,100,GUIDED,True,ACTIVE,10,6
2025-08-11T17:21:55.635579,-35.3628819,149.165524,30.052,-4.56,-5.96,0.03,7.514339923858643,7.514412879943848,231,-0.00011919662210857496,0.1389840990304947,-2.23663330078125,12.6,0.0,100,GUIDED,True,ACTIVE,10,6
2025-08-11T17:21:56.136101,-35.362892,149.1655078,30.043,-4.36,-5.69,0.03,7.177744388580322,7.177821159362793,231,-0.006029907148331404,0.13626952469348907,-2.2364683151245117,12.6,0.0,100,GUIDED,True,ACTIVE,10,6
2025-08-11T17:21:56.636989,-35.3629016,149.1654924,30.034,-4.17,-5.42,0.03,6.847230434417725,6.847315311431885,231,-0.004743888042867184,0.13341934978961945,-2.2359983921051025,12.6,0.0,100,GUIDED,True,ACTIVE,10,6
2025-08-11T17:21:57.138570,-35.3629016,149.1654924,30.034,-4.17,-5.42,0.03,6.847230434417725,6.847315311431885,231,-0.004743888042867184,0.13341934978961945,-2.2359983921051025,12.6,0.0,100,GUIDED,True,ACTIVE,10,6
2025-08-11T17:21:57.642481,-35.3629108,149.1654778,30.027,-3.97,-5.17,0.02,6.522400856018066,6.522459983825684,231,-0.0016691015334799886,0.13140828907489777,-2.2357375621795654,12.6,0.0,100,GUIDED,True,ACTIVE,10,6
2025-08-11T17:21:58.143838,-35.3629195,149.1654638,30.021,-3.78,-4.91,0.02,6.201477527618408,6.201525688171387,231,-0.00835096649825573,0.13054496049880981,-2.2354018688201904,12.6,0.0,100,GUIDED,True,ACTIVE,10,6
2025-08-11T17:21:58.645166,-35.3629278,149.1654505,30.018,-3.59,-4.65,0.01,5.880354881286621,5.880377769470215,231,0.00021818246750626713,0.13128136098384857,-2.2349393367767334,12.6,0.0,100,GUIDED,True,ACTIVE,10,6
2025-08-11T17:21:59.146175,-35.3629278,149.1654505,30.018,-3.59,-4.65,0.01,5.880354881286621,5.880377769470215,231,0.00021818246750626713,0.13128136098384857,-2.2349393367767334,12.6,0.0,100,GUIDED,True,ACTIVE,10,6
2025-08-11T17:21:59.647788,-35.3629357,149.165438,30.016,-3.39,-4.4,0.01,5.556152820587158,5.556162357330322,231,-0.004901171196252108,0.13291487097740173,-2.234604597091675,12.6,0.0,100,GUIDED,True,ACTIVE,10,6
2025-08-11T17:22:00.149953,-35.3629431,149.1654262,30.015,-3.2,-4.13,0.0,5.2267045974731445,5.226711750030518,231,-0.0035298746079206467,0.13527655601501465,-2.2343218326568604,12.6,0.0,100,GUIDED,True,ACTIVE,10,6
2025-08-11T17:22:00.651204,-35.3629501,149.1654151,30.015,-2.98,-3.87,0.0,4.890988826751709,4.890994548797607,232,0.0010388047667220235,0.1381160169839859,-2.2338497638702393,12.6,0.0,100,GUIDED,True,ACTIVE,10,6
2025-08-11T17:22:01.152064,-35.3629501,149.1654151,30.015,-2.98,-3.87,0.0,4.890988826751709,4.890994548797607,232,0.0010388047667220235,0.1381160169839859,-2.2338497638702393,12.6,0.0,100,GUIDED,True,ACTIVE,10,6
2025-08-11T17:22:01.653217,-35.3629566,149.1654048,30.015,-2.78,-3.59,0.0,4.548213005065918,4.5482177734375,232,-0.004870907869189978,0.1407065987586975,-2.2335851192474365,12.6,0.0,100,GUIDED,True,ACTIVE,10,6
2025-08-11T17:22:02.154715,-35.3629626,149.1653952,30.016,-2.57,-3.31,0.0,4.198558807373047,4.19856595993042,232,0.0004140885139349848,0.14439035952091217,-2.2330057621002197,12.6,0.0,100,GUIDED,True,ACTIVE,10,6
2025-08-11T17:22:02.655987,-35.3629681,149.1653864,30.016,-2.34,-3.03,0.0,3.838623523712158,3.8386306762695312,232,0.0010328864445909858,0.1486649364233017,-2.232675075531006,12.6,0.0,100,GUIDED,True,ACTIVE,10,6
2025-08-11T17:22:03.156959,-35.3629681,149.1653864,30.016,-2.34,-3.03,0.0,3.838623523712158,3.8386306762695312,232,0.0010328864445909858,0.1486649364233017,-2.232675075531006,12.6,0.0,100,GUIDED,True,ACTIVE,10,6
2025-08-11T17:22:03.658008,-35.3629732,149.1653785,30.016,-2.12,-2.74,0.01,3.4684271812438965,3.468441963195801,232,-0.00374460662715137,0.15369422733783722,-2.23232102394104,12.6,0.0,100,GUIDED,True,ACTIVE,10,6
2025-08-11T17:22:04.158842,-35.3629777,149.1653713,30.016,-1.88,-2.43,0.01,3.0843658447265625,3.0843851566314697,232,0.003399909706786275,0.15941861271858215,-2.2319345474243164,12.6,0.0,100,GUIDED,True,ACTIVE,10,6
2025-08-11T17:22:04.661943,-35.3629817,149.165365,30.015,-1.63,-2.12,0.0,2.683832883834839,2.6838443279266357,232,0.0007515092729590833,0.1671929657459259,-2.231768846511841,12.6,0.0,100,GUIDED,True,ACTIVE,10,6
2025-08-11T17:22:05.162897,-35.3629851,149.1653596,30.015,-1.38,-1.78,0.01,2.2622640132904053,2.2622885704040527,232,-0.001454510958865285,0.17761291563510895,-2.231369972229004,12.6,0.0,100,GUIDED,True,ACTIVE,10,6
2025-08-11T17:22:05.664205,-35.3629851,149.1653596,30.015,-1.38,-1.78,0.01,2.2622640132904053,2.2622885704040527,232,-0.001454510958865285,0.17761291563510895,-2.231369972229004,12.6,0.0,100,GUIDED,True,ACTIVE,10,6
2025-08-11T17:22:06.165570,-35.362988,149.1653551,30.015,-1.1,-1.43,0.01,1.8081587553024292,1.8081921339035034,232,0.004307519178837538,0.19232165813446045,-2.2310068607330322,12.6,0.0,100,GUIDED,True,ACTIVE,10,6
2025-08-11T17:22:06.667029,-35.3629902,149.1653516,30.014,-0.8,-1.06,0.0,1.3341147899627686,1.3341431617736816,232,0.00020733596466016024,0.18993040919303894,-2.2308034896850586,12.6,0.0,100,GUIDED,True,ACTIVE,10,6
2025-08-11T17:22:07.168160,-35.3629902,149.1653516,30.014,-0.8,-1.06,0.0,1.3341147899627686,1.3341431617736816,232,0.00020733596466016024,0.18993040919303894,-2.2308034896850586,12.6,0.0,100,GUIDED,True,ACTIVE,10,6
2025-08-11T17:22:07.669005,-35.3629918,149.1653492,30.014,-0.57,-0.65,0.01,0.8768561482429504,0.8769612908363342,226,-0.08684755116701126,0.18221038579940796,-2.331526041030884,12.6,0.0,100,GUIDED,True,ACTIVE,10,6
2025-08-11T17:22:08.170700,-35.3629931,149.1653481,30.013,-0.55,-0.08,0.01,0.558129072189331,0.5583088397979736,212,-0.23461481928825378,0.11584097892045975,-2.5688397884368896,12.6,0.0,100,GUIDED,True,ACTIVE,10,6
2025-08-11T17:22:08.672325,-35.3629945,149.1653487,30.011,-0.68,0.57,0.01,0.8929997086524963,0.893078088760376,198,-0.2705736756324768,0.028559338301420212,-2.8132033348083496,12.6,0.0,100,GUIDED,True,ACTIVE,10,6
2025-08-11T17:22:09.174478,-35.3629945,149.1653487,30.011,-0.68,0.57,0.01,0.8929997086524963,0.893078088760376,198,-0.2705736756324768,0.028559338301420212,-2.8132033348083496,12.6,0.0,100,GUIDED,True,ACTIVE,10,6
2025-08-11T17:22:09.674967,-35.3629963,149.1653511,30.009,-0.85,1.23,0.01,1.4968290328979492,1.4969104528427124,184,-0.26732683181762695,-0.0486740916967392,-3.0635876655578613,12.6,0.0,100,GUIDED,True,ACTIVE,10,6
2025-08-11T17:22:10.175745,-35.3629984,149.1653554,30.007,-1.02,1.87,0.02,2.140810489654541,2.1409106254577637,169,-0.2394494116306305,-0.11883261799812317,2.963407516479492,12.6,0.0,100,GUIDED,True,ACTIVE,10,6
2025-08-11T17:22:10.676653,-35.363001,149.1653614,30.003,-1.21,2.5,0.02,2.7823500633239746,2.7824323177337646,154,-0.19061830639839172,-0.17595930397510529,2.7022693157196045,12.6,0.0,100,GUIDED,True,ACTIVE,10,6
2025-08-11T17:22:11.178130,-35.363001,149.1653614,30.003,-1.21,2.5,0.02,2.7823500633239746,2.7824323177337646,154,-0.19061830639839172,-0.17595930397510529,2.7022693157196045,12.6,0.0,100,GUIDED,True,ACTIVE,10,6
2025-08-11T17:22:11.679050,-35.3630039,149.1653691,29.999,-1.4,3.1,0.01,3.413355588912964,3.413407325744629,139,-0.13156729936599731,-0.21726499497890472,2.434563636779785,12.6,0.0,100,GUIDED,True,ACTIVE,10,6
2025-08-11T17:22:12.180045,-35.3630073,149.1653785,29.996,-1.6,3.7,0.01,4.036874771118164,4.036893367767334,123,-0.06819355487823486,-0.24070517718791962,2.163026809692383,12.6,0.0,100,GUIDED,True,ACTIVE,10,6
2025-08-11T17:22:12.681004,-35.3630111,149.1653896,29.993,-1.79,4.29,0.01,4.64990234375,4.649919509887695,114,-0.030199818313121796,-0.2454633265733719,1.9981555938720703,12.6,0.0,100,GUIDED,True,ACTIVE,10,6
2025-08-11T17:22:13.182084,-35.3630153,149.1654022,29.991,-1.97,4.87,0.0,5.257463455200195,5.257471561431885,111,-0.015220923349261284,-0.2452860027551651,1.9461643695831299,12.6,0.0,100,GUIDED,True,ACTIVE,10,6
2025-08-11T17:22:13.683901,-35.3630153,149.1654022,29.991,-1.97,4.87,0.0,5.257463455200195,5.257471561431885,111,-0.015220923349261284,-0.2452860027551651,1.9461643695831299,12.6,0.0,100,GUIDED,True,ACTIVE,10,6
2025-08-11T17:22:14.184965,-35.3630153,149.1654022,29.991,-1.97,4.87,0.0,5.257463455200195,5.257471561431885,111,-0.015220923349261284,-0.2452860027551651,1.9461643695831299,12.6,0.0,100,GUIDED,True,ACTIVE,10,6
2025-08-11T17:22:14.686787,-35.36302,149.1654165,29.988,-2.16,5.44,0.0,5.8624491691589355,5.862451076507568,110,-0.004873691592365503,-0.2453470230102539,1.9270906448364258,12.6,0.0,100,GUIDED,True,ACTIVE,10,6
2025-08-11T17:22:15.188347,-35.36302,149.1654165,29.988,-2.16,5.44,0.0,5.8624491691589355,5.862451076507568,110,-0.004873691592365503,-0.2453470230102539,1.9270906448364258,12.6,0.0,100,GUIDED,True,ACTIVE,10,6
2025-08-11T17:22:15.689596,-35.3630251,149.1654323,29.987,-2.36,6.01,0.0,6.4666748046875,6.466675281524658,109,0.001041415031068027,-0.24570375680923462,1.9198299646377563,12.6,0.0,100,GUIDED,True,ACTIVE,10,6
2025-08-11T17:22:16.190485,-35.3630251,149.1654323,29.987,-2.36,6.01,0.0,6.4666748046875,6.466675281524658,109,0.001041415031068027,-0.24570375680923462,1.9198299646377563,12.6,0.0,100,GUIDED,True,ACTIVE,10,6
2025-08-11T17:22:16.690956,-35.3630307,149.1654497,29.985,-2.57,6.58,0.0,7.070467472076416,7.070467948913574,109,0.0038988685701042414,-0.24727214872837067,1.9174587726593018,12.6,0.0,100,GUIDED,True,ACTIVE,10,6
2025-08-11T17:22:17.192268,-35.3630307,149.1654497,29.985,-2.57,6.58,0.0,7.070467472076416,7.070467948913574,109,0.0038988685701042414,-0.24727214872837067,1.9174587726593018,12.6,0.0,100,GUIDED,True,ACTIVE,10,6
2025-08-11T17:22:17.693850,-35.3630367,149.1654687,29.984,-2.79,7.15,0.0,7.677615642547607,7.677615642547607,109,0.004507196601480246,-0.2489391267299652,1.9174280166625977,12.6,0.0,100,GUIDED,True,ACTIVE,10,6
2025-08-11T17:22:18.194811,-35.3630367,149.1654687,29.984,-2.79,7.15,0.0,7.677615642547607,7.677615642547607,109,0.004507196601480246,-0.2489391267299652,1.9174280166625977,12.6,0.0,100,GUIDED,True,ACTIVE,10,6
2025-08-11T17:22:18.695975,-35.3630433,149.1654893,29.983,-3.0,7.72,0.0,8.288183212280273,8.288183212280273,109,0.004945430904626846,-0.251407653093338,1.9183521270751953,12.6,0.0,100,GUIDED,True,ACTIVE,10,6
2025-08-11T17:22:19.196970,-35.3630433,149.1654893,29.983,-3.0,7.72,0.0,8.288183212280273,8.288183212280273,109,0.004945430904626846,-0.251407653093338,1.9183521270751953,12.6,0.0,100,GUIDED,True,ACTIVE,10,6
2025-08-11T17:22:19.697974,-35.3630503,149.1655114,29.982,-3.22,8.28,0.0,8.886406898498535,8.886409759521484,110,0.004132832400500774,-0.22637009620666504,1.9202536344528198,12.6,0.0,100,GUIDED,True,ACTIVE,10,6
2025-08-11T17:22:20.199948,-35.3630503,149.1655114,29.982,-3.22,8.28,0.0,8.886406898498535,8.886409759521484,110,0.004132832400500774,-0.22637009620666504,1.9202536344528198,12.6,0.0,100,GUIDED,True,ACTIVE,10,6
2025-08-11T17:22:20.700862,-35.3630577,149.1655349,29.989,-3.36,8.64,-0.06,9.274487495422363,9.274736404418945,110,0.002649641130119562,-0.08455164730548859,1.9225441217422485,12.6,0.0,100,GUIDED,True,ACTIVE,10,6
2025-08-11T17:22:21.202013,-35.3630577,149.1655349,29.989,-3.36,8.64,-0.06,9.274487495422363,9.274736404418945,110,0.002649641130119562,-0.08455164730548859,1.9225441217422485,12.6,0.0,100,GUIDED,True,ACTIVE,10,6
2025-08-11T17:22:21.703181,-35.3630653,149.1655589,30.012,-3.37,8.66,-0.11,9.298251152038574,9.298991203308105,110,0.000545373244676739,0.048280585557222366,1.9241207838058472,12.6,0.0,100,GUIDED,True,ACTIVE,10,6
2025-08-11T17:22:22.204974,-35.3630653,149.1655589,30.012,-3.37,8.66,-0.11,9.298251152038574,9.298991203308105,110,0.000545373244676739,0.048280585557222366,1.9241207838058472,12.6,0.0,100,GUIDED,True,ACTIVE,10,6
2025-08-11T17:22:22.705961,-35.3630653,149.1655589,30.012,-3.37,8.66,-0.11,9.298251152038574,9.298991203308105,110,0.000545373244676739,0.048280585557222366,1.9241207838058472,12.6,0.0,100,GUIDED,True,ACTIVE,10,6
2025-08-11T17:22:23.207227,-35.3630728,149.1655827,30.038,-3.3,8.48,-0.09,9.107728958129883,9.108217239379883,110,-0.00564965233206749,0.10156704485416412,1.9251419305801392,12.6,0.0,100,GUIDED,True,ACTIVE,10,6
2025-08-11T17:22:23.708352,-35.3630728,149.1655827,30.038,-3.3,8.48,-0.09,9.107728958129883,9.108217239379883,110,-0.00564965233206749,0.10156704485416412,1.9251419305801392,12.6,0.0,100,GUIDED,True,ACTIVE,10,6
2025-08-11T17:22:24.209488,-35.3630802,149.1656058,30.054,-3.19,8.23,-0.05,8.831998825073242,8.832146644592285,110,-0.004298550076782703,0.12687693536281586,1.9256527423858643,12.6,0.0,100,GUIDED,True,ACTIVE,10,6
2025-08-11T17:22:24.709959,-35.3630802,149.1656058,30.054,-3.19,8.23,-0.05,8.831998825073242,8.832146644592285,110,-0.004298550076782703,0.12687693536281586,1.9256527423858643,12.6,0.0,100,GUIDED,True,ACTIVE,10,6
2025-08-11T17:22:25.210932,-35.3630873,149.1656283,30.059,-3.08,7.93,0.0,8.514054298400879,8.514058113098145,110,-0.0005538405384868383,0.13966180384159088,1.926068902015686,12.6,0.0,100,GUIDED,True,ACTIVE,10,6
2025-08-11T17:22:25.712069,-35.3630873,149.1656283,30.059,-3.08,7.93,0.0,8.514054298400879,8.514058113098145,110,-0.0005538405384868383,0.13966180384159088,1.926068902015686,12.6,0.0,100,GUIDED,True,ACTIVE,10,6
2025-08-11T17:22:26.212971,-35.3630941,149.1656498,30.056,-2.95,7.62,0.01,8.17563533782959,8.1756591796875,110,-0.009262846782803535,0.14327040314674377,1.9264180660247803,12.6,0.0,100,GUIDED,True,ACTIVE,10,6
2025-08-11T17:22:26.714255,-35.3630941,149.1656498,30.056,-2.95,7.62,0.01,8.17563533782959,8.1756591796875,110,-0.009262846782803535,0.14327040314674377,1.9264180660247803,12.6,0.0,100,GUIDED,True,ACTIVE,10,6
2025-08-11T17:22:27.214999,-35.3631007,149.1656705,30.049,-2.82,7.3,0.03,7.8327531814575195,7.832817077636719,110,-0.0022100494243204594,0.14174111187458038,1.9267855882644653,12.6,0.0,100,GUIDED,True,ACTIVE,10,6
2025-08-11T17:22:27.717801,-35.3631007,149.1656705,30.049,-2.82,7.3,0.03,7.8327531814575195,7.832817077636719,110,-0.0022100494243204594,0.14174111187458038,1.9267855882644653,12.6,0.0,100,GUIDED,True,ACTIVE,10,6
2025-08-11T17:22:28.219156,-35.3631007,149.1656705,30.049,-2.82,7.3,0.03,7.8327531814575195,7.832817077636719,110,-0.0022100494243204594,0.14174111187458038,1.9267855882644653,12.6,0.0,100,GUIDED,True,ACTIVE,10,6
2025-08-11T17:22:28.720043,-35.363107,149.1656904,30.04,-2.7,6.98,0.03,7.49412202835083,7.494189739227295,110,-0.005794663913547993,0.13842029869556427,1.9270213842391968,12.6,0.0,100,GUIDED,True,ACTIVE,10,6
2025-08-11T17:22:29.222035,-35.363107,149.1656904,30.04,-2.7,6.98,0.03,7.49412202835083,7.494189739227295,110,-0.005794663913547993,0.13842029869556427,1.9270213842391968,12.6,0.0,100,GUIDED,True,ACTIVE,10,6
2025-08-11T17:22:29.724044,-35.363113,149.1657093,30.031,-2.57,6.68,0.03,7.162791728973389,7.162863731384277,110,-0.007139222696423531,0.13477808237075806,1.9275507926940918,12.6,0.0,100,GUIDED,True,ACTIVE,10,6
2025-08-11T17:22:30.228042,-35.363113,149.1657093,30.031,-2.57,6.68,0.03,7.162791728973389,7.162863731384277,110,-0.007139222696423531,0.13477808237075806,1.9275507926940918,12.6,0.0,100,GUIDED,True,ACTIVE,10,6
2025-08-11T17:22:30.731976,-35.3631187,149.1657275,30.024,-2.45,6.38,0.02,6.838188648223877,6.838237762451172,110,-0.0015136458678171039,0.13202378153800964,1.9281556606292725,12.6,0.0,100,GUIDED,True,ACTIVE,10,6
2025-08-11T17:22:31.233051,-35.3631187,149.1657275,30.024,-2.45,6.38,0.02,6.838188648223877,6.838237762451172,110,-0.0015136458678171039,0.13202378153800964,1.9281556606292725,12.6,0.0,100,GUIDED,True,ACTIVE,10,6
2025-08-11T17:22:31.734222,-35.3631242,149.1657448,30.018,-2.34,6.08,0.01,6.518888473510742,6.51891565322876,110,-0.007361701689660549,0.13036423921585083,1.9285626411437988,12.6,0.0,100,GUIDED,True,ACTIVE,10,6
2025-08-11T17:22:32.234998,-35.3631242,149.1657448,30.018,-2.34,6.08,0.01,6.518888473510742,6.51891565322876,110,-0.007361701689660549,0.13036423921585083,1.9285626411437988,12.6,0.0,100,GUIDED,True,ACTIVE,10,6
2025-08-11T17:22:32.737621,-35.3631293,149.1657612,30.014,-2.21,5.79,0.01,6.202136039733887,6.202153205871582,110,-0.005358508322387934,0.13053405284881592,1.9289426803588867,12.6,0.0,100,GUIDED,True,ACTIVE,10,6
2025-08-11T17:22:33.239036,-35.3631293,149.1657612,30.014,-2.21,5.79,0.01,6.202136039733887,6.202153205871582,110,-0.005358508322387934,0.13053405284881592,1.9289426803588867,12.6,0.0,100,GUIDED,True,ACTIVE,10,6
2025-08-11T17:22:33.742175,-35.3631342,149.1657769,30.011,-2.1,5.49,0.0,5.882080554962158,5.8820881843566895,110,-0.0002965696912724525,0.13185325264930725,1.9293440580368042,12.6,0.0,100,GUIDED,True,ACTIVE,10,6
2025-08-11T17:22:34.244967,-35.3631342,149.1657769,30.011,-2.1,5.49,0.0,5.882080554962158,5.8820881843566895,110,-0.0002965696912724525,0.13185325264930725,1.9293440580368042,12.6,0.0,100,GUIDED,True,ACTIVE,10,6
2025-08-11T17:22:34.746033,-35.3631389,149.1657917,30.01,-1.98,5.19,0.0,5.557713985443115,5.557717800140381,110,-0.00645032711327076,0.13344182074069977,1.9296791553497314,12.6,0.0,100,GUIDED,True,ACTIVE,10,6
2025-08-11T17:22:35.247046,-35.3631389,149.1657917,30.01,-1.98,5.19,0.0,5.557713985443115,5.557717800140381,110,-0.00645032711327076,0.13344182074069977,1.9296791553497314,12.6,0.0,100,GUIDED,True,ACTIVE,10,6
2025-08-11T17:22:35.748138,-35.3631432,149.1658056,30.009,-1.85,4.88,0.0,5.229063510894775,5.229065418243408,110,-0.0018247246043756604,0.13585436344146729,1.9302475452423096,12.6,0.0,100,GUIDED,True,ACTIVE,10,6
2025-08-11T17:22:36.250521,-35.3631432,149.1658056,30.009,-1.85,4.88,0.0,5.229063510894775,5.229065418243408,110,-0.0018247246043756604,0.13585436344146729,1.9302475452423096,12.6,0.0,100,GUIDED,True,ACTIVE,10,6
2025-08-11T17:22:36.751847,-35.3631473,149.1658187,30.009,-1.74,4.57,0.0,4.892535209655762,4.89253568649292,110,0.0009345617145299911,0.13930702209472656,1.930816650390625,12.6,0.0,100,GUIDED,True,ACTIVE,10,6
2025-08-11T17:22:37.253842,-35.3631473,149.1658187,30.009,-1.74,4.57,0.0,4.892535209655762,4.89253568649292,110,0.0009345617145299911,0.13930702209472656,1.930816650390625,12.6,0.0,100,GUIDED,True,ACTIVE,10,6
2025-08-11T17:22:37.754982,-35.3631473,149.1658187,30.009,-1.74,4.57,0.0,4.892535209655762,4.89253568649292,110,0.0009345617145299911,0.13930702209472656,1.930816650390625,12.6,0.0,100,GUIDED,True,ACTIVE,10,6
2025-08-11T17:22:38.255942,-35.3631511,149.165831,30.009,-1.62,4.24,0.0,4.547257900238037,4.547258377075195,110,-0.004398973658680916,0.14266234636306763,1.9313193559646606,12.6,0.0,100,GUIDED,True,ACTIVE,10,6
2025-08-11T17:22:38.756899,-35.3631511,149.165831,30.009,-1.62,4.24,0.0,4.547257900238037,4.547258377075195,110,-0.004398973658680916,0.14266234636306763,1.9313193559646606,12.6,0.0,100,GUIDED,True,ACTIVE,10,6
2025-08-11T17:22:39.258092,-35.3631547,149.1658423,30.009,-1.48,3.91,0.0,4.19290018081665,4.192900657653809,110,0.0001090328732971102,0.14630386233329773,1.931725263595581,12.6,0.0,100,GUIDED,True,ACTIVE,10,6
2025-08-11T17:22:39.761027,-35.3631547,149.1658423,30.009,-1.48,3.91,0.0,4.19290018081665,4.192900657653809,110,0.0001090328732971102,0.14630386233329773,1.931725263595581,12.6,0.0,100,GUIDED,True,ACTIVE,10,6
2025-08-11T17:22:40.262662,-35.3631547,149.1658423,30.009,-1.48,3.91,0.0,4.19290018081665,4.192900657653809,110,0.0001090328732971102,0.14630386233329773,1.931725263595581,12.6,0.0,100,GUIDED,True,ACTIVE,10,6
2025-08-11T17:22:40.764010,-35.3631579,149.1658527,30.01,-1.36,3.57,0.0,3.8302950859069824,3.83029842376709,110,0.003314398927614093,0.1503814458847046,1.9321502447128296,12.6,0.0,100,GUIDED,True,ACTIVE,10,6
2025-08-11T17:22:41.265128,-35.3631579,149.1658527,30.01,-1.36,3.57,0.0,3.8302950859069824,3.83029842376709,110,0.003314398927614093,0.1503814458847046,1.9321502447128296,12.6,0.0,100,GUIDED,True,ACTIVE,10,6
2025-08-11T17:22:41.766273,-35.3631608,149.1658621,30.01,-1.23,3.22,0.0,3.4563236236572266,3.4563260078430176,110,-0.002764961216598749,0.15483756363391876,1.9323891401290894,12.6,0.0,100,GUIDED,True,ACTIVE,10,6
2025-08-11T17:22:42.266976,-35.3631608,149.1658621,30.01,-1.23,3.22,0.0,3.4563236236572266,3.4563260078430176,110,-0.002764961216598749,0.15483756363391876,1.9323891401290894,12.6,0.0,100,GUIDED,True,ACTIVE,10,6
2025-08-11T17:22:42.768531,-35.3631635,149.1658706,30.01,-1.09,2.86,0.0,3.069993734359741,3.069995164871216,110,-0.00024556831340305507,0.1601235419511795,1.9329246282577515,12.6,0.0,100,GUIDED,True,ACTIVE,10,6
2025-08-11T17:22:43.269616,-35.3631635,149.1658706,30.01,-1.09,2.86,0.0,3.069993734359741,3.069995164871216,110,-0.00024556831340305507,0.1601235419511795,1.9329246282577515,12.6,0.0,100,GUIDED,True,ACTIVE,10,6
2025-08-11T17:22:43.770964,-35.3631635,149.1658706,30.01,-1.09,2.86,0.0,3.069993734359741,3.069995164871216,110,-0.00024556831340305507,0.1601235419511795,1.9329246282577515,12.6,0.0,100,GUIDED,True,ACTIVE,10,6
2025-08-11T17:22:44.272039,-35.3631658,149.165878,30.009,-0.96,2.48,0.0,2.6690852642059326,2.6690893173217773,110,0.0032249323558062315,0.1668967604637146,1.9331804513931274,12.6,0.0,100,GUIDED,True,ACTIVE,10,6
2025-08-11T17:22:44.773487,-35.3631658,149.165878,30.009,-0.96,2.48,0.0,2.6690852642059326,2.6690893173217773,110,0.0032249323558062315,0.1668967604637146,1.9331804513931274,12.6,0.0,100,GUIDED,True,ACTIVE,10,6
2025-08-11T17:22:45.274550,-35.3631678,149.1658844,30.008,-0.81,2.09,0.0,2.248098134994507,2.2481002807617188,110,-0.0030355046037584543,0.17647384107112885,1.9335660934448242,12.6,0.0,100,GUIDED,True,ACTIVE,10,6
2025-08-11T17:22:45.775817,-35.3631678,149.1658844,30.008,-0.81,2.09,0.0,2.248098134994507,2.2481002807617188,110,-0.0030355046037584543,0.17647384107112885,1.9335660934448242,12.6,0.0,100,GUIDED,True,ACTIVE,10,6
2025-08-11T17:22:46.276953,-35.3631695,149.1658896,30.008,-0.64,1.67,0.0,1.7962154150009155,1.7962182760238647,110,-0.0025526320096105337,0.19098664820194244,1.933828353881836,12.6,0.0,100,GUIDED,True,ACTIVE,10,6
2025-08-11T17:22:46.777967,-35.3631695,149.1658896,30.008,-0.64,1.67,0.0,1.7962154150009155,1.7962182760238647,110,-0.0025526320096105337,0.19098664820194244,1.933828353881836,12.6,0.0,100,GUIDED,True,ACTIVE,10,6
2025-08-11T17:22:47.279014,-35.3631707,149.1658937,30.008,-0.48,1.23,0.0,1.3257068395614624,1.325718641281128,110,0.0025485274381935596,0.18865029513835907,1.9340846538543701,12.6,0.0,100,GUIDED,True,ACTIVE,10,6
2025-08-11T17:22:47.779958,-35.3631707,149.1658937,30.008,-0.48,1.23,0.0,1.3257068395614624,1.325718641281128,110,0.0025485274381935596,0.18865029513835907,1.9340846538543701,12.6,0.0,100,RTL,True,ACTIVE,10,6
2025-08-11T17:22:48.281030,-35.3631707,149.1658937,30.008,-0.48,1.23,0.0,1.3257068395614624,1.325718641281128,110,0.0025485274381935596,0.18865029513835907,1.9340846538543701,12.6,0.0,100,RTL,True,ACTIVE,10,6
2025-08-11T17:22:48.782624,-35.3631716,149.1658966,30.007,-0.33,0.83,0.0,0.9029824733734131,0.9030123949050903,110,0.001494984026066959,0.15241244435310364,1.9344710111618042,12.6,0.0,100,RTL,True,ACTIVE,10,6
2025-08-11T17:22:49.283886,-35.3631716,149.1658966,30.007,-0.33,0.83,0.0,0.9029824733734131,0.9030123949050903,110,0.001494984026066959,0.15241244435310364,1.9344710111618042,12.6,0.0,100,RTL,True,ACTIVE,10,6
2025-08-11T17:22:49.784917,-35.3631723,149.1658985,30.005,-0.22,0.53,0.01,0.5811887383460999,0.5814065337181091,110,0.0018062784802168608,0.11592752486467361,1.9346073865890503,12.6,0.0,100,RTL,True,ACTIVE,10,6
2025-08-11T17:22:50.286168,-35.3631723,149.1658985,30.005,-0.22,0.53,0.01,0.5811887383460999,0.5814065337181091,110,0.0018062784802168608,0.11592752486467361,1.9346073865890503,12.6,0.0,100,RTL,True,ACTIVE,10,6
2025-08-11T17:22:50.788041,-35.3631727,149.1658997,30.002,-0.14,0.31,0.01,0.34288811683654785,0.34329769015312195,110,0.0015884176827967167,0.08421394228935242,1.9347883462905884,12.6,0.0,100,RTL,True,ACTIVE,10,6
2025-08-11T17:22:51.289129,-35.3631727,149.1658997,30.002,-0.14,0.31,0.01,0.34288811683654785,0.34329769015312195,110,0.0015884176827967167,0.08421394228935242,1.9347883462905884,12.6,0.0,100,RTL,True,ACTIVE,10,6
2025-08-11T17:22:51.789984,-35.3631729,149.1659004,29.999,-0.08,0.14,0.0,0.1663084477186203,0.16660524904727936,110,0.0047561065293848515,0.06931080669164658,1.935299038887024,12.6,0.0,100,RTL,True,ACTIVE,10,6
2025-08-11T17:22:52.290974,-35.3631729,149.1659004,29.999,-0.08,0.14,0.0,0.1663084477186203,0.16660524904727936,110,0.0047561065293848515,0.06931080669164658,1.935299038887024,12.6,0.0,100,RTL,True,ACTIVE,10,6
2025-08-11T17:22:52.791951,-35.3631731,149.1659007,29.998,-0.05,-0.02,0.0,0.059919290244579315,0.060411486774683,110,0.020035428926348686,0.07471999526023865,1.9355580806732178,12.6,0.0,100,RTL,True,ACTIVE,10,6
2025-08-11T17:22:53.292855,-35.3631732,149.1659005,29.997,-0.05,-0.22,0.0,0.23361268639564514,0.23362943530082703,110,0.040623366832733154,0.08246474713087082,1.9359880685806274,12.6,0.0,100,RTL,True,ACTIVE,10,6
2025-08-11T17:22:53.794048,-35.3631733,149.1658996,29.997,-0.09,-0.46,0.0,0.4758247137069702,0.4758264124393463,110,0.0572977215051651,0.09350944310426712,1.9368677139282227,12.6,0.0,100,RTL,True,ACTIVE,10,6
2025-08-11T17:22:54.295590,-35.3631735,149.165898,29.998,-0.14,-0.74,0.0,0.7611860036849976,0.7611861824989319,111,0.06730471551418304,0.10908568650484085,1.9379173517227173,12.6,0.0,100,RTL,True,ACTIVE,10,6
2025-08-11T17:22:54.797806,-35.3631735,149.165898,29.998,-0.14,-0.74,0.0,0.7611860036849976,0.7611861824989319,111,0.06730471551418304,0.10908568650484085,1.9379173517227173,12.6,0.0,100,RTL,True,ACTIVE,10,6
2025-08-11T17:22:55.298819,-35.3631739,149.1658956,29.999,-0.2,-1.07,0.0,1.0967682600021362,1.0967735052108765,111,0.08040260523557663,0.12803013622760773,1.9395040273666382,12.6,0.0,100,RTL,True,ACTIVE,10,6
2025-08-11T17:22:55.799494,-35.3631744,149.1658922,29.999,-0.28,-1.46,0.0,1.4939414262771606,1.4939484596252441,111,0.09781084209680557,0.1491544395685196,1.9415199756622314,12.6,0.0,100,RTL,True,ACTIVE,10,6
2025-08-11T17:22:56.299955,-35.3631751,149.1658876,29.999,-0.38,-1.91,0.0,1.957153081893921,1.9571783542633057,111,0.11040292680263519,0.17215685546398163,1.944122552871704,12.6,0.0,100,RTL,True,ACTIVE,10,6
2025-08-11T17:22:56.800966,-35.3631751,149.1658876,29.999,-0.38,-1.91,0.0,1.957153081893921,1.9571783542633057,111,0.11040292680263519,0.17215685546398163,1.944122552871704,12.6,0.0,100,RTL,True,ACTIVE,10,6
2025-08-11T17:22:57.301868,-35.363176,149.1658817,29.998,-0.48,-2.43,0.01,2.4830234050750732,2.4830617904663086,111,0.1189747005701065,0.1960899531841278,1.9471871852874756,12.6,0.0,100,RTL,True,ACTIVE,10,6
2025-08-11T17:22:57.803071,-35.3631771,149.1658743,29.997,-0.58,-3.01,0.01,3.0741639137268066,3.074207067489624,111,0.1326368749141693,0.21961386501789093,1.950459599494934,12.6,0.0,100,RTL,True,ACTIVE,10,6
2025-08-11T17:22:58.303968,-35.3631771,149.1658743,29.997,-0.58,-3.01,0.01,3.0741639137268066,3.074207067489624,111,0.1326368749141693,0.21961386501789093,1.950459599494934,12.6,0.0,100,RTL,True,ACTIVE,10,6
2025-08-11T17:22:58.804967,-35.3631785,149.1658653,29.995,-0.69,-3.65,0.01,3.7175161838531494,3.717562198638916,111,0.13939447700977325,0.22987794876098633,1.951866865158081,12.6,0.0,100,RTL,True,ACTIVE,10,6
2025-08-11T17:22:59.305741,-35.3631801,149.1658545,29.993,-0.79,-4.29,0.01,4.368553638458252,4.368587017059326,111,0.13659809529781342,0.2286580502986908,1.9520187377929688,12.6,0.0,100,RTL,True,ACTIVE,10,6
2025-08-11T17:22:59.806596,-35.3631801,149.1658545,29.993,-0.79,-4.29,0.01,4.368553638458252,4.368587017059326,111,0.13659809529781342,0.2286580502986908,1.9520187377929688,12.6,0.0,100,RTL,True,ACTIVE,10,6
2025-08-11T17:23:00.307487,-35.363182,149.1658419,29.991,-0.89,-4.92,0.01,5.009864330291748,5.009889602661133,111,0.1316465437412262,0.22826121747493744,1.9522852897644043,12.6,0.0,100,RTL,True,ACTIVE,10,6
2025-08-11T17:23:00.808635,-35.3631841,149.1658276,29.989,-0.98,-5.55,0.01,5.644082069396973,5.644104957580566,111,0.1280440241098404,0.2286689132452011,1.9524955749511719,12.6,0.0,100,RTL,True,ACTIVE,10,6
2025-08-11T17:23:01.309284,-35.3631864,149.1658116,29.988,-1.07,-6.18,0.01,6.274326324462891,6.274342060089111,111,0.12815596163272858,0.22813208401203156,1.9526885747909546,12.6,0.0,100,RTL,True,ACTIVE,10,6
2025-08-11T17:23:01.810092,-35.3631864,149.1658116,29.988,-1.07,-6.18,0.01,6.274326324462891,6.274342060089111,111,0.12815596163272858,0.22813208401203156,1.9526885747909546,12.6,0.0,100,RTL,True,ACTIVE,10,6
2025-08-11T17:23:02.310955,-35.3631889,149.1657938,29.988,-1.16,-6.78,0.0,6.886443614959717,6.886448383331299,111,0.12145226448774338,0.2146695852279663,1.9511209726333618,12.6,0.0,100,RTL,True,ACTIVE,10,6
2025-08-11T17:23:02.811986,-35.3631915,149.1657745,29.99,-1.23,-7.33,0.0,7.436765670776367,7.436765670776367,111,0.10789118707180023,0.18930773437023163,1.9483989477157593,12.6,0.0,100,RTL,True,ACTIVE,10,6
2025-08-11T17:23:03.312957,-35.3631915,149.1657745,29.99,-1.23,-7.33,0.0,7.436765670776367,7.436765670776367,111,0.10789118707180023,0.18930773437023163,1.9483989477157593,12.6,0.0,100,RTL,True,ACTIVE,10,6
2025-08-11T17:23:03.813949,-35.3631944,149.1657538,29.994,-1.3,-7.8,0.0,7.9123053550720215,7.91231107711792,111,0.09257902204990387,0.1652357578277588,1.946200966835022,12.6,0.0,100,RTL,True,ACTIVE,10,6
2025-08-11T17:23:04.314840,-35.3631973,149.1657318,30.0,-1.35,-8.2,-0.01,8.31679916381836,8.316812515258789,111,0.07747363299131393,0.1414717137813568,1.9443176984786987,12.6,0.0,100,RTL,True,ACTIVE,10,6
2025-08-11T17:23:04.815758,-35.3632004,149.1657089,30.007,-1.4,-8.53,-0.01,8.651978492736816,8.651993751525879,111,0.0624777190387249,0.1186738982796669,1.9427870512008667,12.6,0.0,100,RTL,True,ACTIVE,10,6
2025-08-11T17:23:05.318376,-35.3632004,149.1657089,30.007,-1.4,-8.53,-0.01,8.651978492736816,8.651993751525879,111,0.0624777190387249,0.1186738982796669,1.9427870512008667,12.6,0.0,100,RTL,True,ACTIVE,10,6
2025-08-11T17:23:05.819409,-35.3632035,149.1656851,30.013,-1.43,-8.8,-0.01,8.921197891235352,8.921210289001465,111,0.04953340068459511,0.09617839008569717,1.9416974782943726,12.6,0.0,100,RTL,True,ACTIVE,10,6
2025-08-11T17:23:06.320142,-35.3632035,149.1656851,30.013,-1.43,-8.8,-0.01,8.921197891235352,8.921210289001465,111,0.04953340068459511,0.09617839008569717,1.9416974782943726,12.6,0.0,100,RTL,True,ACTIVE,10,6
2025-08-11T17:23:06.821005,-35.3632067,149.1656606,30.019,-1.45,-9.01,-0.01,9.12929630279541,9.129304885864258,111,0.03879291191697121,0.07336991280317307,1.9407049417495728,12.6,0.0,100,RTL,True,ACTIVE,10,6
2025-08-11T17:23:07.322950,-35.36321,149.1656357,30.025,-1.47,-9.15,-0.01,9.276796340942383,9.276802062988281,111,0.029456600546836853,0.050555940717458725,1.940051794052124,12.6,0.0,100,RTL,True,ACTIVE,10,6
2025-08-11T17:23:07.823995,-35.36321,149.1656357,30.025,-1.47,-9.15,-0.01,9.276796340942383,9.276802062988281,111,0.029456600546836853,0.050555940717458725,1.940051794052124,12.6,0.0,100,RTL,True,ACTIVE,10,6
2025-08-11T17:23:08.324958,-35.3632133,149.1656104,30.029,-1.48,-9.24,0.0,9.366044044494629,9.366045951843262,111,0.018637480214238167,0.027959641069173813,1.939505934715271,12.6,0.0,100,RTL,True,ACTIVE,10,6
2025-08-11T17:23:08.826177,-35.3632133,149.1656104,30.029,-1.48,-9.24,0.0,9.366044044494629,9.366045951843262,111,0.018637480214238167,0.027959641069173813,1.939505934715271,12.6,0.0,100,RTL,True,ACTIVE,10,6
2025-08-11T17:23:09.327565,-35.3632166,149.165585,30.032,-1.49,-9.27,0.0,9.393973350524902,9.393973350524902,111,0.0032332141418009996,0.005521579645574093,1.9393140077590942,12.6,0.0,100,RTL,True,ACTIVE,10,6
2025-08-11T17:23:09.828621,-35.3632199,149.1655596,30.033,-1.48,-9.25,0.0,9.372214317321777,9.372217178344727,111,-0.003712258068844676,-0.002810855396091938,1.9393187761306763,12.6,0.0,100,RTL,True,ACTIVE,10,6
2025-08-11T17:23:10.329276,-35.3632199,149.1655596,30.033,-1.48,-9.25,0.0,9.372214317321777,9.372217178344727,111,-0.003712258068844676,-0.002810855396091938,1.9393187761306763,12.6,0.0,100,RTL,True,ACTIVE,10,6
2025-08-11T17:23:10.830437,-35.3632232,149.1655342,30.032,-1.48,-9.22,0.01,9.340476036071777,9.340487480163574,111,-0.0021804149728268385,-0.009056602604687214,1.939342737197876,12.6,0.0,100,RTL,True,ACTIVE,10,6
2025-08-11T17:23:11.330948,-35.3632265,149.1655089,30.03,-1.47,-9.15,0.01,9.272829055786133,9.272834777832031,111,-0.014147885143756866,-0.03175162896513939,1.9396333694458008,12.6,0.0,100,RTL,True,ACTIVE,10,6
2025-08-11T17:23:11.831865,-35.3632297,149.1654839,30.029,-1.45,-9.01,0.0,9.133605003356934,9.1336088180542,111,-0.03352998197078705,-0.05607861652970314,1.9401812553405762,12.6,0.0,100,RTL,True,ACTIVE,10,6
2025-08-11T17:23:12.332785,-35.3632297,149.1654839,30.029,-1.45,-9.01,0.0,9.133605003356934,9.1336088180542,111,-0.03352998197078705,-0.05607861652970314,1.9401812553405762,12.6,0.0,100,RTL,True,ACTIVE,10,6
2025-08-11T17:23:12.834008,-35.3632329,149.1654593,30.029,-1.42,-8.81,0.0,8.926910400390625,8.926911354064941,111,-0.04194002225995064,-0.07970014214515686,1.9409236907958984,12.6,0.0,100,RTL,True,ACTIVE,10,6
2025-08-11T17:23:13.334950,-35.363236,149.1654354,30.029,-1.39,-8.55,0.0,8.662912368774414,8.662912368774414,111,-0.055534519255161285,-0.10319539904594421,1.9419361352920532,12.6,0.0,100,RTL,True,ACTIVE,10,6
2025-08-11T17:23:13.835866,-35.363236,149.1654354,30.029,-1.39,-8.55,0.0,8.662912368774414,8.662912368774414,111,-0.055534519255161285,-0.10319539904594421,1.9419361352920532,12.6,0.0,100,RTL,True,ACTIVE,10,6
2025-08-11T17:23:14.336934,-35.363239,149.1654124,30.029,-1.33,-8.21,0.0,8.325882911682129,8.325884819030762,111,-0.07316334545612335,-0.12624460458755493,1.943503975868225,12.6,0.0,100,RTL,True,ACTIVE,10,6
2025-08-11T17:23:14.837970,-35.3632418,149.1653903,30.029,-1.28,-7.82,0.0,7.9315643310546875,7.931567668914795,111,-0.07941333949565887,-0.14874312281608582,1.9449846744537354,12.6,0.0,100,RTL,True,ACTIVE,10,6
2025-08-11T17:23:15.338958,-35.3632446,149.1653694,30.028,-1.21,-7.37,0.01,7.469537734985352,7.469546318054199,111,-0.10204150527715683,-0.17045721411705017,1.947008728981018,12.6,0.0,100,RTL,True,ACTIVE,10,6
2025-08-11T17:23:15.839801,-35.3632446,149.1653694,30.028,-1.21,-7.37,0.01,7.469537734985352,7.469546318054199,111,-0.10204150527715683,-0.17045721411705017,1.947008728981018,12.6,0.0,100,RTL,True,ACTIVE,10,6
2025-08-11T17:23:16.340710,-35.3632471,149.1653499,30.026,-1.12,-6.84,0.01,6.941743850708008,6.941757678985596,111,-0.10574855655431747,-0.19183014333248138,1.949116826057434,12.6,0.0,100,RTL,True,ACTIVE,10,6
2025-08-11T17:23:16.842307,-35.3632471,149.1653499,30.026,-1.12,-6.84,0.01,6.941743850708008,6.941757678985596,111,-0.10574855655431747,-0.19183014333248138,1.949116826057434,12.6,0.0,100,RTL,True,ACTIVE,10,6
2025-08-11T17:23:17.343252,-35.3632494,149.1653319,30.023,-1.04,-6.27,0.01,6.356667518615723,6.356677532196045,111,-0.12541183829307556,-0.2126966118812561,1.9515575170516968,12.6,0.0,100,RTL,True,ACTIVE,10,6
2025-08-11T17:23:17.843984,-35.3632516,149.1653155,30.02,-0.93,-5.63,0.01,5.7120041847229,5.7120232582092285,111,-0.12652184069156647,-0.22361160814762115,1.9530365467071533,12.6,0.0,100,RTL,True,ACTIVE,10,6
2025-08-11T17:23:18.344976,-35.3632516,149.1653155,30.02,-0.93,-5.63,0.01,5.7120041847229,5.7120232582092285,111,-0.12652184069156647,-0.22361160814762115,1.9530365467071533,12.6,0.0,100,RTL,True,ACTIVE,10,6
2025-08-11T17:23:18.846544,-35.3632535,149.1653009,30.016,-0.84,-5.0,0.01,5.071632385253906,5.071666717529297,111,-0.1270712912082672,-0.220173180103302,1.9526771306991577,12.6,0.0,100,RTL,True,ACTIVE,10,6
2025-08-11T17:23:19.346974,-35.3632552,149.165288,30.01,-0.73,-4.36,0.02,4.430931091308594,4.431013107299805,111,-0.12809635698795319,-0.2158757448196411,1.9520500898361206,12.6,0.0,100,RTL,True,ACTIVE,10,6
2025-08-11T17:23:19.848169,-35.3632567,149.1652769,30.004,-0.64,-3.75,0.02,3.8064935207366943,3.8065707683563232,111,-0.12152335047721863,-0.21276457607746124,1.9516470432281494,12.6,0.0,100,RTL,True,ACTIVE,10,6
2025-08-11T17:23:20.349195,-35.3632579,149.1652674,29.999,-0.53,-3.13,0.02,3.1848068237304688,3.1848855018615723,111,-0.1262395977973938,-0.21028509736061096,1.9513905048370361,12.6,0.0,100,RTL,True,ACTIVE,10,6
2025-08-11T17:23:20.850209,-35.3632579,149.1652674,29.999,-0.53,-3.13,0.02,3.1848068237304688,3.1848855018615723,111,-0.1262395977973938,-0.21028509736061096,1.9513905048370361,12.6,0.0,100,RTL,True,ACTIVE,10,6
2025-08-11T17:23:21.351962,-35.363259,149.1652597,29.994,-0.44,-2.54,0.01,2.578779935836792,2.578840494155884,111,-0.11346813291311264,-0.19958972930908203,1.9500205516815186,12.6,0.0,100,RTL,True,ACTIVE,10,6
2025-08-11T17:23:21.853251,-35.3632598,149.1652535,29.989,-0.36,-2.0,0.01,2.034519910812378,2.034569025039673,111,-0.10189377516508102,-0.1745295226573944,1.9473726749420166,12.6,0.0,100,RTL,True,ACTIVE,10,6
2025-08-11T17:23:22.353960,-35.3632598,149.1652535,29.989,-0.36,-2.0,0.01,2.034519910812378,2.034569025039673,111,-0.10189377516508102,-0.1745295226573944,1.9473726749420166,12.6,0.0,100,RTL,True,ACTIVE,10,6
2025-08-11T17:23:22.854794,-35.3632604,149.1652487,29.985,-0.27,-1.53,0.01,1.5581029653549194,1.5581520795822144,111,-0.08929324150085449,-0.14898069202899933,1.9447927474975586,12.6,0.0,100,RTL,True,ACTIVE,10,6
2025-08-11T17:23:23.355706,-35.3632609,149.1652451,29.982,-0.21,-1.13,0.0,1.1589829921722412,1.1590133905410767,111,-0.07023262977600098,-0.12531359493732452,1.9431432485580444,12.6,0.0,100,RTL,True,ACTIVE,10,6
2025-08-11T17:23:23.856692,-35.3632613,149.1652425,29.981,-0.16,-0.81,0.0,0.8277678489685059,0.8277683854103088,111,-0.06165199354290962,-0.1028190329670906,1.9416459798812866,12.6,0.0,100,RTL,True,ACTIVE,10,6
2025-08-11T17:23:24.358475,-35.3632616,149.1652407,29.981,-0.11,-0.54,0.0,0.5525801777839661,0.5525909066200256,111,-0.05058492720127106,-0.08136546611785889,1.9405194520950317,12.6,0.0,100,RTL,True,ACTIVE,10,6
2025-08-11T17:23:24.859962,-35.3632616,149.1652407,29.981,-0.11,-0.54,0.0,0.5525801777839661,0.5525909066200256,111,-0.05058492720127106,-0.08136546611785889,1.9405194520950317,12.6,0.0,100,RTL,True,ACTIVE,10,6
2025-08-11T17:23:25.360671,-35.3632618,149.1652396,29.981,-0.07,-0.33,0.0,0.3428347110748291,0.3428805470466614,111,-0.03310844674706459,-0.05993282049894333,1.9395873546600342,12.6,0.0,100,RTL,True,ACTIVE,10,6
2025-08-11T17:23:25.861711,-35.3632619,149.165239,29.983,-0.05,-0.19,-0.01,0.19804713129997253,0.19832776486873627,111,-0.023765606805682182,-0.0389302596449852,1.9389060735702515,12.6,0.0,100,RTL,True,ACTIVE,10,6
2025-08-11T17:23:26.362304,-35.3632619,149.165239,29.983,-0.05,-0.19,-0.01,0.19804713129997253,0.19832776486873627,111,-0.023765606805682182,-0.0389302596449852,1.9389060735702515,12.6,0.0,100,RTL,True,ACTIVE,10,6
2025-08-11T17:23:26.862964,-35.3632619,149.1652387,29.984,-0.03,-0.09,0.0,0.1037525162100792,0.10419999808073044,111,-0.016292711719870567,-0.018994010984897614,1.9385724067687988,12.6,0.0,100,RTL,True,ACTIVE,10,6
2025-08-11T17:23:27.363951,-35.363262,149.1652386,29.987,-0.02,-0.06,0.0,0.06456243246793747,0.06520941853523254,111,-0.0005004584090784192,-0.0007121285889297724,1.9385019540786743,12.6,0.0,100,RTL,True,ACTIVE,10,6
2025-08-11T17:23:27.865047,-35.363262,149.1652385,29.989,-0.02,-0.07,-0.01,0.07714566588401794,0.07805988192558289,111,0.006142857484519482,0.012003062292933464,1.9385091066360474,12.6,0.0,100,RTL,True,ACTIVE,10,6
2025-08-11T17:23:28.365966,-35.363262,149.1652385,29.989,-0.02,-0.07,-0.01,0.07714566588401794,0.07805988192558289,111,0.006142857484519482,0.012003062292933464,1.9385091066360474,12.6,0.0,100,RTL,True,ACTIVE,10,6
2025-08-11T17:23:28.866966,-35.3632621,149.1652384,29.991,-0.02,-0.09,0.0,0.09833370894193649,0.09863951802253723,111,0.00035247806226834655,0.010639473795890808,1.9384965896606445,12.6,0.0,100,RTL,True,ACTIVE,10,6
2025-08-11T17:23:29.367954,-35.3632621,149.1652382,29.993,-0.01,-0.1,-0.01,0.10728693008422852,0.10775488615036011,111,0.001221007201820612,0.005121089983731508,1.938605546951294,12.6,0.0,100,RTL,True,ACTIVE,10,6
2025-08-11T17:23:29.868933,-35.3632622,149.165238,29.994,-0.01,-0.1,0.0,0.10869652032852173,0.10886818915605545,111,0.001612918102182448,0.001607559621334076,1.9385706186294556,12.6,0.0,100,RTL,True,ACTIVE,10,6
2025-08-11T17:23:30.369840,-35.3632622,149.165238,29.994,-0.01,-0.1,0.0,0.10869652032852173,0.10886818915605545,111,0.001612918102182448,0.001607559621334076,1.9385706186294556,12.6,0.0,100,RTL,True,ACTIVE,10,6
2025-08-11T17:23:30.870713,-35.3632622,149.1652378,29.996,-0.01,-0.09,0.0,0.10050953179597855,0.1007084995508194,111,-0.00491072004660964,-0.0005702881026081741,1.9385850429534912,12.6,0.0,100,RTL,True,ACTIVE,10,6
2025-08-11T17:23:31.371244,-35.3632622,149.1652377,29.997,0.0,-0.08,0.0,0.08346399664878845,0.0835452452301979,111,-0.005698529537767172,-0.0018821877893060446,1.9386920928955078,12.6,0.0,100,RTL,True,ACTIVE,10,6
2025-08-11T17:23:31.872095,-35.3632622,149.1652377,29.997,0.0,-0.08,0.0,0.08346399664878845,0.0835452452301979,111,-0.005698529537767172,-0.0018821877893060446,1.9386920928955078,12.6,0.0,100,RTL,True,ACTIVE,10,6
2025-08-11T17:23:32.373735,-35.3632623,149.1652375,29.998,0.0,-0.06,0.0,0.06926174461841583,0.06926800310611725,111,-0.0006050007068552077,-0.0023612501099705696,1.9385230541229248,12.6,0.0,100,RTL,True,ACTIVE,10,6
2025-08-11T17:23:32.875954,-35.3632623,149.1652375,29.998,0.0,-0.06,0.0,0.06926174461841583,0.06926800310611725,111,-0.0006050007068552077,-0.0023612501099705696,1.9385230541229248,12.6,0.0,100,RTL,True,ACTIVE,10,6
2025-08-11T17:23:33.376979,-35.3632623,149.1652375,29.999,0.0,-0.05,0.0,0.05498066544532776,0.05504295229911804,111,-0.00516123091802001,-0.0023370960261672735,1.9385789632797241,12.6,0.0,100,RTL,True,ACTIVE,10,6
2025-08-11T17:23:33.877958,-35.3632623,149.1652374,30.0,0.0,-0.03,0.0,0.03847363591194153,0.03847398981451988,111,-0.005828389432281256,-0.0018273534951731563,1.9386659860610962,12.6,0.0,100,RTL,True,ACTIVE,10,6
2025-08-11T17:23:34.378956,-35.3632623,149.1652374,30.001,0.01,-0.02,0.0,0.028230227530002594,0.028233828023076057,111,0.0004167830338701606,-0.0007594720227643847,1.938753366470337,12.6,0.0,100,RTL,True,ACTIVE,10,6
2025-08-11T17:23:34.879829,-35.3632623,149.1652374,30.001,0.01,-0.02,0.0,0.028230227530002594,0.028233828023076057,111,0.0004167830338701606,-0.0007594720227643847,1.938753366470337,12.6,0.0,100,RTL,True,ACTIVE,10,6
2025-08-11T17:23:35.381217,-35.3632623,149.1652374,30.002,0.0,-0.01,0.0,0.021031420677900314,0.021036479622125626,111,0.00012759160017594695,0.00015203778457362205,1.9386768341064453,12.6,0.0,100,RTL,True,ACTIVE,10,6
2025-08-11T17:23:35.881949,-35.3632623,149.1652375,30.002,0.01,-0.01,0.0,0.016765210777521133,0.017109060660004616,111,-0.004331341944634914,0.0010586078278720379,1.9387098550796509,12.6,0.0,100,RTL,True,ACTIVE,10,6
2025-08-11T17:23:36.382898,-35.3632623,149.1652375,30.002,0.01,0.0,0.0,0.018280785530805588,0.018323149532079697,111,-0.0004948221612721682,0.0020664669573307037,1.938692569732666,12.6,0.0,100,RTL,True,ACTIVE,10,6
2025-08-11T17:23:36.884565,-35.3632623,149.1652375,30.002,0.01,0.0,0.0,0.018280785530805588,0.018323149532079697,111,-0.0004948221612721682,0.0020664669573307037,1.938692569732666,12.6,0.0,100,RTL,True,ACTIVE,10,6
2025-08-11T17:23:37.386323,-35.3632623,149.1652375,30.003,0.01,0.0,0.0,0.014637667685747147,0.014808477833867073,111,0.0019169338047504425,0.0025043380446732044,1.9386401176452637,12.6,0.0,100,RTL,True,ACTIVE,10,6
2025-08-11T17:23:37.887968,-35.3632623,149.1652375,30.003,0.01,0.0,0.0,0.014637667685747147,0.014808477833867073,111,0.0019169338047504425,0.0025043380446732044,1.9386401176452637,12.6,0.0,100,RTL,True,ACTIVE,10,6
2025-08-11T17:23:38.388959,-35.3632623,149.1652375,30.003,0.0,-0.01,0.0,0.014360000379383564,0.014383487403392792,111,-0.0018067677738144994,0.002861941698938608,1.9386839866638184,12.6,0.0,100,RTL,True,ACTIVE,10,6
2025-08-11T17:23:38.889967,-35.3632623,149.1652375,30.003,0.0,-0.01,0.0,0.014360000379383564,0.014383487403392792,111,-0.0018067677738144994,0.002861941698938608,1.9386839866638184,12.6,0.0,100,RTL,True,ACTIVE,10,6
2025-08-11T17:23:39.391770,-35.3632624,149.1652375,30.004,0.01,0.0,0.0,0.018462922424077988,0.01857411302626133,111,-0.003631571074947715,0.00298501830548048,1.9387832880020142,12.6,0.0,100,RTL,True,ACTIVE,10,6
2025-08-11T17:23:39.892824,-35.3632624,149.1652375,30.004,0.01,0.0,0.0,0.018462922424077988,0.01857411302626133,111,-0.003631571074947715,0.00298501830548048,1.9387832880020142,12.6,0.0,100,RTL,True,ACTIVE,10,6
2025-08-11T17:23:40.393951,-35.3632624,149.1652376,30.004,0.01,0.0,0.0,0.02212817408144474,0.02252846583724022,111,0.0002715563459787518,0.0028280739206820726,1.9387229681015015,12.6,0.0,100,RTL,True,ACTIVE,10,6
2025-08-11T17:23:40.894940,-35.3632624,149.1652376,30.004,0.01,0.0,0.0,0.02212817408144474,0.02252846583724022,111,0.0002715563459787518,0.0028280739206820726,1.9387229681015015,12.6,0.0,100,RTL,True,ACTIVE,10,6
2025-08-11T17:23:41.395825,-35.3632624,149.1652376,30.003,0.01,-0.01,0.0,0.019729740917682648,0.02051028236746788,111,0.0022806148044764996,0.0025049778632819653,1.9386695623397827,12.6,0.0,100,RTL,True,ACTIVE,10,6
2025-08-11T17:23:41.897350,-35.3632624,149.1652376,30.003,0.01,-0.01,0.0,0.019729740917682648,0.02051028236746788,111,0.0022806148044764996,0.0025049778632819653,1.9386695623397827,12.6,0.0,100,RTL,True,ACTIVE,10,6
2025-08-11T17:23:42.398978,-35.3632624,149.1652376,30.002,0.01,-0.01,0.0,0.020015131682157516,0.02031235583126545,111,-0.0023127750027924776,0.0023749973624944687,1.9386965036392212,12.6,0.0,100,RTL,True,ACTIVE,10,6
2025-08-11T17:23:42.900177,-35.3632624,149.1652376,30.002,0.02,-0.01,0.0,0.023837702348828316,0.024279678240418434,111,-0.0013874198775738478,0.0022147248964756727,1.938663363456726,12.6,0.0,100,RTL,True,ACTIVE,10,6
2025-08-11T17:23:43.400962,-35.3632624,149.1652376,30.002,0.02,-0.01,0.0,0.023837702348828316,0.024279678240418434,111,-0.0013874198775738478,0.0022147248964756727,1.938663363456726,12.6,0.0,100,RTL,True,ACTIVE,10,6
2025-08-11T17:23:43.903963,-35.3632623,149.1652376,30.002,0.01,-0.01,0.0,0.022799860686063766,0.023367421701550484,111,0.004218189045786858,0.002018153201788664,1.9386588335037231,12.6,0.0,100,RTL,True,ACTIVE,10,6
2025-08-11T17:23:44.404931,-35.3632623,149.1652376,30.002,0.01,-0.01,0.0,0.022799860686063766,0.023367421701550484,111,0.004218189045786858,0.002018153201788664,1.9386588335037231,12.6,0.0,100,RTL,True,ACTIVE,10,6
2025-08-11T17:23:44.905564,-35.3632623,149.1652376,29.986,0.0,-0.01,0.15,0.019484123215079308,0.15613481402397156,111,0.0035653337836265564,0.001927329576574266,1.9388749599456787,12.6,0.0,100,RTL,True,ACTIVE,10,6
2025-08-11T17:23:45.406668,-35.3632622,149.1652376,29.915,0.01,-0.01,0.41,0.019318345934152603,0.41211622953414917,111,-0.0016544710379093885,0.0021015594247728586,1.9386096000671387,12.6,0.0,100,RTL,True,ACTIVE,10,6
2025-08-11T17:23:45.907599,-35.3632622,149.1652376,29.915,0.01,-0.01,0.41,0.019318345934152603,0.41211622953414917,111,-0.0016544710379093885,0.0021015594247728586,1.9386096000671387,12.6,0.0,100,RTL,True,ACTIVE,10,6
2025-08-11T17:23:46.408692,-35.3632622,149.1652377,29.778,0.01,-0.01,0.67,0.019656522199511528,0.6798796653747559,111,0.003394379513338208,0.002113764174282551,1.9387577772140503,12.6,0.0,100,RTL,True,ACTIVE,10,6
2025-08-11T17:23:46.910243,-35.3632622,149.1652377,29.574,0.0,-0.01,0.95,0.01983048766851425,0.9527608752250671,111,0.006048143375664949,0.002113230526447296,1.9387176036834717,12.6,0.0,100,RTL,True,ACTIVE,10,6
2025-08-11T17:23:47.410962,-35.3632622,149.1652377,29.574,0.0,-0.01,0.95,0.01983048766851425,0.9527608752250671,111,0.006048143375664949,0.002113230526447296,1.9387176036834717,12.6,0.0,100,RTL,True,ACTIVE,10,6
2025-08-11T17:23:47.911868,-35.3632622,149.1652377,29.302,0.0,-0.01,1.21,0.01938147470355034,1.2185310125350952,111,-0.0017234212718904018,0.0020508854649960995,1.9388127326965332,12.6,0.0,100,RTL,True,ACTIVE,10,6
2025-08-11T17:23:48.413118,-35.3632621,149.1652377,28.963,0.0,-0.02,1.45,0.02090091072022915,1.4503467082977295,111,0.007399712223559618,0.0018690023571252823,1.9387742280960083,12.6,0.0,100,RTL,True,ACTIVE,10,6
2025-08-11T17:23:48.913953,-35.3632621,149.1652377,28.584,0.0,-0.02,1.53,0.023649901151657104,1.5376918315887451,111,-0.0027078778948634863,0.0018197346944361925,1.9388431310653687,12.6,0.0,100,RTL,True,ACTIVE,10,6
2025-08-11T17:23:49.414929,-35.3632621,149.1652377,28.584,0.0,-0.02,1.53,0.023649901151657104,1.5376918315887451,111,-0.0027078778948634863,0.0018197346944361925,1.9388431310653687,12.6,0.0,100,RTL,True,ACTIVE,10,6
2025-08-11T17:23:49.915894,-35.3632621,149.1652377,28.194,0.0,-0.02,1.54,0.022341424599289894,1.541609287261963,111,0.006096223369240761,0.0015187457902356982,1.938895583152771,12.6,0.0,100,RTL,True,ACTIVE,10,6
2025-08-11T17:23:50.417045,-35.3632621,149.1652377,27.806,-0.01,-0.02,1.52,0.028862660750746727,1.5238442420959473,111,-0.000998704694211483,0.0014852810418233275,1.9385961294174194,12.6,0.0,100,RTL,True,ACTIVE,10,6
2025-08-11T17:23:50.917962,-35.3632621,149.1652377,27.42,0.0,-0.02,1.5,0.022735411301255226,1.5044124126434326,111,0.005092729348689318,0.0014950333861634135,1.9387683868408203,12.6,0.0,100,RTL,True,ACTIVE,10,6
2025-08-11T17:23:51.418894,-35.3632621,149.1652377,27.42,0.0,-0.02,1.5,0.022735411301255226,1.5044124126434326,111,0.005092729348689318,0.0014950333861634135,1.9387683868408203,12.6,0.0,100,RTL,True,ACTIVE,10,6
2025-08-11T17:23:51.919664,-35.363262,149.1652377,27.041,-0.02,-0.02,1.48,0.03425998613238335,1.486154556274414,111,0.0013848470989614725,0.0014602758456021547,1.9387937784194946,12.6,0.0,100,RTL,True,ACTIVE,10,6
2025-08-11T17:23:52.420415,-35.363262,149.1652377,26.666,-0.01,-0.02,1.47,0.025529876351356506,1.4792752265930176,111,0.0019013385754078627,0.0014603809686377645,1.9387255907058716,12.6,0.0,100,RTL,True,ACTIVE,10,6
2025-08-11T17:23:52.920958,-35.363262,149.1652377,26.666,-0.01,-0.02,1.47,0.025529876351356506,1.4792752265930176,111,0.0019013385754078627,0.0014603809686377645,1.9387255907058716,12.6,0.0,100,RTL,True,ACTIVE,10,6
2025-08-11T17:23:53.421809,-35.363262,149.1652377,26.293,-0.02,-0.02,1.47,0.03713502734899521,1.4747234582901,111,0.0031316461972892284,0.00205789553001523,1.938765525817871,12.6,0.0,100,RTL,True,ACTIVE,10,6
2025-08-11T17:23:53.923771,-35.363262,149.1652377,25.921,-0.01,-0.02,1.47,0.028818273916840553,1.4733179807662964,111,-0.00044956355122849345,0.0020071121398359537,1.9386690855026245,12.6,0.0,100,RTL,True,ACTIVE,10,6
2025-08-11T17:23:54.425018,-35.363262,149.1652377,25.921,-0.01,-0.02,1.47,0.028818273916840553,1.4733179807662964,111,-0.00044956355122849345,0.0020071121398359537,1.9386690855026245,12.6,0.0,100,RTL,True,ACTIVE,10,6
2025-08-11T17:23:54.925883,-35.363262,149.1652377,25.55,-0.02,-0.02,1.47,0.03444867953658104,1.4739859104156494,111,0.005251895636320114,0.002082217950373888,1.9386999607086182,12.6,0.0,100,RTL,True,ACTIVE,10,6
2025-08-11T17:23:55.427299,-35.363262,149.1652377,25.178,-0.01,-0.02,1.48,0.030817968770861626,1.482250452041626,111,-0.0032775308936834335,0.002110774628818035,1.9387540817260742,12.6,0.0,100,RTL,True,ACTIVE,10,6
2025-08-11T17:23:55.928006,-35.363262,149.1652377,25.178,-0.01,-0.02,1.48,0.030817968770861626,1.482250452041626,111,-0.0032775308936834335,0.002110774628818035,1.9387540817260742,12.6,0.0,100,RTL,True,ACTIVE,10,6
2025-08-11T17:23:56.428937,-35.363262,149.1652377,24.805,-0.01,-0.02,1.48,0.028961563482880592,1.484771966934204,111,0.004873783327639103,0.0022317601833492517,1.9388434886932373,12.6,0.0,100,RTL,True,ACTIVE,10,6
2025-08-11T17:23:56.929856,-35.363262,149.1652377,24.433,-0.02,-0.02,1.48,0.03481217473745346,1.4875266551971436,111,-0.0014298987807705998,0.0023406490217894316,1.9386930465698242,12.6,0.0,100,RTL,True,ACTIVE,10,6
2025-08-11T17:23:57.430505,-35.363262,149.1652378,24.062,-0.01,-0.02,1.49,0.027294360101222992,1.4912219047546387,111,0.003787580644711852,0.0021223952062427998,1.938805103302002,12.6,0.0,100,RTL,True,ACTIVE,10,6
2025-08-11T17:23:57.931505,-35.363262,149.1652378,24.062,-0.01,-0.02,1.49,0.027294360101222992,1.4912219047546387,111,0.003787580644711852,0.0021223952062427998,1.938805103302002,12.6,0.0,100,RTL,True,ACTIVE,10,6
2025-08-11T17:23:58.432679,-35.363262,149.1652378,23.69,-0.02,-0.02,1.49,0.03716401010751724,1.4913451671600342,111,-0.00036126552731730044,0.002053370699286461,1.9386693239212036,12.6,0.0,100,RTL,True,ACTIVE,10,6
2025-08-11T17:23:58.933874,-35.363262,149.1652378,23.317,-0.01,-0.02,1.49,0.026221107691526413,1.496151089668274,111,0.002518248278647661,0.0019687956664711237,1.9386775493621826,12.6,0.0,100,RTL,True,ACTIVE,10,6
2025-08-11T17:23:59.434961,-35.363262,149.1652378,22.944,-0.02,-0.02,1.49,0.037669066339731216,1.4937654733657837,111,0.00302820629440248,0.0020478349179029465,1.9385794401168823,12.6,0.0,100,RTL,True,ACTIVE,10,6
2025-08-11T17:23:59.935891,-35.363262,149.1652378,22.571,-0.01,-0.02,1.49,0.027863716706633568,1.4995410442352295,111,-0.0011150658829137683,0.001973354024812579,1.9386159181594849,12.6,0.0,100,RTL,True,ACTIVE,10,6
2025-08-11T17:24:00.436326,-35.363262,149.1652378,22.571,-0.01,-0.02,1.49,0.027863716706633568,1.4995410442352295,111,-0.0011150658829137683,0.001973354024812579,1.9386159181594849,12.6,0.0,100,RTL,True,ACTIVE,10,6
2025-08-11T17:24:00.936955,-35.363262,149.1652378,22.197,-0.02,-0.02,1.49,0.036141857504844666,1.5002107620239258,111,0.0042451233603060246,0.0019885043147951365,1.9384849071502686,12.6,0.0,100,RTL,True,ACTIVE,10,6
2025-08-11T17:24:01.437869,-35.363262,149.1652378,21.823,-0.01,-0.02,1.5,0.028724249452352524,1.503327488899231,111,-0.0027569513767957687,0.0019681102130562067,1.9387046098709106,12.6,0.0,100,RTL,True,ACTIVE,10,6
2025-08-11T17:24:01.938677,-35.363262,149.1652378,21.448,-0.01,-0.02,1.5,0.033195991069078445,1.5044646263122559,111,0.004889767616987228,0.002059073420241475,1.9386448860168457,12.6,0.0,100,RTL,True,ACTIVE,10,6
2025-08-11T17:24:02.439678,-35.363262,149.1652378,21.073,-0.01,-0.02,1.5,0.028469117358326912,1.5036702156066895,111,-0.004755414556711912,0.0019500767812132835,1.9386929273605347,12.6,0.0,100,RTL,True,ACTIVE,10,6
2025-08-11T17:24:02.940563,-35.363262,149.1652378,21.073,-0.01,-0.02,1.5,0.028469117358326912,1.5036702156066895,111,-0.004755414556711912,0.0019500767812132835,1.9386929273605347,12.6,0.0,100,RTL,True,ACTIVE,10,6
2025-08-11T17:24:03.441460,-35.363262,149.1652378,20.698,-0.01,-0.02,1.5,0.026029033586382866,1.5057439804077148,111,0.004956480581313372,0.002247747266665101,1.938732624053955,12.6,0.0,100,RTL,True,ACTIVE,10,6
2025-08-11T17:24:03.942095,-35.363262,149.1652378,20.322,-0.01,-0.02,1.5,0.026666870340704918,1.5042897462844849,111,-0.0029737846925854683,0.002570138080045581,1.9386194944381714,12.6,0.0,100,RTL,True,ACTIVE,10,6
2025-08-11T17:24:04.442997,-35.363262,149.1652378,20.322,-0.01,-0.02,1.5,0.026666870340704918,1.5042897462844849,111,-0.0029737846925854683,0.002570138080045581,1.9386194944381714,12.6,0.0,100,RTL,True,ACTIVE,10,6
2025-08-11T17:24:04.943961,-35.363262,149.1652378,19.946,0.0,-0.02,1.5,0.02386946603655815,1.5015569925308228,111,0.005397554021328688,0.002786177909001708,1.9386229515075684,12.6,0.0,100,RTL,True,ACTIVE,10,6
2025-08-11T17:24:05.445325,-35.363262,149.1652378,19.571,-0.01,-0.02,1.5,0.03250420466065407,1.5013625621795654,111,0.0005786085384897888,0.002613569376990199,1.9386539459228516,12.6,0.0,100,RTL,True,ACTIVE,10,6
2025-08-11T17:24:05.946122,-35.363262,149.1652378,19.571,-0.01,-0.02,1.5,0.03250420466065407,1.5013625621795654,111,0.0005786085384897888,0.002613569376990199,1.9386539459228516,12.6,0.0,100,RTL,True,ACTIVE,10,6
2025-08-11T17:24:06.447499,-35.363262,149.1652378,19.196,0.0,-0.02,1.5,0.02736385352909565,1.5010093450546265,111,0.003990889061242342,0.0025704808067530394,1.9385888576507568,12.6,0.0,100,RTL,True,ACTIVE,10,6
2025-08-11T17:24:06.950094,-35.363262,149.1652378,18.82,-0.01,-0.03,1.49,0.038106948137283325,1.4995439052581787,111,0.0008933392819017172,0.002424505539238453,1.938663125038147,12.6,0.0,100,RTL,True,ACTIVE,10,6
2025-08-11T17:24:07.451428,-35.363262,149.1652378,18.82,-0.01,-0.03,1.49,0.038106948137283325,1.4995439052581787,111,0.0008933392819017172,0.002424505539238453,1.938663125038147,12.6,0.0,100,RTL,True,ACTIVE,10,6
2025-08-11T17:24:07.952311,-35.363262,149.1652378,18.446,0.0,-0.02,1.49,0.030077051371335983,1.4972325563430786,111,0.0005648359656333923,0.00238396436907351,1.9385789632797241,12.6,0.0,100,RTL,True,ACTIVE,10,6
2025-08-11T17:24:08.453463,-35.363262,149.1652379,18.071,-0.01,-0.03,1.49,0.03884340450167656,1.500496745109558,111,0.004257121589034796,0.0022576642222702503,1.9385253190994263,12.6,0.0,100,RTL,True,ACTIVE,10,6
2025-08-11T17:24:08.954531,-35.363262,149.1652379,18.071,-0.01,-0.03,1.49,0.03884340450167656,1.500496745109558,111,0.004257121589034796,0.0022576642222702503,1.9385253190994263,12.6,0.0,100,RTL,True,ACTIVE,10,6
2025-08-11T17:24:09.455559,-35.363262,149.1652379,17.697,-0.01,-0.03,1.5,0.03335169330239296,1.5018523931503296,111,-0.0012156871380284429,0.001858532545156777,1.9385058879852295,12.6,0.0,100,RTL,True,ACTIVE,10,6
2025-08-11T17:24:09.956607,-35.363262,149.1652379,17.322,-0.01,-0.03,1.5,0.03947776183485985,1.5044593811035156,111,0.00555847305804491,0.0019344360334798694,1.9385663270950317,12.6,0.0,100,RTL,True,ACTIVE,10,6
2025-08-11T17:24:10.458294,-35.363262,149.1652379,16.948,-0.01,-0.03,1.5,0.037770360708236694,1.5031003952026367,111,-0.0029775388538837433,0.0019144422840327024,1.9386491775512695,12.6,0.0,100,RTL,True,ACTIVE,10,6
2025-08-11T17:24:10.960736,-35.363262,149.1652379,16.948,-0.01,-0.03,1.5,0.037770360708236694,1.5031003952026367,111,-0.0029775388538837433,0.0019144422840327024,1.9386491775512695,12.6,0.0,100,RTL,True,ACTIVE,10,6
2025-08-11T17:24:11.461991,-35.363262,149.1652379,16.573,-0.01,-0.03,1.5,0.03600708395242691,1.504187822341919,111,0.005190446972846985,0.0014872815227136016,1.9385477304458618,12.6,0.0,100,RTL,True,ACTIVE,10,6
2025-08-11T17:24:11.963456,-35.3632621,149.1652378,16.197,-0.02,-0.03,1.5,0.039326030761003494,1.501828670501709,111,-0.0029579540714621544,0.0012315544299781322,1.938697338104248,12.6,0.0,100,RTL,True,ACTIVE,10,6
2025-08-11T17:24:12.463958,-35.3632621,149.1652378,16.197,-0.02,-0.03,1.5,0.039326030761003494,1.501828670501709,111,-0.0029579540714621544,0.0012315544299781322,1.938697338104248,12.6,0.0,100,RTL,True,ACTIVE,10,6
2025-08-11T17:24:12.964796,-35.3632621,149.1652378,15.822,0.0,-0.02,1.5,0.028984984382987022,1.5029302835464478,111,0.0018785381689667702,0.0012129427632316947,1.938611388206482,12.6,0.0,100,RTL,True,ACTIVE,10,6
2025-08-11T17:24:13.465991,-35.3632621,149.1652378,15.445,-0.01,-0.02,1.5,0.03423945978283882,1.5018659830093384,111,-0.0007756729028187692,0.0011681735049933195,1.9385855197906494,12.6,0.0,100,RTL,True,ACTIVE,10,6
2025-08-11T17:24:13.966958,-35.3632621,149.1652378,15.069,0.0,-0.02,1.49,0.023414433002471924,1.4999351501464844,111,0.00071502331411466,0.0010244447039440274,1.9385322332382202,12.6,0.0,100,RTL,True,ACTIVE,10,6
2025-08-11T17:24:14.467845,-35.3632621,149.1652378,15.069,0.0,-0.02,1.49,0.023414433002471924,1.4999351501464844,111,0.00071502331411466,0.0010244447039440274,1.9385322332382202,12.6,0.0,100,RTL,True,ACTIVE,10,6
2025-08-11T17:24:14.968859,-35.3632621,149.1652378,14.694,-0.01,-0.02,1.49,0.03147866949439049,1.4984806776046753,111,0.002109003020450473,0.0011887989239767194,1.9386320114135742,12.6,0.0,100,RTL,True,ACTIVE,10,6
2025-08-11T17:24:15.469876,-35.3632621,149.1652378,14.319,0.0,-0.02,1.49,0.02158951945602894,1.4973596334457397,111,-0.001243332400918007,0.0013666920131072402,1.938724160194397,12.6,0.0,100,RTL,True,ACTIVE,10,6
2025-08-11T17:24:15.970751,-35.3632621,149.1652378,13.944,-0.01,-0.02,1.49,0.02718893066048622,1.4992250204086304,111,0.004394599236547947,0.0014987657777965069,1.9384703636169434,12.6,0.0,100,RTL,True,ACTIVE,10,6
2025-08-11T17:24:16.471643,-35.3632621,149.1652378,13.569,0.0,-0.01,1.5,0.020430758595466614,1.501078486442566,111,-0.002788628451526165,0.0016149579314514995,1.9384419918060303,12.6,0.0,100,RTL,True,ACTIVE,10,6
2025-08-11T17:24:16.972549,-35.3632621,149.1652378,13.569,0.0,-0.01,1.5,0.020430758595466614,1.501078486442566,111,-0.002788628451526165,0.0016149579314514995,1.9384419918060303,12.6,0.0,100,RTL,True,ACTIVE,10,6
2025-08-11T17:24:17.473374,-35.3632621,149.1652378,13.194,-0.01,-0.02,1.49,0.02412361651659012,1.4994357824325562,111,0.005824871361255646,0.0017325698863714933,1.9384723901748657,12.6,0.0,100,RTL,True,ACTIVE,10,6
2025-08-11T17:24:17.973942,-35.3632621,149.1652378,12.819,-0.01,-0.02,1.5,0.02409556694328785,1.501641869544983,111,-0.0032177744433283806,0.0018149606185033917,1.9385316371917725,12.6,0.0,100,RTL,True,ACTIVE,10,6
2025-08-11T17:24:18.474951,-35.3632621,149.1652378,12.445,-0.01,-0.01,1.5,0.02236415073275566,1.5012329816818237,111,0.004986087325960398,0.0019822472240775824,1.9385004043579102,12.6,0.0,100,RTL,True,ACTIVE,10,6
2025-08-11T17:24:18.975351,-35.3632621,149.1652378,12.07,-0.01,-0.02,1.5,0.026791440322995186,1.5006787776947021,111,-0.003044804558157921,0.00200105388648808,1.9385411739349365,12.6,0.0,100,RTL,True,ACTIVE,10,6
2025-08-11T17:24:19.475965,-35.3632621,149.1652378,12.07,-0.01,-0.02,1.5,0.026791440322995186,1.5006787776947021,111,-0.003044804558157921,0.00200105388648808,1.9385411739349365,12.6,0.0,100,RTL,True,ACTIVE,10,6
2025-08-11T17:24:19.976813,-35.3632621,149.1652378,11.695,0.0,-0.01,1.49,0.01903744973242283,1.4997446537017822,111,0.003631685860455036,0.0020205334294587374,1.9386712312698364,12.6,0.0,100,RTL,True,ACTIVE,10,6
2025-08-11T17:24:20.477684,-35.3632621,149.1652378,11.32,-0.01,-0.02,1.49,0.02774493210017681,1.497543215751648,111,-0.0007613167399540544,0.0022485177032649517,1.938553810119629,12.6,0.0,100,RTL,True,ACTIVE,10,6
2025-08-11T17:24:20.978692,-35.3632621,149.1652378,10.945,0.0,-0.01,1.49,0.01948634348809719,1.498703122138977,111,0.0009058144059963524,0.0023054631892591715,1.9385385513305664,12.6,0.0,100,RTL,True,ACTIVE,10,6
2025-08-11T17:24:21.479585,-35.3632621,149.1652378,10.57,-0.01,-0.02,1.47,0.028386520221829414,1.4773772954940796,111,0.001208879635669291,0.002142189536243677,1.938583254814148,12.6,0.0,100,RTL,True,ACTIVE,10,6
2025-08-11T17:24:21.980356,-35.3632621,149.1652378,10.218,0.0,-0.02,1.31,0.020336473360657692,1.310361385345459,111,-0.0007976727792993188,0.002167855156585574,1.9385457038879395,12.6,0.0,100,RTL,True,ACTIVE,10,6
2025-08-11T17:24:22.481012,-35.3632621,149.1652378,9.922,0.0,-0.02,1.05,0.025379985570907593,1.0546940565109253,111,0.0012403192231431603,0.002079508500173688,1.938416838645935,12.6,0.0,100,RTL,True,ACTIVE,10,6
2025-08-11T17:24:22.982074,-35.3632621,149.1652378,9.922,0.0,-0.02,1.05,0.025379985570907593,1.0546940565109253,111,0.0012403192231431603,0.002079508500173688,1.938416838645935,12.6,0.0,100,RTL,True,ACTIVE,10,6
2025-08-11T17:24:23.482933,-35.3632621,149.1652378,9.691,0.0,-0.02,0.78,0.021240008994936943,0.7875285148620605,111,-0.0026902416720986366,0.001989187439903617,1.9385215044021606,12.6,0.0,100,RTL,True,ACTIVE,10,6
2025-08-11T17:24:23.983772,-35.3632621,149.1652378,9.525,0.0,-0.02,0.56,0.02153857611119747,0.5617550611495972,111,0.003540808567777276,0.0023970454931259155,1.9384379386901855,12.6,0.0,100,RTL,True,ACTIVE,10,6
2025-08-11T17:24:24.484815,-35.3632621,149.1652378,9.525,0.0,-0.02,0.56,0.02153857611119747,0.5617550611495972,111,0.003540808567777276,0.0023970454931259155,1.9384379386901855,12.6,0.0,100,RTL,True,ACTIVE,10,6
2025-08-11T17:24:24.985750,-35.3632621,149.1652378,9.396,0.0,-0.02,0.46,0.02527451515197754,0.4702998101711273,111,-0.0007788264192640781,0.0024536345154047012,1.938375473022461,12.6,0.0,100,RTL,True,ACTIVE,10,6
2025-08-11T17:24:25.486972,-35.3632621,149.1652378,9.281,0.0,-0.02,0.45,0.021707355976104736,0.45132410526275635,111,-0.002272880868986249,0.0024478824343532324,1.9386056661605835,12.6,0.0,100,RTL,True,ACTIVE,10,6
2025-08-11T17:24:25.987965,-35.3632621,149.1652378,9.167,0.0,-0.02,0.46,0.022961609065532684,0.46327874064445496,111,0.0035787473898380995,0.002571465913206339,1.938650369644165,12.6,0.0,100,RTL,True,ACTIVE,10,6
2025-08-11T17:24:26.489208,-35.3632621,149.1652378,9.167,0.0,-0.02,0.46,0.022961609065532684,0.46327874064445496,111,0.0035787473898380995,0.002571465913206339,1.938650369644165,12.6,0.0,100,RTL,True,ACTIVE,10,6
2025-08-11T17:24:26.989966,-35.3632621,149.1652378,9.051,0.0,-0.02,0.47,0.02611515484750271,0.4757782816886902,111,0.00028463179478421807,0.002362928818911314,1.9385640621185303,12.6,0.0,100,RTL,True,ACTIVE,10,6
2025-08-11T17:24:27.490948,-35.3632621,149.1652378,8.93,0.0,-0.02,0.49,0.023433096706867218,0.49127495288848877,111,-0.001742567284964025,0.002252941019833088,1.9385004043579102,12.6,0.0,100,RTL,True,ACTIVE,10,6
2025-08-11T17:24:27.991846,-35.3632621,149.1652378,8.807,0.0,-0.02,0.5,0.024568181484937668,0.5042153596878052,111,0.004307479597628117,0.0023804253432899714,1.9384568929672241,12.6,0.0,100,RTL,True,ACTIVE,10,6
2025-08-11T17:24:28.492880,-35.3632621,149.1652378,8.682,0.0,-0.02,0.5,0.027529316022992134,0.5064795613288879,111,-0.0008118363912217319,0.002139248186722398,1.9385154247283936,12.6,0.0,100,RTL,True,ACTIVE,10,6
2025-08-11T17:24:28.993861,-35.3632621,149.1652378,8.682,0.0,-0.02,0.5,0.027529316022992134,0.5064795613288879,111,-0.0008118363912217319,0.002139248186722398,1.9385154247283936,12.6,0.0,100,RTL,True,ACTIVE,10,6
2025-08-11T17:24:29.494390,-35.3632621,149.1652378,8.556,0.0,-0.02,0.5,0.024010108783841133,0.5084617733955383,111,-0.0006922440370544791,0.0019682301208376884,1.9385390281677246,12.6,0.0,100,RTL,True,ACTIVE,10,6
2025-08-11T17:24:29.995613,-35.3632621,149.1652378,8.43,0.0,-0.02,0.5,0.025499995797872543,0.5084498524665833,111,0.004857828840613365,0.0020160384010523558,1.9386048316955566,12.6,0.0,100,RTL,True,ACTIVE,10,6
2025-08-11T17:24:30.496547,-35.3632621,149.1652378,8.304,0.0,-0.02,0.5,0.027483254671096802,0.5055461525917053,111,-0.0012831572676077485,0.0020938862580806017,1.9383671283721924,12.6,0.0,100,RTL,True,ACTIVE,10,6
2025-08-11T17:24:30.997129,-35.3632621,149.1652378,8.179,0.0,-0.02,0.5,0.02412157505750656,0.5047866106033325,111,0.0009320148383267224,0.001990673365071416,1.9385493993759155,12.6,0.0,100,RTL,True,ACTIVE,10,6
2025-08-11T17:24:31.498093,-35.3632621,149.1652378,8.179,0.0,-0.02,0.5,0.02412157505750656,0.5047866106033325,111,0.0009320148383267224,0.001990673365071416,1.9385493993759155,12.6,0.0,100,RTL,True,ACTIVE,10,6
2025-08-11T17:24:31.998965,-35.3632621,149.1652378,8.053,0.0,-0.02,0.5,0.027052534744143486,0.5064228773117065,111,0.0042192889377474785,0.0019267941825091839,1.9384127855300903,12.6,0.0,100,RTL,True,ACTIVE,10,6
2025-08-11T17:24:32.499952,-35.3632621,149.1652378,7.928,0.0,-0.02,0.5,0.02639436349272728,0.5071619749069214,111,-0.0020214146934449673,0.001697408501058817,1.938317894935608,12.6,0.0,100,RTL,True,ACTIVE,10,6
2025-08-11T17:24:33.000737,-35.3632621,149.1652378,7.802,0.0,-0.02,0.5,0.02300446107983589,0.50519198179245,111,0.0034349369816482067,0.0017341150669381022,1.9384349584579468,12.6,0.0,100,RTL,True,ACTIVE,10,6
2025-08-11T17:24:33.501644,-35.3632621,149.1652378,7.677,0.0,-0.02,0.5,0.02834753692150116,0.5019454956054688,111,0.0030050042551010847,0.0018547058571130037,1.9384469985961914,12.6,0.0,100,RTL,True,ACTIVE,10,6
2025-08-11T17:24:34.002530,-35.3632621,149.1652378,7.553,0.0,-0.02,0.46,0.024384988471865654,0.46984779834747314,111,-0.0011832047021016479,0.0016775327967479825,1.9385366439819336,12.6,0.0,100,RTL,True,ACTIVE,10,6
2025-08-11T17:24:34.503296,-35.3632621,149.1652378,7.553,0.0,-0.02,0.46,0.024384988471865654,0.46984779834747314,111,-0.0011832047021016479,0.0016775327967479825,1.9385366439819336,12.6,0.0,100,RTL,True,ACTIVE,10,6
2025-08-11T17:24:35.004038,-35.3632621,149.1652378,7.462,0.0,-0.02,0.25,0.025992346927523613,0.25301966071128845,111,0.004495440516620874,0.001832720823585987,1.9384591579437256,12.6,0.0,100,RTL,True,ACTIVE,10,6
2025-08-11T17:24:35.505021,-35.3632621,149.1652378,7.426,-0.01,-0.02,0.06,0.030122429132461548,0.07113655656576157,111,0.0007932731532491744,0.001963206334039569,1.9384914636611938,12.6,0.0,100,RTL,True,ACTIVE,10,6
2025-08-11T17:24:36.006011,-35.3632621,149.1652378,7.42,0.0,-0.02,0.0,0.025956755504012108,0.027107177302241325,111,-0.0019008908420801163,0.0019429781241342425,1.9384708404541016,12.6,0.0,100,RTL,True,ACTIVE,10,6
2025-08-11T17:24:36.507612,-35.3632621,149.1652378,7.425,0.0,-0.02,-0.02,0.02427894063293934,0.037916019558906555,111,0.002615593606606126,0.0020047344733029604,1.9384268522262573,12.6,0.0,100,RTL,True,ACTIVE,10,6
2025-08-11T17:24:37.008172,-35.3632621,149.1652378,7.425,0.0,-0.02,-0.02,0.02427894063293934,0.037916019558906555,111,0.002615593606606126,0.0020047344733029604,1.9384268522262573,12.6,0.0,100,RTL,True,ACTIVE,10,6
2025-08-11T17:24:37.508947,-35.3632621,149.1652378,7.432,-0.01,-0.02,-0.02,0.02865280769765377,0.03863730654120445,111,0.002479767659679055,0.001757859019562602,1.9384478330612183,12.6,0.0,100,RTL,True,ACTIVE,10,6
2025-08-11T17:24:38.009482,-35.3632621,149.1652378,7.438,0.0,-0.02,-0.01,0.02570980228483677,0.029525907710194588,111,-0.0025137015618383884,0.0019013716373592615,1.938398838043213,12.6,0.0,100,RTL,True,ACTIVE,10,6
2025-08-11T17:24:38.510323,-35.3632621,149.1652378,7.438,0.0,-0.02,-0.01,0.02570980228483677,0.029525907710194588,111,-0.0025137015618383884,0.0019013716373592615,1.938398838043213,12.6,0.0,100,RTL,True,ACTIVE,10,6
2025-08-11T17:24:39.011261,-35.3632621,149.1652378,7.442,0.0,-0.02,0.0,0.023050593212246895,0.024671833962202072,111,0.001200056984089315,0.0021191651467233896,1.9383822679519653,12.6,0.0,100,RTL,True,ACTIVE,10,6
2025-08-11T17:24:39.514347,-35.3632621,149.1652378,7.442,0.0,-0.02,0.0,0.023050593212246895,0.024671833962202072,111,0.001200056984089315,0.0021191651467233896,1.9383822679519653,12.6,0.0,100,RTL,True,ACTIVE,10,6
2025-08-11T17:24:40.018683,-35.3632621,149.1652378,7.442,0.0,-0.02,0.0,0.023050593212246895,0.024671833962202072,111,0.001200056984089315,0.0021191651467233896,1.9383822679519653,12.6,0.0,100,RTL,True,ACTIVE,10,6
2025-08-11T17:24:40.521680,-35.3632621,149.1652378,7.445,0.0,-0.02,0.0,0.02515602484345436,0.025293100625276566,111,0.0038814167492091656,0.0018783806590363383,1.9384210109710693,12.6,0.0,100,RTL,True,ACTIVE,10,6
2025-08-11T17:24:41.026987,-35.3632621,149.1652378,7.445,0.0,-0.02,0.0,0.02515602484345436,0.025293100625276566,111,0.0038814167492091656,0.0018783806590363383,1.9384210109710693,12.6,0.0,100,RTL,True,ACTIVE,10,6
2025-08-11T17:24:41.527960,-35.3632621,149.1652378,7.447,-0.01,-0.02,0.0,0.028254956007003784,0.02831980772316456,111,0.0016488704131916165,0.0019247443415224552,1.9382832050323486,12.6,0.0,100,RTL,True,ACTIVE,10,6
2025-08-11T17:24:42.029754,-35.3632621,149.1652378,7.447,-0.01,-0.02,0.0,0.028254956007003784,0.02831980772316456,111,0.0016488704131916165,0.0019247443415224552,1.9382832050323486,12.6,0.0,100,RTL,True,ACTIVE,10,6
2025-08-11T17:24:42.530972,-35.3632621,149.1652378,7.446,0.0,-0.02,0.01,0.02510688453912735,0.02727624401450157,111,-0.0023055248893797398,0.001911487546749413,1.9384433031082153,12.6,0.0,100,RTL,True,ACTIVE,10,6
2025-08-11T17:24:43.031888,-35.3632621,149.1652378,7.445,0.0,-0.02,0.0,0.022867314517498016,0.024327794089913368,111,0.0019187874859198928,0.0019638515077531338,1.9384392499923706,12.6,0.0,100,RTL,True,ACTIVE,10,6
2025-08-11T17:24:43.533176,-35.3632621,149.1652378,7.445,0.0,-0.02,0.0,0.022867314517498016,0.024327794089913368,111,0.0019187874859198928,0.0019638515077531338,1.9384392499923706,12.6,0.0,100,RTL,True,ACTIVE,10,6
2025-08-11T17:24:44.033988,-35.3632621,149.1652378,7.444,0.0,-0.02,0.0,0.026553692296147346,0.027792440727353096,111,0.003507086308673024,0.001813159673474729,1.9384260177612305,12.6,0.0,100,RTL,True,ACTIVE,10,6
2025-08-11T17:24:44.535275,-35.3632621,149.1652378,7.443,0.0,-0.02,0.0,0.02657538466155529,0.02741071954369545,111,-0.0013851829571649432,0.002047966467216611,1.9384855031967163,12.6,0.0,100,RTL,True,ACTIVE,10,6
2025-08-11T17:24:45.035973,-35.3632621,149.1652378,7.442,0.0,-0.02,0.0,0.02301791124045849,0.02334432676434517,111,0.00047601814731024206,0.0019188261358067393,1.938425898551941,12.6,0.0,100,RTL,True,ACTIVE,10,6
2025-08-11T17:24:45.536950,-35.3632621,149.1652378,7.441,0.0,-0.02,0.0,0.02550407685339451,0.026169201359152794,111,0.0049340068362653255,0.0018416655948385596,1.9384760856628418,12.6,0.0,100,RTL,True,ACTIVE,10,6
2025-08-11T17:24:46.037966,-35.3632621,149.1652378,7.441,0.0,-0.02,0.0,0.02550407685339451,0.026169201359152794,111,0.0049340068362653255,0.0018416655948385596,1.9384760856628418,12.6,0.0,100,RTL,True,ACTIVE,10,6
2025-08-11T17:24:46.538936,-35.3632621,149.1652378,7.44,-0.01,-0.02,0.0,0.028775036334991455,0.028902020305395126,111,0.0006652235751971602,0.0016981675289571285,1.9384406805038452,12.6,0.0,100,RTL,True,ACTIVE,10,6
2025-08-11T17:24:47.039797,-35.3632621,149.1652378,7.44,0.0,-0.02,0.0,0.024178942665457726,0.024460716173052788,111,-0.0007528852438554168,0.0017032118048518896,1.9383797645568848,12.6,0.0,100,RTL,True,ACTIVE,10,6
2025-08-11T17:24:47.541285,-35.3632621,149.1652378,7.44,0.0,-0.02,0.0,0.024178942665457726,0.024460716173052788,111,-0.0007528852438554168,0.0017032118048518896,1.9383797645568848,12.6,0.0,100,LAND,True,ACTIVE,10,6
2025-08-11T17:24:48.041955,-35.3632621,149.1652378,7.44,0.0,-0.02,0.0,0.02404186874628067,0.02405594103038311,111,0.003941553644835949,0.0017152279615402222,1.9383971691131592,12.6,0.0,100,LAND,True,ACTIVE,10,6
2025-08-11T17:24:48.542660,-35.3632621,149.1652378,7.44,-0.01,-0.02,0.0,0.03019392117857933,0.030230483040213585,111,0.003443514695391059,0.0019525329116731882,1.9383755922317505,12.6,0.0,100,LAND,True,ACTIVE,10,6
2025-08-11T17:24:49.044623,-35.3632621,149.1652378,7.44,-0.01,-0.02,0.0,0.03019392117857933,0.030230483040213585,111,0.003443514695391059,0.0019525329116731882,1.9383755922317505,12.6,0.0,100,LAND,True,ACTIVE,10,6
2025-08-11T17:24:49.545640,-35.3632621,149.1652378,7.44,-0.01,-0.02,0.0,0.02884536050260067,0.028930651023983955,111,-0.001562920748256147,0.0018121403409168124,1.9384844303131104,12.6,0.0,100,LAND,True,ACTIVE,10,6
2025-08-11T17:24:50.046779,-35.3632621,149.1652378,7.44,0.0,-0.02,0.0,0.02446676231920719,0.024514276534318924,111,0.00031933531863614917,0.0019161918899044394,1.9385058879852295,12.6,0.0,100,LAND,True,ACTIVE,10,6
2025-08-11T17:24:50.547881,-35.3632621,149.1652378,7.44,0.0,-0.02,0.0,0.02446676231920719,0.024514276534318924,111,0.00031933531863614917,0.0019161918899044394,1.9385058879852295,12.6,0.0,100,LAND,True,ACTIVE,10,6
2025-08-11T17:24:51.048891,-35.3632621,149.1652378,7.44,-0.01,-0.02,0.0,0.02734098583459854,0.027419045567512512,111,0.00417047506198287,0.0021357445511966944,1.9385238885879517,12.6,0.0,100,LAND,True,ACTIVE,10,6
2025-08-11T17:24:51.549958,-35.3632621,149.1652378,7.44,-0.01,-0.02,0.0,0.02734098583459854,0.027419045567512512,111,0.00417047506198287,0.0021357445511966944,1.9385238885879517,12.6,0.0,100,LAND,True,ACTIVE,10,6
2025-08-11T17:24:52.052739,-35.3632621,149.1652378,7.44,-0.01,-0.02,0.0,0.030830498784780502,0.030884984880685806,111,0.0003792765783146024,0.0019723689183592796,1.9385172128677368,12.6,0.0,100,LAND,True,ACTIVE,10,6
2025-08-11T17:24:52.553797,-35.3632621,149.1652378,7.44,0.0,-0.02,0.0,0.02589091844856739,0.026351403445005417,111,-0.002490743063390255,0.00191127962898463,1.938560128211975,12.6,0.0,100,LAND,True,ACTIVE,10,6
2025-08-11T17:24:53.054889,-35.3632621,149.1652378,7.44,0.0,-0.02,0.0,0.02589091844856739,0.026351403445005417,111,-0.002490743063390255,0.00191127962898463,1.938560128211975,12.6,0.0,100,LAND,True,ACTIVE,10,6
2025-08-11T17:24:53.559931,-35.3632621,149.1652378,7.439,0.0,-0.02,0.0,0.024326510727405548,0.02440052293241024,111,0.002485621487721801,0.0019939225167036057,1.9384013414382935,12.6,0.0,100,LAND,True,ACTIVE,10,6
2025-08-11T17:24:54.060886,-35.3632621,149.1652378,7.439,-0.01,-0.02,0.0,0.028692206367850304,0.02869969606399536,111,0.002381028840318322,0.0020132313948124647,1.9383864402770996,12.6,0.0,100,LAND,True,ACTIVE,10,6
2025-08-11T17:24:54.561762,-35.3632621,149.1652378,7.439,-0.01,-0.02,0.0,0.028692206367850304,0.02869969606399536,111,0.002381028840318322,0.0020132313948124647,1.9383864402770996,12.6,0.0,100,LAND,True,ACTIVE,10,6
2025-08-11T17:24:55.062714,-35.3632621,149.1652378,7.439,-0.01,-0.02,0.0,0.026830898597836494,0.026968427002429962,111,-0.0028116910252720118,0.0021276678889989853,1.9385536909103394,12.6,0.0,100,LAND,True,ACTIVE,10,6
2025-08-11T17:24:55.563936,-35.3632621,149.1652378,7.439,0.0,-0.02,0.0,0.022438492625951767,0.022456666454672813,111,-0.0003966663789469749,0.002181438496336341,1.938439965248108,12.6,0.0,100,LAND,True,ACTIVE,10,6
2025-08-11T17:24:56.065000,-35.3632621,149.1652378,7.439,0.0,-0.02,0.0,0.02501068264245987,0.025240447372198105,111,0.0034480122849345207,0.0021780342794954777,1.938519835472107,12.6,0.0,100,LAND,True,ACTIVE,10,6
2025-08-11T17:24:56.565958,-35.3632621,149.1652378,7.439,0.0,-0.02,0.0,0.02501068264245987,0.025240447372198105,111,0.0034480122849345207,0.0021780342794954777,1.938519835472107,12.6,0.0,100,LAND,True,ACTIVE,10,6
2025-08-11T17:24:57.067211,-35.3632621,149.1652378,7.438,0.0,-0.02,0.0,0.027098363265395164,0.027100756764411926,111,-0.0013426614459604025,0.002233924577012658,1.9384292364120483,12.6,0.0,100,LAND,True,ACTIVE,10,6
2025-08-11T17:24:57.567972,-35.3632621,149.1652378,7.438,0.0,-0.02,0.0,0.022617900744080544,0.022664207965135574,111,-0.0023496143985539675,0.0021395154763013124,1.9384677410125732,12.6,0.0,100,LAND,True,ACTIVE,10,6
2025-08-11T17:24:58.069094,-35.3632622,149.1652378,7.438,0.0,-0.02,0.0,0.02254243940114975,0.022636061534285545,111,0.0027667025569826365,0.002198847709223628,1.9384169578552246,12.6,0.0,100,LAND,True,ACTIVE,10,6
2025-08-11T17:24:58.570298,-35.3632622,149.1652378,7.438,0.0,-0.02,0.0,0.02254243940114975,0.022636061534285545,111,0.0027667025569826365,0.002198847709223628,1.9384169578552246,12.6,0.0,100,LAND,True,ACTIVE,10,6
2025-08-11T17:24:59.072721,-35.3632622,149.1652378,7.438,0.0,-0.02,0.0,0.025327302515506744,0.025337310507893562,111,0.00027580393361859024,0.0022115253377705812,1.9383776187896729,12.6,0.0,100,LAND,True,ACTIVE,10,6
2025-08-11T17:24:59.573776,-35.3632622,149.1652378,7.438,0.0,-0.02,0.0,0.022249460220336914,0.022333428263664246,111,-0.0028304732404649258,0.0021700928919017315,1.9384738206863403,12.6,0.0,100,LAND,True,ACTIVE,10,6
2025-08-11T17:25:00.074303,-35.3632622,149.1652378,7.438,0.0,-0.02,0.0,0.022249460220336914,0.022333428263664246,111,-0.0028304732404649258,0.0021700928919017315,1.9384738206863403,12.6,0.0,100,LAND,True,ACTIVE,10,6
2025-08-11T17:25:00.575339,-35.3632622,149.1652378,7.438,0.0,-0.02,0.0,0.02204444631934166,0.022044913843274117,111,0.002030075527727604,0.0022996515035629272,1.9384191036224365,12.6,0.0,100,LAND,True,ACTIVE,10,6
2025-08-11T17:25:01.077811,-35.3632622,149.1652378,7.438,0.0,-0.02,0.0,0.024440931156277657,0.024469226598739624,111,0.002326758811250329,0.0022061706986278296,1.938299536705017,12.6,0.0,100,LAND,True,ACTIVE,10,6
2025-08-11T17:25:01.578676,-35.3632622,149.1652378,7.438,0.0,-0.02,0.0,0.024440931156277657,0.024469226598739624,111,0.002326758811250329,0.0022061706986278296,1.938299536705017,12.6,0.0,100,LAND,True,ACTIVE,10,6
2025-08-11T17:25:02.079359,-35.3632622,149.1652378,7.439,0.0,-0.02,0.0,0.023745927959680557,0.023801451548933983,111,-0.0020924939308315516,0.0020755697041749954,1.9384466409683228,12.6,0.0,100,LAND,True,ACTIVE,10,6
2025-08-11T17:25:02.580260,-35.3632622,149.1652378,7.439,0.0,-0.02,0.0,0.02212185226380825,0.02217482402920723,111,-0.0008413456962443888,0.001999239670112729,1.9383997917175293,12.6,0.0,100,LAND,True,ACTIVE,10,6
2025-08-11T17:25:03.080971,-35.3632622,149.1652378,7.439,0.0,-0.02,0.0,0.02212185226380825,0.02217482402920723,111,-0.0008413456962443888,0.001999239670112729,1.9383997917175293,12.6,0.0,100,LAND,True,ACTIVE,10,6
2025-08-11T17:25:03.582002,-35.3632622,149.1652378,7.44,0.0,-0.02,0.0,0.02260071039199829,0.022643882781267166,111,0.0038393449503928423,0.0021634595468640327,1.9383947849273682,12.6,0.0,100,LAND,True,ACTIVE,10,6
2025-08-11T17:25:04.083011,-35.3632622,149.1652378,7.439,0.0,-0.02,0.0,0.02501359023153782,0.025114869698882103,111,0.0015581098850816488,0.0019520438509061933,1.9383920431137085,12.6,0.0,100,LAND,True,ACTIVE,10,6
2025-08-11T17:25:04.583997,-35.3632622,149.1652378,7.439,0.0,-0.02,0.0,0.02501359023153782,0.025114869698882103,111,0.0015581098850816488,0.0019520438509061933,1.9383920431137085,12.6,0.0,100,LAND,True,ACTIVE,10,6
2025-08-11T17:25:05.085032,-35.3632622,149.1652378,7.438,0.0,-0.02,0.0,0.023475423455238342,0.0235665962100029,111,-0.0020838521886616945,0.001995099475607276,1.9384080171585083,12.6,0.0,100,LAND,True,ACTIVE,10,6
2025-08-11T17:25:05.585959,-35.3632622,149.1652378,7.438,0.0,-0.02,0.0,0.023475423455238342,0.0235665962100029,111,-0.0020838521886616945,0.001995099475607276,1.9384080171585083,12.6,0.0,100,LAND,True,ACTIVE,10,6
2025-08-11T17:25:06.086832,-35.3632622,149.1652378,7.438,0.0,-0.02,0.0,0.022237306460738182,0.022237306460738182,111,0.0013028556713834405,0.002135935239493847,1.9384580850601196,12.6,0.0,100,LAND,True,ACTIVE,10,6
2025-08-11T17:25:06.587805,-35.3632622,149.1652378,7.438,0.0,-0.02,0.0,0.022237306460738182,0.022237306460738182,111,0.0013028556713834405,0.002135935239493847,1.9384580850601196,12.6,0.0,100,LAND,True,ACTIVE,10,6
2025-08-11T17:25:07.088790,-35.3632622,149.1652378,7.437,0.0,-0.02,0.0,0.024696264415979385,0.024818161502480507,111,0.004013046622276306,0.002074067946523428,1.9383465051651,12.6,0.0,100,LAND,True,ACTIVE,10,6
2025-08-11T17:25:07.589587,-35.3632622,149.1652378,7.437,0.0,-0.02,0.0,0.025697136297822,0.02570272795855999,111,-0.0007691168575547636,0.0018190128030255437,1.938451886177063,12.6,0.0,100,LAND,True,ACTIVE,10,6
2025-08-11T17:25:08.090852,-35.3632622,149.1652378,7.437,0.0,-0.02,0.0,0.025697136297822,0.02570272795855999,111,-0.0007691168575547636,0.0018190128030255437,1.938451886177063,12.6,0.0,100,LAND,True,ACTIVE,10,6
2025-08-11T17:25:08.591795,-35.3632622,149.1652378,7.437,0.0,-0.02,0.0,0.02262931689620018,0.022668713703751564,111,-0.0013364972546696663,0.0018857710529118776,1.9384135007858276,12.6,0.0,100,LAND,True,ACTIVE,10,6
2025-08-11T17:25:09.093000,-35.3632622,149.1652378,7.437,0.0,-0.02,0.0,0.02262931689620018,0.022668713703751564,111,-0.0013364972546696663,0.0018857710529118776,1.9384135007858276,12.6,0.0,100,LAND,True,ACTIVE,10,6
2025-08-11T17:25:09.601062,-35.3632622,149.1652378,7.437,0.0,-0.02,0.0,0.0223662368953228,0.023163096979260445,111,0.002902377163991332,0.0020288440864533186,1.9383655786514282,12.6,0.0,100,LAND,True,ACTIVE,10,6
2025-08-11T17:25:10.107585,-35.3632622,149.1652378,7.437,0.0,-0.02,0.0,0.0223662368953228,0.023163096979260445,111,0.002902377163991332,0.0020288440864533186,1.9383655786514282,12.6,0.0,100,LAND,True,ACTIVE,10,6
2025-08-11T17:25:10.609740,-35.3632622,149.1652378,7.437,0.0,-0.02,0.0,0.0223662368953228,0.023163096979260445,111,0.002902377163991332,0.0020288440864533186,1.9383655786514282,12.6,0.0,100,LAND,True,ACTIVE,10,6
2025-08-11T17:25:11.111275,-35.3632622,149.1652378,7.418,0.0,-0.02,0.17,0.024118494242429733,0.18140959739685059,111,0.0037396526895463467,0.0020014166366308928,1.93836510181427,12.6,0.0,100,LAND,True,ACTIVE,10,6
2025-08-11T17:25:11.611968,-35.3632622,149.1652378,7.343,0.0,-0.02,0.39,0.024952637031674385,0.3966263234615326,111,-0.0011458315420895815,0.0020238650031387806,1.9383118152618408,12.6,0.0,100,LAND,True,ACTIVE,10,6
2025-08-11T17:25:12.113069,-35.3632622,149.1652378,7.343,0.0,-0.02,0.39,0.024952637031674385,0.3966263234615326,111,-0.0011458315420895815,0.0020238650031387806,1.9383118152618408,12.6,0.0,100,LAND,True,ACTIVE,10,6
2025-08-11T17:25:12.613900,-35.3632622,149.1652378,7.23,0.0,-0.02,0.49,0.021398749202489853,0.5003854036331177,111,-0.0004544791008811444,0.002170726889744401,1.938295841217041,12.6,0.0,100,LAND,True,ACTIVE,10,6
2025-08-11T17:25:13.114789,-35.3632622,149.1652378,7.1,0.0,-0.02,0.53,0.024601364508271217,0.5333805084228516,111,0.00480192294344306,0.0021509358193725348,1.938368558883667,12.6,0.0,100,LAND,True,ACTIVE,10,6
2025-08-11T17:25:13.615866,-35.3632622,149.1652378,6.967,0.0,-0.02,0.53,0.026364656165242195,0.5328505039215088,111,-0.0015928944339975715,0.001951669342815876,1.9385751485824585,12.6,0.0,100,LAND,True,ACTIVE,10,6
2025-08-11T17:25:14.116968,-35.3632622,149.1652378,6.967,0.0,-0.02,0.53,0.026364656165242195,0.5328505039215088,111,-0.0015928944339975715,0.001951669342815876,1.9385751485824585,12.6,0.0,100,LAND,True,ACTIVE,10,6
2025-08-11T17:25:14.617788,-35.3632622,149.1652378,6.833,0.0,-0.02,0.52,0.022822482511401176,0.5210931301116943,111,0.0013746976619586349,0.0017923349514603615,1.9384918212890625,12.6,0.0,100,LAND,True,ACTIVE,10,6
2025-08-11T17:25:15.118863,-35.3632622,149.1652378,6.703,0.0,-0.02,0.5,0.02633083611726761,0.5098956227302551,111,0.004826232325285673,0.0017457244684919715,1.938521385192871,12.6,0.0,100,LAND,True,ACTIVE,10,6
2025-08-11T17:25:15.619612,-35.3632622,149.1652378,6.575,0.0,-0.02,0.5,0.026716729626059532,0.5022280216217041,111,-0.0016729531344026327,0.0016097554471343756,1.938405156135559,12.6,0.0,100,LAND,True,ACTIVE,10,6
2025-08-11T17:25:16.120190,-35.3632622,149.1652378,6.575,0.0,-0.02,0.5,0.026716729626059532,0.5022280216217041,111,-0.0016729531344026327,0.0016097554471343756,1.938405156135559,12.6,0.0,100,LAND,True,ACTIVE,10,6
2025-08-11T17:25:16.622586,-35.3632622,149.1652378,6.449,0.0,-0.02,0.49,0.022463489323854446,0.4951784908771515,111,0.0015321308746933937,0.0013843935448676348,1.93831205368042,12.6,0.0,100,LAND,True,ACTIVE,10,6
2025-08-11T17:25:17.123470,-35.3632622,149.1652378,6.323,-0.01,-0.02,0.49,0.026834428310394287,0.49322620034217834,111,0.003279223572462797,0.0014082847628742456,1.938354730606079,12.6,0.0,100,LAND,True,ACTIVE,10,6
2025-08-11T17:25:17.623932,-35.3632622,149.1652378,6.198,0.0,-0.02,0.49,0.023845478892326355,0.49355483055114746,111,-0.0027830847539007664,0.0016112945741042495,1.9383479356765747,12.6,0.0,100,LAND,True,ACTIVE,10,6
2025-08-11T17:25:18.124953,-35.3632622,149.1652378,6.073,0.0,-0.02,0.48,0.02065175026655197,0.48964884877204895,111,0.0027445864398032427,0.0017231977544724941,1.9384644031524658,12.6,0.0,100,LAND,True,ACTIVE,10,6
2025-08-11T17:25:18.625810,-35.3632622,149.1652378,6.073,0.0,-0.02,0.48,0.02065175026655197,0.48964884877204895,111,0.0027445864398032427,0.0017231977544724941,1.9384644031524658,12.6,0.0,100,LAND,True,ACTIVE,10,6
2025-08-11T17:25:19.127644,-35.3632622,149.1652378,5.949,-0.01,-0.02,0.48,0.025766577571630478,0.4852922558784485,111,0.00287841958925128,0.0018849024781957269,1.938453197479248,12.6,0.0,100,LAND,True,ACTIVE,10,6
2025-08-11T17:25:19.629338,-35.3632622,149.1652378,5.949,-0.01,-0.02,0.48,0.025766577571630478,0.4852922558784485,111,0.00287841958925128,0.0018849024781957269,1.938453197479248,12.6,0.0,100,LAND,True,ACTIVE,10,6
2025-08-11T17:25:20.129963,-35.3632622,149.1652378,5.949,-0.01,-0.02,0.48,0.025766577571630478,0.4852922558784485,111,0.00287841958925128,0.0018849024781957269,1.938453197479248,12.6,0.0,100,LAND,True,ACTIVE,10,6
2025-08-11T17:25:20.632761,-35.3632622,149.1652378,5.826,-0.01,-0.02,0.48,0.025188568979501724,0.48585769534111023,111,-0.0018505885964259505,0.0019030498806387186,1.9383565187454224,12.6,0.0,100,LAND,True,ACTIVE,10,6
2025-08-11T17:25:21.137166,-35.3632622,149.1652378,5.826,-0.01,-0.02,0.48,0.025188568979501724,0.48585769534111023,111,-0.0018505885964259505,0.0019030498806387186,1.9383565187454224,12.6,0.0,100,LAND,True,ACTIVE,10,6
2025-08-11T17:25:21.637967,-35.3632622,149.1652378,5.826,-0.01,-0.02,0.48,0.025188568979501724,0.48585769534111023,111,-0.0018505885964259505,0.0019030498806387186,1.9383565187454224,12.6,0.0,100,LAND,True,ACTIVE,10,6
2025-08-11T17:25:22.139295,-35.3632622,149.1652378,5.826,-0.01,-0.02,0.48,0.025188568979501724,0.48585769534111023,111,-0.0018505885964259505,0.0019030498806387186,1.9383565187454224,12.6,0.0,100,LAND,True,ACTIVE,10,6
2025-08-11T17:25:22.639956,-35.3632622,149.1652378,5.702,0.0,-0.01,0.48,0.020237397402524948,0.4900988042354584,111,-0.001346659497357905,0.0020028806757181883,1.9383373260498047,12.6,0.0,100,LAND,True,ACTIVE,10,6
2025-08-11T17:25:23.143811,-35.3632622,149.1652378,5.702,0.0,-0.01,0.48,0.020237397402524948,0.4900988042354584,111,-0.001346659497357905,0.0020028806757181883,1.9383373260498047,12.6,0.0,100,LAND,True,ACTIVE,10,6
2025-08-11T17:25:23.645019,-35.3632622,149.1652378,5.577,0.0,-0.02,0.49,0.02087635174393654,0.4968888759613037,111,0.003865802427753806,0.002091256668791175,1.938364028930664,12.6,0.0,100,LAND,True,ACTIVE,10,6
2025-08-11T17:25:24.145954,-35.3632622,149.1652378,5.452,-0.01,-0.02,0.49,0.02510991320014,0.4955412745475769,111,0.0012006423203274608,0.0022422343026846647,1.9383822679519653,12.6,0.0,100,LAND,True,ACTIVE,10,6
2025-08-11T17:25:24.646740,-35.3632622,149.1652378,5.452,-0.01,-0.02,0.49,0.02510991320014,0.4955412745475769,111,0.0012006423203274608,0.0022422343026846647,1.9383822679519653,12.6,0.0,100,LAND,True,ACTIVE,10,6
2025-08-11T17:25:25.147762,-35.3632622,149.1652378,5.326,0.0,-0.02,0.49,0.020620072260499,0.49757519364356995,111,-0.0019572367891669273,0.0021709001157432795,1.9384044408798218,12.6,0.0,100,LAND,True,ACTIVE,10,6
2025-08-11T17:25:25.648967,-35.3632622,149.1652378,5.201,0.0,-0.02,0.49,0.02096335031092167,0.4960971176624298,111,0.004343602806329727,0.002253914251923561,1.9383255243301392,12.6,0.0,100,LAND,True,ACTIVE,10,6
2025-08-11T17:25:26.151753,-35.3632622,149.1652378,5.201,0.0,-0.02,0.49,0.02096335031092167,0.4960971176624298,111,0.004343602806329727,0.002253914251923561,1.9383255243301392,12.6,0.0,100,LAND,True,ACTIVE,10,6
2025-08-11T17:25:26.652922,-35.3632622,149.1652378,5.076,0.0,-0.02,0.49,0.02589339017868042,0.4935295283794403,111,0.0015938904834911227,0.0025284960865974426,1.938339114189148,12.6,0.0,100,LAND,True,ACTIVE,10,6
2025-08-11T17:25:27.153956,-35.3632622,149.1652378,4.952,0.0,-0.02,0.49,0.022861525416374207,0.4964290261268616,111,-0.0017704928759485483,0.002364866901189089,1.9384924173355103,12.6,0.0,100,LAND,True,ACTIVE,10,6
2025-08-11T17:25:27.654956,-35.3632622,149.1652378,4.952,0.0,-0.02,0.49,0.022861525416374207,0.4964290261268616,111,-0.0017704928759485483,0.002364866901189089,1.9384924173355103,12.6,0.0,100,LAND,True,ACTIVE,10,6
2025-08-11T17:25:28.155871,-35.3632622,149.1652378,4.827,0.0,-0.02,0.49,0.023313011974096298,0.4958660304546356,111,0.004808707628399134,0.002197043038904667,1.9383211135864258,12.6,0.0,100,LAND,True,ACTIVE,10,6
2025-08-11T17:25:28.656365,-35.3632622,149.1652378,4.703,-0.01,-0.02,0.49,0.02865651808679104,0.4935093820095062,111,0.0016655330546200275,0.002230727346614003,1.9382940530776978,12.6,0.0,100,LAND,True,ACTIVE,10,6
2025-08-11T17:25:29.159745,-35.3632622,149.1652378,4.703,-0.01,-0.02,0.49,0.02865651808679104,0.4935093820095062,111,0.0016655330546200275,0.002230727346614003,1.9382940530776978,12.6,0.0,100,LAND,True,ACTIVE,10,6
2025-08-11T17:25:29.660683,-35.3632622,149.1652378,4.578,0.0,-0.02,0.49,0.02469770610332489,0.4958990514278412,111,-0.0015378301031887531,0.0023013721220195293,1.9384316205978394,12.6,0.0,100,LAND,True,ACTIVE,10,6
2025-08-11T17:25:30.168189,-35.3632622,149.1652378,4.578,0.0,-0.02,0.49,0.02469770610332489,0.4958990514278412,111,-0.0015378301031887531,0.0023013721220195293,1.9384316205978394,12.6,0.0,100,LAND,True,ACTIVE,10,6
2025-08-11T17:25:30.709905,-35.3632622,149.1652378,4.455,0.0,-0.02,0.49,0.025014474987983704,0.49354827404022217,111,0.004150426015257835,0.0021033063530921936,1.9383565187454224,12.6,0.0,100,LAND,True,ACTIVE,10,6
2025-08-11T17:25:31.271843,-35.3632622,149.1652378,4.455,0.0,-0.02,0.49,0.025014474987983704,0.49354827404022217,111,0.004150426015257835,0.0021033063530921936,1.9383565187454224,12.6,0.0,100,LAND,True,ACTIVE,10,6
2025-08-11T17:25:31.781083,-35.3632622,149.1652378,4.455,0.0,-0.02,0.49,0.025014474987983704,0.49354827404022217,111,0.004150426015257835,0.0021033063530921936,1.9383565187454224,12.6,0.0,100,LAND,True,ACTIVE,10,6
2025-08-11T17:25:32.343552,-35.3632622,149.1652378,4.455,0.0,-0.02,0.49,0.025014474987983704,0.49354827404022217,111,0.004150426015257835,0.0021033063530921936,1.9383565187454224,12.6,0.0,100,LAND,True,ACTIVE,10,6
2025-08-11T17:25:32.875951,-35.3632622,149.1652378,4.455,0.0,-0.02,0.49,0.025014474987983704,0.49354827404022217,111,0.004150426015257835,0.0021033063530921936,1.9383565187454224,12.6,0.0,100,LAND,True,ACTIVE,10,6
2025-08-11T17:25:33.454380,-35.3632622,149.1652378,4.455,0.0,-0.02,0.49,0.025014474987983704,0.49354827404022217,111,0.004150426015257835,0.0021033063530921936,1.9383565187454224,12.6,0.0,100,LAND,True,ACTIVE,10,6
2025-08-11T17:25:33.986764,-35.3632622,149.1652378,4.455,0.0,-0.02,0.49,0.025014474987983704,0.49354827404022217,111,0.004150426015257835,0.0021033063530921936,1.9383565187454224,12.6,0.0,100,LAND,True,ACTIVE,10,6
2025-08-11T17:25:34.498077,-35.3632622,149.1652378,4.455,0.0,-0.02,0.49,0.025014474987983704,0.49354827404022217,111,0.004150426015257835,0.0021033063530921936,1.9383565187454224,12.6,0.0,100,LAND,True,ACTIVE,10,6
2025-08-11T17:25:35.082934,-35.3632622,149.1652378,4.455,0.0,-0.02,0.49,0.025014474987983704,0.49354827404022217,111,0.004150426015257835,0.0021033063530921936,1.9383565187454224,12.6,0.0,100,LAND,True,ACTIVE,10,6
2025-08-11T17:25:35.583844,-35.3632622,149.1652378,4.455,0.0,-0.02,0.49,0.025014474987983704,0.49354827404022217,111,0.004150426015257835,0.0021033063530921936,1.9383565187454224,12.6,0.0,100,LAND,True,ACTIVE,10,6
2025-08-11T17:25:36.161710,-35.3632622,149.1652378,4.455,0.0,-0.02,0.49,0.025014474987983704,0.49354827404022217,111,0.004150426015257835,0.0021033063530921936,1.9383565187454224,12.6,0.0,100,LAND,True,ACTIVE,10,6
2025-08-11T17:25:36.689046,-35.3632622,149.1652378,4.455,0.0,-0.02,0.49,0.025014474987983704,0.49354827404022217,111,0.004150426015257835,0.0021033063530921936,1.9383565187454224,12.6,0.0,100,LAND,True,ACTIVE,10,6
2025-08-11T17:25:37.201000,-35.3632622,149.1652378,4.455,0.0,-0.02,0.49,0.025014474987983704,0.49354827404022217,111,0.004150426015257835,0.0021033063530921936,1.9383565187454224,12.6,0.0,100,LAND,True,ACTIVE,10,6
2025-08-11T17:25:37.787614,-35.3632622,149.1652378,4.455,0.0,-0.02,0.49,0.025014474987983704,0.49354827404022217,111,0.004150426015257835,0.0021033063530921936,1.9383565187454224,12.6,0.0,100,LAND,True,ACTIVE,10,6
2025-08-11T17:25:38.295263,-35.3632622,149.1652378,4.455,0.0,-0.02,0.49,0.025014474987983704,0.49354827404022217,111,0.004150426015257835,0.0021033063530921936,1.9383565187454224,12.6,0.0,100,LAND,True,ACTIVE,10,6
2025-08-11T17:25:38.812837,-35.3632622,149.1652378,4.455,0.0,-0.02,0.49,0.025014474987983704,0.49354827404022217,111,0.004150426015257835,0.0021033063530921936,1.9383565187454224,12.6,0.0,100,LAND,True,ACTIVE,10,6
2025-08-11T17:25:39.353634,-35.3632622,149.1652378,4.455,0.0,-0.02,0.49,0.025014474987983704,0.49354827404022217,111,0.004150426015257835,0.0021033063530921936,1.9383565187454224,12.6,0.0,100,LAND,True,ACTIVE,10,6
2025-08-11T17:25:39.884825,-35.3632622,149.1652378,4.455,0.0,-0.02,0.49,0.025014474987983704,0.49354827404022217,111,0.004150426015257835,0.0021033063530921936,1.9383565187454224,12.6,0.0,100,LAND,True,ACTIVE,10,6
2025-08-11T17:25:40.440111,-35.3632622,149.1652378,4.455,0.0,-0.02,0.49,0.025014474987983704,0.49354827404022217,111,0.004150426015257835,0.0021033063530921936,1.9383565187454224,12.6,0.0,100,LAND,True,ACTIVE,10,6
2025-08-11T17:25:40.969592,-35.3632622,149.1652378,4.455,0.0,-0.02,0.49,0.025014474987983704,0.49354827404022217,111,0.004150426015257835,0.0021033063530921936,1.9383565187454224,12.6,0.0,100,LAND,True,ACTIVE,10,6
2025-08-11T17:25:41.510726,-35.3632622,149.1652378,4.455,0.0,-0.02,0.49,0.025014474987983704,0.49354827404022217,111,0.004150426015257835,0.0021033063530921936,1.9383565187454224,12.6,0.0,100,LAND,True,ACTIVE,10,6
2025-08-11T17:25:42.080226,-35.3632622,149.1652378,4.455,0.0,-0.02,0.49,0.025014474987983704,0.49354827404022217,111,0.004150426015257835,0.0021033063530921936,1.9383565187454224,12.6,0.0,100,LAND,True,ACTIVE,10,6
2025-08-11T17:25:42.602059,-35.3632622,149.1652378,4.455,0.0,-0.02,0.49,0.025014474987983704,0.49354827404022217,111,0.004150426015257835,0.0021033063530921936,1.9383565187454224,12.6,0.0,100,LAND,True,ACTIVE,10,6
2025-08-11T17:25:43.150129,-35.3632622,149.1652378,4.455,0.0,-0.02,0.49,0.025014474987983704,0.49354827404022217,111,0.004150426015257835,0.0021033063530921936,1.9383565187454224,12.6,0.0,100,LAND,True,ACTIVE,10,6
2025-08-11T17:25:43.700940,-35.3632622,149.1652378,4.455,0.0,-0.02,0.49,0.025014474987983704,0.49354827404022217,111,0.004150426015257835,0.0021033063530921936,1.9383565187454224,12.6,0.0,100,LAND,True,ACTIVE,10,6
2025-08-11T17:25:44.297803,-35.3632622,149.1652378,4.455,0.0,-0.02,0.49,0.025014474987983704,0.49354827404022217,111,0.004150426015257835,0.0021033063530921936,1.9383565187454224,12.6,0.0,100,LAND,True,ACTIVE,10,6
2025-08-11T17:25:44.847687,-35.3632622,149.1652378,4.455,0.0,-0.02,0.49,0.025014474987983704,0.49354827404022217,111,0.004150426015257835,0.0021033063530921936,1.9383565187454224,12.6,0.0,100,LAND,True,ACTIVE,10,6
2025-08-11T17:25:45.349972,-35.3632622,149.1652378,4.455,0.0,-0.02,0.49,0.025014474987983704,0.49354827404022217,111,0.004150426015257835,0.0021033063530921936,1.9383565187454224,12.6,0.0,100,LAND,True,ACTIVE,10,6
2025-08-11T17:25:46.034323,-35.3632622,149.1652378,4.455,0.0,-0.02,0.49,0.025014474987983704,0.49354827404022217,111,0.004150426015257835,0.0021033063530921936,1.9383565187454224,12.6,0.0,100,LAND,True,ACTIVE,10,6
2025-08-11T17:25:46.593233,-35.3632622,149.1652378,4.455,0.0,-0.02,0.49,0.025014474987983704,0.49354827404022217,111,0.004150426015257835,0.0021033063530921936,1.9383565187454224,12.6,0.0,100,LAND,True,ACTIVE,10,6
2025-08-11T17:25:47.237296,-35.3632622,149.1652378,4.455,0.0,-0.02,0.49,0.025014474987983704,0.49354827404022217,111,0.004150426015257835,0.0021033063530921936,1.9383565187454224,12.6,0.0,100,LAND,True,ACTIVE,10,6
2025-08-11T17:25:47.806900,-35.3632622,149.1652378,4.455,0.0,-0.02,0.49,0.025014474987983704,0.49354827404022217,111,0.004150426015257835,0.0021033063530921936,1.9383565187454224,12.6,0.0,100,LAND,True,ACTIVE,10,6
2025-08-11T17:25:48.373940,-35.3632622,149.1652378,4.455,0.0,-0.02,0.49,0.025014474987983704,0.49354827404022217,111,0.004150426015257835,0.0021033063530921936,1.9383565187454224,12.6,0.0,100,LAND,True,ACTIVE,10,6
2025-08-11T17:25:48.946767,-35.3632622,149.1652378,4.455,0.0,-0.02,0.49,0.025014474987983704,0.49354827404022217,111,0.004150426015257835,0.0021033063530921936,1.9383565187454224,12.6,0.0,100,LAND,True,ACTIVE,10,6
2025-08-11T17:25:49.516985,-35.3632622,149.1652378,4.455,0.0,-0.02,0.49,0.025014474987983704,0.49354827404022217,111,0.004150426015257835,0.0021033063530921936,1.9383565187454224,12.6,0.0,100,LAND,True,ACTIVE,10,6
2025-08-11T17:25:50.063736,-35.3632622,149.1652378,4.455,0.0,-0.02,0.49,0.025014474987983704,0.49354827404022217,111,0.004150426015257835,0.0021033063530921936,1.9383565187454224,12.6,0.0,100,LAND,True,ACTIVE,10,6
2025-08-11T17:25:50.620934,-35.3632622,149.1652378,4.455,0.0,-0.02,0.49,0.025014474987983704,0.49354827404022217,111,0.004150426015257835,0.0021033063530921936,1.9383565187454224,12.6,0.0,100,LAND,True,ACTIVE,10,6
2025-08-11T17:25:51.246564,-35.3632622,149.1652378,4.455,0.0,-0.02,0.49,0.025014474987983704,0.49354827404022217,111,0.004150426015257835,0.0021033063530921936,1.9383565187454224,12.6,0.0,100,LAND,True,ACTIVE,10,6
2025-08-11T17:25:51.921637,-35.3632622,149.1652378,4.455,0.0,-0.02,0.49,0.025014474987983704,0.49354827404022217,111,0.004150426015257835,0.0021033063530921936,1.9383565187454224,12.6,0.0,100,LAND,True,ACTIVE,10,6
2025-08-11T17:25:52.559525,-35.3632622,149.1652378,4.455,0.0,-0.02,0.49,0.025014474987983704,0.49354827404022217,111,0.004150426015257835,0.0021033063530921936,1.9383565187454224,12.6,0.0,100,LAND,True,ACTIVE,10,6
2025-08-11T17:25:53.115682,-35.3632622,149.1652378,4.455,0.0,-0.02,0.49,0.025014474987983704,0.49354827404022217,111,0.004150426015257835,0.0021033063530921936,1.9383565187454224,12.6,0.0,100,LAND,True,ACTIVE,10,6
2025-08-11T17:25:53.748237,-35.3632622,149.1652378,4.455,0.0,-0.02,0.49,0.025014474987983704,0.49354827404022217,111,0.004150426015257835,0.0021033063530921936,1.9383565187454224,12.6,0.0,100,LAND,True,ACTIVE,10,6
2025-08-11T17:25:54.307083,-35.3632622,149.1652378,4.455,0.0,-0.02,0.49,0.025014474987983704,0.49354827404022217,111,0.004150426015257835,0.0021033063530921936,1.9383565187454224,12.6,0.0,100,LAND,True,ACTIVE,10,6
2025-08-11T17:25:54.897936,-35.3632622,149.1652378,4.455,0.0,-0.02,0.49,0.025014474987983704,0.49354827404022217,111,0.004150426015257835,0.0021033063530921936,1.9383565187454224,12.6,0.0,100,LAND,True,ACTIVE,10,6
2025-08-11T17:25:55.449218,-35.3632622,149.1652378,4.455,0.0,-0.02,0.49,0.025014474987983704,0.49354827404022217,111,0.004150426015257835,0.0021033063530921936,1.9383565187454224,12.6,0.0,100,LAND,True,ACTIVE,10,6
2025-08-11T17:25:56.078645,-35.3632622,149.1652378,4.455,0.0,-0.02,0.49,0.025014474987983704,0.49354827404022217,111,0.004150426015257835,0.0021033063530921936,1.9383565187454224,12.6,0.0,100,LAND,True,ACTIVE,10,6
2025-08-11T17:25:56.651279,-35.3632622,149.1652378,4.455,0.0,-0.02,0.49,0.025014474987983704,0.49354827404022217,111,0.004150426015257835,0.0021033063530921936,1.9383565187454224,12.6,0.0,100,LAND,True,ACTIVE,10,6
2025-08-11T17:25:57.208850,-35.3632622,149.1652378,4.455,0.0,-0.02,0.49,0.025014474987983704,0.49354827404022217,111,0.004150426015257835,0.0021033063530921936,1.9383565187454224,12.6,0.0,100,LAND,True,ACTIVE,10,6
2025-08-11T17:25:57.786800,-35.3632622,149.1652378,4.455,0.0,-0.02,0.49,0.025014474987983704,0.49354827404022217,111,0.004150426015257835,0.0021033063530921936,1.9383565187454224,12.6,0.0,100,LAND,True,ACTIVE,10,6
2025-08-11T17:25:58.382945,-35.3632622,149.1652378,4.455,0.0,-0.02,0.49,0.025014474987983704,0.49354827404022217,111,0.004150426015257835,0.0021033063530921936,1.9383565187454224,12.6,0.0,100,LAND,True,ACTIVE,10,6
2025-08-11T17:25:58.968420,-35.3632622,149.1652378,4.455,0.0,-0.02,0.49,0.025014474987983704,0.49354827404022217,111,0.004150426015257835,0.0021033063530921936,1.9383565187454224,12.6,0.0,100,LAND,True,ACTIVE,10,6
2025-08-11T17:25:59.584077,-35.3632622,149.1652378,4.455,0.0,-0.02,0.49,0.025014474987983704,0.49354827404022217,111,0.004150426015257835,0.0021033063530921936,1.9383565187454224,12.6,0.0,100,LAND,True,ACTIVE,10,6
2025-08-11T17:26:00.148337,-35.3632622,149.1652378,4.455,0.0,-0.02,0.49,0.025014474987983704,0.49354827404022217,111,0.004150426015257835,0.0021033063530921936,1.9383565187454224,12.6,0.0,100,LAND,True,ACTIVE,10,6
2025-08-11T17:26:00.755018,-35.3632622,149.1652378,4.455,0.0,-0.02,0.49,0.025014474987983704,0.49354827404022217,111,0.004150426015257835,0.0021033063530921936,1.9383565187454224,12.6,0.0,100,LAND,True,ACTIVE,10,6
2025-08-11T17:26:01.350383,-35.3632622,149.1652378,4.455,0.0,-0.02,0.49,0.025014474987983704,0.49354827404022217,111,0.004150426015257835,0.0021033063530921936,1.9383565187454224,12.6,0.0,100,LAND,True,ACTIVE,10,6
2025-08-11T17:26:01.943720,-35.3632622,149.1652378,4.455,0.0,-0.02,0.49,0.025014474987983704,0.49354827404022217,111,0.004150426015257835,0.0021033063530921936,1.9383565187454224,12.6,0.0,100,LAND,True,ACTIVE,10,6
2025-08-11T17:26:02.518348,-35.3632622,149.1652378,4.455,0.0,-0.02,0.49,0.025014474987983704,0.49354827404022217,111,0.004150426015257835,0.0021033063530921936,1.9383565187454224,12.6,0.0,100,LAND,True,ACTIVE,10,6
2025-08-11T17:26:03.076511,-35.3632622,149.1652378,4.455,0.0,-0.02,0.49,0.025014474987983704,0.49354827404022217,111,0.004150426015257835,0.0021033063530921936,1.9383565187454224,12.6,0.0,100,LAND,True,ACTIVE,10,6
2025-08-11T17:26:03.662826,-35.3632622,149.1652378,4.455,0.0,-0.02,0.49,0.025014474987983704,0.49354827404022217,111,0.004150426015257835,0.0021033063530921936,1.9383565187454224,12.6,0.0,100,LAND,True,ACTIVE,10,6
2025-08-11T17:26:04.197370,-35.3632622,149.1652378,4.455,0.0,-0.02,0.49,0.025014474987983704,0.49354827404022217,111,0.004150426015257835,0.0021033063530921936,1.9383565187454224,12.6,0.0,100,LAND,True,ACTIVE,10,6
2025-08-11T17:26:04.808322,-35.3632622,149.1652378,4.455,0.0,-0.02,0.49,0.025014474987983704,0.49354827404022217,111,0.004150426015257835,0.0021033063530921936,1.9383565187454224,12.6,0.0,100,LAND,True,ACTIVE,10,6
2025-08-11T17:26:05.457507,-35.3632622,149.1652378,4.455,0.0,-0.02,0.49,0.025014474987983704,0.49354827404022217,111,0.004150426015257835,0.0021033063530921936,1.9383565187454224,12.6,0.0,100,LAND,True,ACTIVE,10,6
2025-08-11T17:26:06.028898,-35.3632622,149.1652378,4.455,0.0,-0.02,0.49,0.025014474987983704,0.49354827404022217,111,0.004150426015257835,0.0021033063530921936,1.9383565187454224,12.6,0.0,100,LAND,True,ACTIVE,10,6
2025-08-11T17:26:06.613281,-35.3632622,149.1652378,4.455,0.0,-0.02,0.49,0.025014474987983704,0.49354827404022217,111,0.004150426015257835,0.0021033063530921936,1.9383565187454224,12.6,0.0,100,LAND,True,ACTIVE,10,6
2025-08-11T17:26:07.253296,-35.3632622,149.1652378,4.455,0.0,-0.02,0.49,0.025014474987983704,0.49354827404022217,111,0.004150426015257835,0.0021033063530921936,1.9383565187454224,12.6,0.0,100,LAND,True,ACTIVE,10,6
2025-08-11T17:26:07.798231,-35.3632622,149.1652378,4.455,0.0,-0.02,0.49,0.025014474987983704,0.49354827404022217,111,0.004150426015257835,0.0021033063530921936,1.9383565187454224,12.6,0.0,100,LAND,True,ACTIVE,10,6
2025-08-11T17:26:08.521922,-35.3632622,149.1652378,4.455,0.0,-0.02,0.49,0.025014474987983704,0.49354827404022217,111,0.004150426015257835,0.0021033063530921936,1.9383565187454224,12.6,0.0,100,LAND,True,ACTIVE,10,6
2025-08-11T17:26:09.161855,-35.3632622,149.1652378,4.455,0.0,-0.02,0.49,0.025014474987983704,0.49354827404022217,111,0.004150426015257835,0.0021033063530921936,1.9383565187454224,12.6,0.0,100,LAND,True,ACTIVE,10,6
2025-08-11T17:26:09.739953,-35.3632622,149.1652378,4.455,0.0,-0.02,0.49,0.025014474987983704,0.49354827404022217,111,0.004150426015257835,0.0021033063530921936,1.9383565187454224,12.6,0.0,100,LAND,True,ACTIVE,10,6
2025-08-11T17:26:10.451881,-35.3632622,149.1652378,4.455,0.0,-0.02,0.49,0.025014474987983704,0.49354827404022217,111,0.004150426015257835,0.0021033063530921936,1.9383565187454224,12.6,0.0,100,LAND,True,ACTIVE,10,6
2025-08-11T17:26:11.050106,-35.3632622,149.1652378,4.455,0.0,-0.02,0.49,0.025014474987983704,0.49354827404022217,111,0.004150426015257835,0.0021033063530921936,1.9383565187454224,12.6,0.0,100,LAND,True,ACTIVE,10,6
2025-08-11T17:26:11.649672,-35.3632622,149.1652378,4.455,0.0,-0.02,0.49,0.025014474987983704,0.49354827404022217,111,0.004150426015257835,0.0021033063530921936,1.9383565187454224,12.6,0.0,100,LAND,True,ACTIVE,10,6
2025-08-11T17:26:12.233866,-35.3632622,149.1652378,4.455,0.0,-0.02,0.49,0.025014474987983704,0.49354827404022217,111,0.004150426015257835,0.0021033063530921936,1.9383565187454224,12.6,0.0,100,LAND,True,ACTIVE,10,6
2025-08-11T17:26:12.905621,-35.3632622,149.1652378,4.455,0.0,-0.02,0.49,0.025014474987983704,0.49354827404022217,111,0.004150426015257835,0.0021033063530921936,1.9383565187454224,12.6,0.0,100,LAND,True,ACTIVE,10,6
2025-08-11T17:26:13.549594,-35.3632622,149.1652378,4.455,0.0,-0.02,0.49,0.025014474987983704,0.49354827404022217,111,0.004150426015257835,0.0021033063530921936,1.9383565187454224,12.6,0.0,100,LAND,True,ACTIVE,10,6
2025-08-11T17:26:14.188130,-35.3632622,149.1652378,4.455,0.0,-0.02,0.49,0.025014474987983704,0.49354827404022217,111,0.004150426015257835,0.0021033063530921936,1.9383565187454224,12.6,0.0,100,LAND,True,ACTIVE,10,6
2025-08-11T17:26:14.739026,-35.3632622,149.1652378,4.455,0.0,-0.02,0.49,0.025014474987983704,0.49354827404022217,111,0.004150426015257835,0.0021033063530921936,1.9383565187454224,12.6,0.0,100,LAND,True,ACTIVE,10,6
2025-08-11T17:26:15.445768,-35.3632622,149.1652378,4.455,0.0,-0.02,0.49,0.025014474987983704,0.49354827404022217,111,0.004150426015257835,0.0021033063530921936,1.9383565187454224,12.6,0.0,100,LAND,True,ACTIVE,10,6
2025-08-11T17:26:15.999805,-35.3632622,149.1652378,4.455,0.0,-0.02,0.49,0.025014474987983704,0.49354827404022217,111,0.004150426015257835,0.0021033063530921936,1.9383565187454224,12.6,0.0,100,LAND,True,ACTIVE,10,6
2025-08-11T17:26:16.545185,-35.3632622,149.1652378,4.455,0.0,-0.02,0.49,0.025014474987983704,0.49354827404022217,111,0.004150426015257835,0.0021033063530921936,1.9383565187454224,12.6,0.0,100,LAND,True,ACTIVE,10,6
2025-08-11T17:26:17.104193,-35.3632622,149.1652378,4.455,0.0,-0.02,0.49,0.025014474987983704,0.49354827404022217,111,0.004150426015257835,0.0021033063530921936,1.9383565187454224,12.6,0.0,100,LAND,True,ACTIVE,10,6
2025-08-11T17:26:17.671336,-35.3632622,149.1652378,4.455,0.0,-0.02,0.49,0.025014474987983704,0.49354827404022217,111,0.004150426015257835,0.0021033063530921936,1.9383565187454224,12.6,0.0,100,LAND,True,ACTIVE,10,6
2025-08-11T17:26:18.238246,-35.3632622,149.1652378,4.455,0.0,-0.02,0.49,0.025014474987983704,0.49354827404022217,111,0.004150426015257835,0.0021033063530921936,1.9383565187454224,12.6,0.0,100,LAND,True,ACTIVE,10,6
2025-08-11T17:26:18.781246,-35.3632622,149.1652378,4.455,0.0,-0.02,0.49,0.025014474987983704,0.49354827404022217,111,0.004150426015257835,0.0021033063530921936,1.9383565187454224,12.6,0.0,100,LAND,True,ACTIVE,10,6
2025-08-11T17:26:19.456419,-35.3632622,149.1652378,4.455,0.0,-0.02,0.49,0.025014474987983704,0.49354827404022217,111,0.004150426015257835,0.0021033063530921936,1.9383565187454224,12.6,0.0,100,LAND,True,ACTIVE,10,6
2025-08-11T17:26:20.007994,-35.3632622,149.1652378,4.455,0.0,-0.02,0.49,0.025014474987983704,0.49354827404022217,111,0.004150426015257835,0.0021033063530921936,1.9383565187454224,12.6,0.0,100,LAND,True,ACTIVE,10,6
2025-08-11T17:26:20.589081,-35.3632622,149.1652378,4.455,0.0,-0.02,0.49,0.025014474987983704,0.49354827404022217,111,0.004150426015257835,0.0021033063530921936,1.9383565187454224,12.6,0.0,100,LAND,True,ACTIVE,10,6
2025-08-11T17:26:21.172504,-35.3632622,149.1652378,4.455,0.0,-0.02,0.49,0.025014474987983704,0.49354827404022217,111,0.004150426015257835,0.0021033063530921936,1.9383565187454224,12.6,0.0,100,LAND,True,ACTIVE,10,6
2025-08-11T17:26:21.706105,-35.3632622,149.1652378,4.455,0.0,-0.02,0.49,0.025014474987983704,0.49354827404022217,111,0.004150426015257835,0.0021033063530921936,1.9383565187454224,12.6,0.0,100,LAND,True,ACTIVE,10,6
2025-08-11T17:26:22.252239,-35.3632622,149.1652378,4.455,0.0,-0.02,0.49,0.025014474987983704,0.49354827404022217,111,0.004150426015257835,0.0021033063530921936,1.9383565187454224,12.6,0.0,100,LAND,True,ACTIVE,10,6
2025-08-11T17:26:22.800315,-35.3632622,149.1652378,4.455,0.0,-0.02,0.49,0.025014474987983704,0.49354827404022217,111,0.004150426015257835,0.0021033063530921936,1.9383565187454224,12.6,0.0,100,LAND,True,ACTIVE,10,6
2025-08-11T17:26:23.371467,-35.3632622,149.1652378,4.455,0.0,-0.02,0.49,0.025014474987983704,0.49354827404022217,111,0.004150426015257835,0.0021033063530921936,1.9383565187454224,12.6,0.0,100,LAND,True,ACTIVE,10,6
2025-08-11T17:26:24.004776,-35.3632622,149.1652378,4.455,0.0,-0.02,0.49,0.025014474987983704,0.49354827404022217,111,0.004150426015257835,0.0021033063530921936,1.9383565187454224,12.6,0.0,100,LAND,True,ACTIVE,10,6
2025-08-11T17:26:24.631902,-35.3632622,149.1652378,4.455,0.0,-0.02,0.49,0.025014474987983704,0.49354827404022217,111,0.004150426015257835,0.0021033063530921936,1.9383565187454224,12.6,0.0,100,LAND,True,ACTIVE,10,6
2025-08-11T17:26:25.525768,-35.3632622,149.1652378,4.455,0.0,-0.02,0.49,0.025014474987983704,0.49354827404022217,111,0.004150426015257835,0.0021033063530921936,1.9383565187454224,12.6,0.0,100,LAND,True,ACTIVE,10,6
2025-08-11T17:26:26.135594,-35.3632622,149.1652378,4.455,0.0,-0.02,0.49,0.025014474987983704,0.49354827404022217,111,0.004150426015257835,0.0021033063530921936,1.9383565187454224,12.6,0.0,100,LAND,True,ACTIVE,10,6
2025-08-11T17:26:26.946539,-35.3632622,149.1652378,4.455,0.0,-0.02,0.49,0.025014474987983704,0.49354827404022217,111,0.004150426015257835,0.0021033063530921936,1.9383565187454224,12.6,0.0,100,LAND,True,ACTIVE,10,6
2025-08-11T17:26:27.751050,-35.3632622,149.1652378,4.455,0.0,-0.02,0.49,0.025014474987983704,0.49354827404022217,111,0.004150426015257835,0.0021033063530921936,1.9383565187454224,12.6,0.0,100,LAND,True,ACTIVE,10,6
2025-08-11T17:26:28.428516,-35.3632622,149.1652378,4.455,0.0,-0.02,0.49,0.025014474987983704,0.49354827404022217,111,0.004150426015257835,0.0021033063530921936,1.9383565187454224,12.6,0.0,100,LAND,True,ACTIVE,10,6
2025-08-11T17:26:29.163843,-35.3632622,149.1652378,4.455,0.0,-0.02,0.49,0.025014474987983704,0.49354827404022217,111,0.004150426015257835,0.0021033063530921936,1.9383565187454224,12.6,0.0,100,LAND,True,ACTIVE,10,6
2025-08-11T17:26:29.853297,-35.3632622,149.1652378,4.455,0.0,-0.02,0.49,0.025014474987983704,0.49354827404022217,111,0.004150426015257835,0.0021033063530921936,1.9383565187454224,12.6,0.0,100,LAND,True,ACTIVE,10,6
2025-08-11T17:26:30.656187,-35.3632622,149.1652378,4.455,0.0,-0.02,0.49,0.025014474987983704,0.49354827404022217,111,0.004150426015257835,0.0021033063530921936,1.9383565187454224,12.6,0.0,100,LAND,True,ACTIVE,10,6
2025-08-11T17:26:31.210964,-35.3632622,149.1652378,4.455,0.0,-0.02,0.49,0.025014474987983704,0.49354827404022217,111,0.004150426015257835,0.0021033063530921936,1.9383565187454224,12.6,0.0,100,LAND,True,ACTIVE,10,6
2025-08-11T17:26:31.880424,-35.3632622,149.1652378,4.455,0.0,-0.02,0.49,0.025014474987983704,0.49354827404022217,111,0.004150426015257835,0.0021033063530921936,1.9383565187454224,12.6,0.0,100,LAND,True,ACTIVE,10,6
2025-08-11T17:26:32.793311,-35.3632622,149.1652378,4.455,0.0,-0.02,0.49,0.025014474987983704,0.49354827404022217,111,0.004150426015257835,0.0021033063530921936,1.9383565187454224,12.6,0.0,100,LAND,True,ACTIVE,10,6
2025-08-11T17:26:33.574868,-35.3632622,149.1652378,4.455,0.0,-0.02,0.49,0.025014474987983704,0.49354827404022217,111,0.004150426015257835,0.0021033063530921936,1.9383565187454224,12.6,0.0,100,LAND,True,ACTIVE,10,6
2025-08-11T17:26:34.935615,-35.3632622,149.1652378,4.455,0.0,-0.02,0.49,0.025014474987983704,0.49354827404022217,111,0.004150426015257835,0.0021033063530921936,1.9383565187454224,12.6,0.0,100,LAND,True,ACTIVE,10,6
2025-08-11T17:26:36.543759,-35.3632622,149.1652378,4.455,0.0,-0.02,0.49,0.025014474987983704,0.49354827404022217,111,0.004150426015257835,0.0021033063530921936,1.9383565187454224,12.6,0.0,100,LAND,True,ACTIVE,10,6
2025-08-11T17:26:37.252027,-35.3632622,149.1652378,4.455,0.0,-0.02,0.49,0.025014474987983704,0.49354827404022217,111,0.004150426015257835,0.0021033063530921936,1.9383565187454224,12.6,0.0,100,LAND,True,ACTIVE,10,6
2025-08-11T17:26:38.039466,-35.3632622,149.1652378,4.455,0.0,-0.02,0.49,0.025014474987983704,0.49354827404022217,111,0.004150426015257835,0.0021033063530921936,1.9383565187454224,12.6,0.0,100,LAND,True,ACTIVE,10,6
2025-08-11T17:26:38.816009,-35.3632622,149.1652378,4.455,0.0,-0.02,0.49,0.025014474987983704,0.49354827404022217,111,0.004150426015257835,0.0021033063530921936,1.9383565187454224,12.6,0.0,100,LAND,True,ACTIVE,10,6
2025-08-11T17:26:39.431372,-35.3632622,149.1652378,4.455,0.0,-0.02,0.49,0.025014474987983704,0.49354827404022217,111,0.004150426015257835,0.0021033063530921936,1.9383565187454224,12.6,0.0,100,LAND,True,ACTIVE,10,6
2025-08-11T17:26:40.343875,-35.3632622,149.1652378,4.455,0.0,-0.02,0.49,0.025014474987983704,0.49354827404022217,111,0.004150426015257835,0.0021033063530921936,1.9383565187454224,12.6,0.0,100,LAND,True,ACTIVE,10,6
2025-08-11T17:26:41.040072,-35.3632622,149.1652378,4.455,0.0,-0.02,0.49,0.025014474987983704,0.49354827404022217,111,0.004150426015257835,0.0021033063530921936,1.9383565187454224,12.6,0.0,100,LAND,True,ACTIVE,10,6
2025-08-11T17:26:41.759494,-35.3632622,149.1652378,4.455,0.0,-0.02,0.49,0.025014474987983704,0.49354827404022217,111,0.004150426015257835,0.0021033063530921936,1.9383565187454224,12.6,0.0,100,LAND,True,ACTIVE,10,6
2025-08-11T17:26:42.464311,-35.3632622,149.1652378,4.455,0.0,-0.02,0.49,0.025014474987983704,0.49354827404022217,111,0.004150426015257835,0.0021033063530921936,1.9383565187454224,12.6,0.0,100,LAND,True,ACTIVE,10,6
2025-08-11T17:26:43.012487,-35.3632622,149.1652378,4.455,0.0,-0.02,0.49,0.025014474987983704,0.49354827404022217,111,0.004150426015257835,0.0021033063530921936,1.9383565187454224,12.6,0.0,100,LAND,True,ACTIVE,10,6
2025-08-11T17:26:43.653726,-35.3632622,149.1652378,4.455,0.0,-0.02,0.49,0.025014474987983704,0.49354827404022217,111,0.004150426015257835,0.0021033063530921936,1.9383565187454224,12.6,0.0,100,LAND,True,ACTIVE,10,6
2025-08-11T17:26:44.403439,-35.3632622,149.1652378,4.455,0.0,-0.02,0.49,0.025014474987983704,0.49354827404022217,111,0.004150426015257835,0.0021033063530921936,1.9383565187454224,12.6,0.0,100,LAND,True,ACTIVE,10,6
2025-08-11T17:26:45.194344,-35.3632622,149.1652378,4.455,0.0,-0.02,0.49,0.025014474987983704,0.49354827404022217,111,0.004150426015257835,0.0021033063530921936,1.9383565187454224,12.6,0.0,100,LAND,True,ACTIVE,10,6
2025-08-11T17:26:45.884903,-35.3632622,149.1652378,4.455,0.0,-0.02,0.49,0.025014474987983704,0.49354827404022217,111,0.004150426015257835,0.0021033063530921936,1.9383565187454224,12.6,0.0,100,LAND,True,ACTIVE,10,6
2025-08-11T17:26:46.599871,-35.3632622,149.1652378,4.455,0.0,-0.02,0.49,0.025014474987983704,0.49354827404022217,111,0.004150426015257835,0.0021033063530921936,1.9383565187454224,12.6,0.0,100,LAND,True,ACTIVE,10,6
                                                                                                                                                                                                                                                                                                                                                                                                                                                                                                                                                                                                                                                                                                                                                                                                                                                                                                                                                                                                                                                                                                                   