timestamp,lat,lon,alt,velocity_x,velocity_y,velocity_z,ground_speed,air_speed,heading,roll,pitch,yaw,battery_voltage,battery_current,battery_level,mode,armed,system_status,satellites_visible,fix_type
2026-05-28T14:40:45.736211,-35.363262,149.1652372,9.573,-0.01,0.01,-0.93,0.02274845540523529,0.9377508759498596,352,0.0036833647172898054,0.0035308024380356073,-0.1276744306087494,12.6,25.92,98,GUIDED,True,ACTIVE,10,6
2026-05-28T14:40:46.237077,-35.363262,149.1652372,9.912,0.01,0.07,-0.44,0.0774882584810257,0.4485361576080322,352,0.0776168555021286,-0.006630630232393742,-0.12787306308746338,12.6,25.66,98,GUIDED,True,ACTIVE,10,6
2026-05-28T14:40:46.737744,-35.3632618,149.1652398,10.008,0.07,1.07,-0.01,1.0765893459320068,1.0767567157745361,356,0.34693652391433716,0.004886249545961618,-0.056055087596178055,12.6,28.41,98,GUIDED,True,ACTIVE,10,6
2026-05-28T14:40:47.238453,-35.3632612,149.1652497,9.989,0.18,2.58,0.01,2.5866777896881104,2.5867526531219482,27,0.29978683590888977,-0.18480490148067474,0.4748677909374237,12.6,30.02,98,GUIDED,True,ACTIVE,10,6
2026-05-28T14:40:47.739056,-35.3632602,149.1652672,9.978,0.25,3.84,-0.02,3.8550803661346436,3.8551580905914307,59,0.15763823688030243,-0.3230341970920563,1.0421624183654785,12.6,30.06,98,GUIDED,True,ACTIVE,10,6
2026-05-28T14:40:48.239288,-35.363259,149.1652911,9.987,0.33,4.95,-0.04,4.964382171630859,4.964589595794678,88,-0.024432821199297905,-0.40543314814567566,1.550047516822815,12.6,30.16,97,GUIDED,True,ACTIVE,10,6
2026-05-28T14:40:48.739869,-35.3632572,149.1653212,10.003,0.46,6.09,-0.03,6.108790397644043,6.108896255493164,88,-0.015346571803092957,-0.4737599492073059,1.5378642082214355,12.6,30.84,97,GUIDED,True,ACTIVE,10,6
2026-05-28T14:40:49.240349,-35.363255,149.1653576,10.015,0.53,7.25,-0.02,7.278409004211426,7.278444766998291,86,0.0032129220198839903,-0.5209254026412964,1.5021893978118896,12.6,31.49,97,GUIDED,True,ACTIVE,10,6
2026-05-28T14:40:49.740960,-35.3632524,149.1654002,10.024,0.59,8.19,-0.01,8.216188430786133,8.216202735900879,86,-0.0002060196129605174,-0.52347332239151,1.5097758769989014,12.6,31.28,97,GUIDED,True,ACTIVE,10,6
2026-05-28T14:40:50.242478,-35.3632497,149.165447,10.03,0.63,8.83,0.0,8.859951972961426,8.859954833984375,86,0.0010311451042070985,-0.5182867646217346,1.5087612867355347,12.6,30.95,97,GUIDED,True,ACTIVE,10,6
2026-05-28T14:40:50.743271,-35.3632468,149.1654968,10.033,0.65,9.26,0.0,9.286809921264648,9.286808967590332,86,0.0007749576470814645,-0.5201427340507507,1.5084284543991089,12.6,30.88,97,GUIDED,True,ACTIVE,10,6
2026-05-28T14:40:51.243865,-35.3632438,149.1655488,10.033,0.67,9.57,0.0,9.597907066345215,9.597908020019531,86,0.0007237453246489167,-0.5209905505180359,1.5078818798065186,12.6,30.83,97,GUIDED,True,ACTIVE,10,6
2026-05-28T14:40:51.744502,-35.3632407,149.1656024,10.033,0.69,9.78,0.0,9.811856269836426,9.811856269836426,86,0.0004585877468343824,-0.5202744603157043,1.5077552795410156,12.6,30.75,96,GUIDED,True,ACTIVE,10,6
2026-05-28T14:40:52.245601,-35.3632376,149.1656566,10.035,0.7,9.92,0.0,9.948740005493164,9.948741912841797,86,-0.0004791020473930985,-0.5204609036445618,1.5076497793197632,12.6,30.69,96,GUIDED,True,ACTIVE,10,6
2026-05-28T14:40:52.746541,-35.3632344,149.1657114,10.037,0.72,10.01,0.0,10.037975311279297,10.037976264953613,86,-0.0005357355694286525,-0.5202181935310364,1.5074589252471924,12.6,30.64,96,GUIDED,True,ACTIVE,10,6
2026-05-28T14:40:53.247547,-35.3632312,149.1657669,10.039,0.72,10.07,0.0,10.100851058959961,10.100854873657227,86,-0.00012285145930945873,-0.5212709307670593,1.506818175315857,12.6,30.65,96,GUIDED,True,ACTIVE,10,6
2026-05-28T14:40:53.748074,-35.363228,149.1658227,10.04,0.73,10.12,0.01,10.149449348449707,10.149454116821289,86,0.00011376016482245177,-0.5198226571083069,1.506547451019287,12.6,30.64,96,GUIDED,True,ACTIVE,10,6
2026-05-28T14:40:54.248441,-35.3632248,149.1658787,10.043,0.73,10.12,0.01,10.155909538269043,10.155915260314941,86,-0.0002748920815065503,-0.5136137008666992,1.506311297416687,12.6,30.46,96,GUIDED,True,ACTIVE,10,6
2026-05-28T14:40:54.749168,-35.3632216,149.1659344,10.045,0.74,10.1,0.01,10.135515213012695,10.135525703430176,86,4.1851122659863904e-05,-0.5108882784843445,1.5059177875518799,12.6,30.38,96,GUIDED,True,ACTIVE,10,6
2026-05-28T14:40:55.249660,-35.3632183,149.1659903,10.048,0.74,10.08,0.01,10.107956886291504,10.107969284057617,86,0.0005849468871019781,-0.5074431300163269,1.5055477619171143,12.6,30.33,96,GUIDED,True,ACTIVE,10,6
2026-05-28T14:40:55.750177,-35.3632151,149.166046,10.05,0.73,10.04,0.01,10.074749946594238,10.07476806640625,86,0.000963138765655458,-0.5059321522712708,1.5054757595062256,12.6,30.32,95,GUIDED,True,ACTIVE,10,6
2026-05-28T14:40:56.251098,-35.3632118,149.1661015,10.051,0.73,10.01,0.02,10.046893119812012,10.046913146972656,86,0.0015202061040326953,-0.5031415224075317,1.5051956176757812,12.6,30.26,95,GUIDED,True,ACTIVE,10,6
2026-05-28T14:40:56.751961,-35.3632086,149.1661568,10.052,0.73,9.98,0.02,10.013984680175781,10.014007568359375,86,0.0019116345793008804,-0.5021600127220154,1.5047701597213745,12.6,30.25,95,GUIDED,True,ACTIVE,10,6
2026-05-28T14:40:57.252371,-35.3632054,149.166212,10.052,0.72,9.96,0.02,9.992892265319824,9.992918968200684,86,0.0021187043748795986,-0.5027998089790344,1.5049411058425903,12.6,30.28,95,GUIDED,True,ACTIVE,10,6
2026-05-28T14:40:57.753158,-35.3632022,149.1662668,10.051,0.72,9.95,0.02,9.983792304992676,9.983820915222168,86,0.0016824697377160192,-0.5068005919456482,1.504616618156433,12.6,30.34,95,GUIDED,True,ACTIVE,10,6
2026-05-28T14:40:58.254011,-35.363199,149.1663217,10.049,0.73,9.97,0.02,9.99740982055664,9.99743366241455,86,0.0018366794101893902,-0.5088602900505066,1.504157304763794,12.6,30.4,95,GUIDED,True,ACTIVE,10,6
2026-05-28T14:40:58.754301,-35.3631958,149.1663766,10.048,0.73,9.98,0.02,10.008143424987793,10.008163452148438,86,0.002469289116561413,-0.5086774826049805,1.5038336515426636,12.6,30.4,95,GUIDED,True,ACTIVE,10,6
2026-05-28T14:40:59.255015,-35.3631926,149.1664317,10.048,0.73,9.98,0.01,10.012596130371094,10.012615203857422,86,0.0029226583428680897,-0.5071046948432922,1.503730297088623,12.6,30.35,95,GUIDED,True,ACTIVE,10,6
2026-05-28T14:40:59.755689,-35.3631893,149.1664868,10.046,0.73,9.97,0.01,10.005473136901855,10.005492210388184,86,0.0031881399918347597,-0.5055245757102966,1.5035271644592285,12.6,30.34,94,GUIDED,True,ACTIVE,10,6
2026-05-28T14:41:00.256714,-35.3631861,149.1665421,10.044,0.72,9.97,0.01,9.996686935424805,9.996700286865234,86,0.004478344228118658,-0.5039449334144592,1.5032881498336792,12.6,30.32,94,GUIDED,True,ACTIVE,10,6
2026-05-28T14:41:00.757224,-35.3631829,149.1665971,10.043,0.72,9.95,0.01,9.97706127166748,9.977072715759277,86,0.004699647892266512,-0.5009942054748535,1.5030183792114258,12.6,30.26,94,GUIDED,True,ACTIVE,10,6
2026-05-28T14:41:01.257885,-35.3631797,149.1666523,10.042,0.72,9.93,0.01,9.963435173034668,9.963446617126465,86,0.0032295677810907364,-0.5022971034049988,1.50316321849823,12.6,30.26,94,GUIDED,True,ACTIVE,10,6
2026-05-28T14:41:01.758582,-35.3631765,149.1667072,10.04,0.72,9.92,0.01,9.954188346862793,9.954198837280273,86,0.0040047201327979565,-0.5015180110931396,1.5032023191452026,12.6,30.27,94,GUIDED,True,ACTIVE,10,6
2026-05-28T14:41:02.259275,-35.3631733,149.1667622,10.039,0.72,9.92,0.01,9.948745727539062,9.948753356933594,86,0.004268817603588104,-0.5021572113037109,1.502878189086914,12.6,30.29,94,GUIDED,True,ACTIVE,10,6
2026-05-28T14:41:02.760013,-35.3631701,149.166817,10.038,0.72,9.92,0.01,9.948692321777344,9.948698997497559,86,0.005201646126806736,-0.5034404993057251,1.5020753145217896,12.6,30.31,94,GUIDED,True,ACTIVE,10,6
2026-05-28T14:41:03.260505,-35.3631669,149.1668718,10.036,0.71,9.93,0.01,9.95752239227295,9.957528114318848,86,0.005534388590604067,-0.5049539804458618,1.5019632577896118,12.6,30.36,94,GUIDED,True,ACTIVE,10,6
2026-05-28T14:41:03.761287,-35.3631637,149.1669265,10.035,0.71,9.93,0.0,9.96049976348877,9.960502624511719,86,0.005652617197483778,-0.5057492256164551,1.5017902851104736,12.6,30.35,93,GUIDED,True,ACTIVE,10,6
2026-05-28T14:41:04.261924,-35.3631605,149.1669812,10.033,0.71,9.95,0.0,9.977739334106445,9.977742195129395,86,0.005342139396816492,-0.5101191997528076,1.5017575025558472,12.6,30.43,93,GUIDED,True,ACTIVE,10,6
2026-05-28T14:41:04.763067,-35.3631573,149.1670362,10.033,0.72,9.97,0.0,9.99850082397461,9.998503684997559,86,0.00569539237767458,-0.508384644985199,1.5013961791992188,12.6,30.43,93,GUIDED,True,ACTIVE,10,6
2026-05-28T14:41:05.263381,-35.3631541,149.1670911,10.033,0.72,9.97,0.0,10.000631332397461,10.00063419342041,85,0.007046243641525507,-0.5062770843505859,1.5007623434066772,12.6,30.33,93,GUIDED,True,ACTIVE,10,6
2026-05-28T14:41:05.764115,-35.3631509,149.1671463,10.033,0.71,9.96,0.0,9.992999076843262,9.993000984191895,85,0.0069499327801167965,-0.5040953755378723,1.5008758306503296,12.6,30.29,93,GUIDED,True,ACTIVE,10,6
2026-05-28T14:41:06.265670,-35.3631477,149.1672015,10.033,0.71,9.95,0.0,9.978391647338867,9.9783935546875,85,0.0066249738447368145,-0.5029652714729309,1.5006901025772095,12.6,30.28,93,GUIDED,True,ACTIVE,10,6
2026-05-28T14:41:06.766277,-35.3631444,149.1672565,10.031,0.71,9.93,0.0,9.964868545532227,9.964871406555176,85,0.007085272576659918,-0.5023913383483887,1.50052011013031,12.6,30.31,93,GUIDED,True,ACTIVE,10,6
2026-05-28T14:41:07.266798,-35.3631413,149.1673113,10.03,0.71,9.93,0.0,9.959524154663086,9.959526062011719,85,0.006802787072956562,-0.5040972828865051,1.5005333423614502,12.6,30.33,93,GUIDED,True,ACTIVE,10,6
2026-05-28T14:41:07.767441,-35.3631381,149.1673663,10.03,0.71,9.93,0.0,9.960192680358887,9.960192680358887,85,0.007094299886375666,-0.50332111120224,1.500272274017334,12.6,30.28,92,GUIDED,True,ACTIVE,10,6
2026-05-28T14:41:08.267972,-35.3631349,149.1674214,10.03,0.71,9.93,0.0,9.959344863891602,9.959344863891602,85,0.007255802862346172,-0.5036150217056274,1.5002151727676392,12.6,30.31,92,GUIDED,True,ACTIVE,10,6
2026-05-28T14:41:08.768577,-35.3631317,149.1674761,10.029,0.71,9.93,0.0,9.957159996032715,9.957161903381348,85,0.007422856520861387,-0.505001962184906,1.5000966787338257,12.6,30.35,92,GUIDED,True,ACTIVE,10,6
2026-05-28T14:41:09.269733,-35.3631285,149.1675307,10.029,0.71,9.94,0.0,9.966714859008789,9.966715812683105,85,0.007664131931960583,-0.5080360770225525,1.500003457069397,12.6,30.42,92,GUIDED,True,ACTIVE,10,6
2026-05-28T14:41:09.770333,-35.3631253,149.1675857,10.029,0.71,9.95,0.0,9.984707832336426,9.984708786010742,85,0.008063849061727524,-0.5074639320373535,1.4997285604476929,12.6,30.39,92,GUIDED,True,ACTIVE,10,6
2026-05-28T14:41:10.270663,-35.3631221,149.1676406,10.028,0.71,9.96,0.0,9.98914909362793,9.989150047302246,85,0.008305496536195278,-0.505865752696991,1.499472975730896,12.6,30.34,92,GUIDED,True,ACTIVE,10,6
2026-05-28T14:41:10.771346,-35.3631188,149.1676958,10.028,0.71,9.96,0.0,9.9863862991333,9.9863862991333,85,0.008446326479315758,-0.5051480531692505,1.499547004699707,12.6,30.34,92,GUIDED,True,ACTIVE,10,6
2026-05-28T14:41:11.272005,-35.3631157,149.1677507,10.027,0.71,9.95,0.0,9.980839729309082,9.980839729309082,85,0.008890417404472828,-0.5040541887283325,1.4993289709091187,12.6,30.3,91,GUIDED,True,ACTIVE,10,6
2026-05-28T14:41:11.772805,-35.3631125,149.1678057,10.027,0.7,9.94,0.0,9.973641395568848,9.973642349243164,85,0.008552304469048977,-0.5033708214759827,1.4993178844451904,12.6,30.3,91,GUIDED,True,ACTIVE,10,6
2026-05-28T14:41:12.273481,-35.3631093,149.1678607,10.026,0.7,9.94,0.0,9.966875076293945,9.966874122619629,85,0.008412175811827183,-0.5033442974090576,1.499230146408081,12.6,30.31,91,GUIDED,True,ACTIVE,10,6
2026-05-28T14:41:12.774540,-35.3631061,149.1679157,10.026,0.71,9.93,0.0,9.961410522460938,9.961411476135254,85,0.00851225946098566,-0.5035595297813416,1.4991273880004883,12.6,30.31,91,GUIDED,True,ACTIVE,10,6
2026-05-28T14:41:13.275306,-35.3631029,149.1679703,10.026,0.71,9.93,0.0,9.963481903076172,9.963482856750488,85,0.008363040164113045,-0.5064957737922668,1.4990614652633667,12.6,30.35,91,GUIDED,True,ACTIVE,10,6
2026-05-28T14:41:13.776343,-35.3630997,149.1680252,10.025,0.71,9.95,0.0,9.980623245239258,9.980624198913574,85,0.008833671920001507,-0.5080912709236145,1.4988771677017212,12.6,30.41,91,GUIDED,True,ACTIVE,10,6
2026-05-28T14:41:14.276981,-35.3630965,149.1680801,10.025,0.71,9.96,0.0,9.988683700561523,9.98868465423584,85,0.009229305200278759,-0.5063335299491882,1.4986951351165771,12.6,30.36,91,GUIDED,True,ACTIVE,10,6
2026-05-28T14:41:14.777766,-35.3630933,149.1681353,10.025,0.71,9.96,0.0,9.987930297851562,9.987930297851562,85,0.00962074100971222,-0.5053703784942627,1.498445749282837,12.6,30.34,91,GUIDED,True,ACTIVE,10,6
2026-05-28T14:41:15.278332,-35.3630901,149.1681903,10.026,0.7,9.95,0.0,9.9803466796875,9.9803466796875,85,0.009347819723188877,-0.503634512424469,1.4985709190368652,12.6,30.3,90,GUIDED,True,ACTIVE,10,6
2026-05-28T14:41:15.779187,-35.3630869,149.1682452,10.026,0.7,9.94,0.0,9.974113464355469,9.974113464355469,85,0.009324805811047554,-0.5045971870422363,1.4984616041183472,12.6,30.33,90,GUIDED,True,ACTIVE,10,6
2026-05-28T14:41:16.279904,-35.3630837,149.1683002,10.025,0.7,9.94,0.0,9.969718933105469,9.969718933105469,85,0.009557213634252548,-0.5039002895355225,1.498308777809143,12.6,30.31,90,GUIDED,True,ACTIVE,10,6
2026-05-28T14:41:16.780797,-35.3630805,149.1683552,10.025,0.7,9.94,0.0,9.967947959899902,9.967948913574219,85,0.009442136622965336,-0.5037992596626282,1.4983253479003906,12.6,30.31,90,GUIDED,True,ACTIVE,10,6
2026-05-28T14:41:17.281486,-35.3630773,149.1684102,10.025,0.7,9.93,0.0,9.964869499206543,9.964869499206543,85,0.009237075224518776,-0.5022925734519958,1.4983264207839966,12.6,30.26,90,GUIDED,True,ACTIVE,10,6
2026-05-28T14:41:17.781934,-35.3630741,149.1684651,10.025,0.7,9.93,0.0,9.958361625671387,9.958361625671387,85,0.009236334823071957,-0.5027427673339844,1.498258352279663,12.6,30.29,90,GUIDED,True,ACTIVE,10,6
2026-05-28T14:41:18.282471,-35.3630709,149.1685199,10.024,0.7,9.92,0.0,9.952786445617676,9.952786445617676,85,0.009300889447331429,-0.503765344619751,1.4981821775436401,12.6,30.31,90,GUIDED,True,ACTIVE,10,6
2026-05-28T14:41:18.783168,-35.3630677,149.1685746,10.022,0.7,9.93,0.0,9.963583946228027,9.963584899902344,85,0.009555685333907604,-0.5082874894142151,1.4980647563934326,12.6,30.42,90,GUIDED,True,ACTIVE,10,6
2026-05-28T14:41:19.283879,-35.3630645,149.1686294,10.022,0.71,9.96,0.0,9.98682689666748,9.986827850341797,85,0.009522119536995888,-0.5091840028762817,1.4980791807174683,12.6,30.43,89,GUIDED,True,ACTIVE,10,6
2026-05-28T14:41:19.787264,-35.3630613,149.1686842,10.022,0.71,9.97,0.0,9.997994422912598,9.997994422912598,85,0.010410239920020103,-0.5078011751174927,1.497758150100708,12.6,30.43,89,GUIDED,True,ACTIVE,10,6
2026-05-28T14:41:20.287872,-35.3630581,149.1687393,10.022,0.7,9.97,0.0,9.997971534729004,9.997970581054688,85,0.01037320401519537,-0.5061420798301697,1.4977762699127197,12.6,30.36,89,GUIDED,True,ACTIVE,10,6
2026-05-28T14:41:20.788499,-35.3630549,149.1687945,10.022,0.7,9.96,0.0,9.994235038757324,9.994235038757324,85,0.010003478266298771,-0.505260169506073,1.497863531112671,12.6,30.34,89,GUIDED,True,ACTIVE,10,6
2026-05-28T14:41:21.289130,-35.3630517,149.1688496,10.022,0.7,9.96,0.0,9.98654842376709,9.986547470092773,85,0.009569465182721615,-0.5025225877761841,1.497890830039978,12.6,30.25,89,GUIDED,True,ACTIVE,10,6
2026-05-28T14:41:21.789881,-35.3630485,149.1689046,10.023,0.7,9.94,0.0,9.96802806854248,9.96802806854248,85,0.00917925126850605,-0.5014002323150635,1.4978795051574707,12.6,30.27,89,GUIDED,True,ACTIVE,10,6
2026-05-28T14:41:22.291000,-35.3630453,149.1689597,10.024,0.7,9.93,0.0,9.958209991455078,9.958209991455078,85,0.010216167196631432,-0.5019514560699463,1.4975420236587524,12.6,30.27,89,GUIDED,True,ACTIVE,10,6
2026-05-28T14:41:22.791728,-35.3630421,149.1690147,10.024,0.7,9.92,0.0,9.951294898986816,9.951295852661133,85,0.010143629275262356,-0.5021023750305176,1.4976202249526978,12.6,30.27,89,GUIDED,True,ACTIVE,10,6
2026-05-28T14:41:23.291880,-35.3630389,149.1690695,10.023,0.7,9.92,0.0,9.951629638671875,9.951630592346191,85,0.008107850328087807,-0.5029905438423157,1.4979896545410156,12.6,30.29,88,GUIDED,True,ACTIVE,10,6
2026-05-28T14:41:23.792492,-35.3630357,149.1691242,10.022,0.71,9.92,0.0,9.954170227050781,9.954170227050781,85,0.009061860851943493,-0.503933310508728,1.4976310729980469,12.6,30.31,88,GUIDED,True,ACTIVE,10,6
2026-05-28T14:41:24.292786,-35.3630325,149.1691791,10.022,0.71,9.93,0.0,9.961414337158203,9.961414337158203,85,0.00991703663021326,-0.5042569637298584,1.4974182844161987,12.6,30.33,88,GUIDED,True,ACTIVE,10,6
2026-05-28T14:41:24.793643,-35.3630293,149.1692337,10.021,0.7,9.94,0.0,9.96563720703125,9.965638160705566,85,0.010063418187201023,-0.5077463984489441,1.497611165046692,12.6,30.37,88,GUIDED,True,ACTIVE,10,6
2026-05-28T14:41:25.294219,-35.3630261,149.1692886,10.021,0.7,9.96,0.0,9.990609169006348,9.990610122680664,85,0.010057458654046059,-0.5100498795509338,1.4973808526992798,12.6,30.45,88,GUIDED,True,ACTIVE,10,6
2026-05-28T14:41:25.794518,-35.3630229,149.1693435,10.021,0.7,9.98,0.0,10.005703926086426,10.005703926086426,85,0.010512180626392365,-0.5074595212936401,1.497401237487793,12.6,30.38,88,GUIDED,True,ACTIVE,10,6
2026-05-28T14:41:26.295195,-35.3630197,149.1693986,10.021,0.7,9.97,0.0,10.001897811889648,10.001896858215332,85,0.009976680390536785,-0.5053979754447937,1.4973809719085693,12.6,30.34,88,GUIDED,True,ACTIVE,10,6
2026-05-28T14:41:26.795505,-35.3630165,149.1694537,10.021,0.7,9.96,0.0,9.98995590209961,9.98995590209961,85,0.009649953804910183,-0.5032109022140503,1.4974583387374878,12.6,30.3,88,GUIDED,True,ACTIVE,10,6
2026-05-28T14:41:27.296417,-35.3630133,149.1695089,10.021,0.7,9.95,0.0,9.976391792297363,9.976391792297363,85,0.00927648600190878,-0.5028485655784607,1.4975650310516357,12.6,30.31,87,GUIDED,True,ACTIVE,10,6
2026-05-28T14:41:27.797203,-35.3630101,149.1695638,10.021,0.7,9.94,0.0,9.966630935668945,9.966631889343262,85,0.009470613673329353,-0.5032089352607727,1.4974874258041382,12.6,30.28,87,GUIDED,True,ACTIVE,10,6
2026-05-28T14:41:28.297587,-35.3630069,149.1696187,10.021,0.7,9.9,0.0,9.929492950439453,9.929496765136719,85,0.00967984739691019,-0.465553879737854,1.4975568056106567,12.6,30.0,87,GUIDED,True,ACTIVE,10,6
2026-05-28T14:41:28.797885,-35.3630038,149.1696719,10.031,0.65,9.23,-0.01,9.259471893310547,9.25948715209961,85,0.00911693461239338,-0.30088505148887634,1.4978400468826294,12.6,27.71,87,GUIDED,True,ACTIVE,10,6
2026-05-28T14:41:29.298352,-35.3630011,149.1697203,10.032,0.57,8.2,0.01,8.220846176147461,8.220857620239258,85,0.006903360597789288,-0.20405760407447815,1.4983116388320923,12.6,27.51,87,GUIDED,True,ACTIVE,10,6
2026-05-28T14:41:29.798839,-35.3629988,149.1697627,10.023,0.49,7.1,0.02,7.119418144226074,7.119460582733154,85,0.002804436720907688,-0.11294630169868469,1.4983378648757935,12.6,27.77,87,GUIDED,True,ACTIVE,10,6
2026-05-28T14:41:30.299523,-35.3629969,149.1697988,10.013,0.42,5.93,0.01,5.948073863983154,5.948105335235596,85,-0.001460530678741634,-0.015572289936244488,1.498133659362793,12.6,28.09,87,GUIDED,True,ACTIVE,10,6
2026-05-28T14:41:30.800235,-35.3629953,149.1698283,10.008,0.35,4.66,0.0,4.680779933929443,4.680784225463867,85,-0.004497256595641375,0.07938377559185028,1.498125433921814,12.6,28.4,87,GUIDED,True,ACTIVE,10,6
2026-05-28T14:41:31.300530,-35.3629941,149.1698507,10.009,0.27,3.32,0.0,3.33966064453125,3.3396646976470947,85,-0.004926519468426704,0.1605369746685028,1.4981927871704102,12.6,28.65,86,GUIDED,True,ACTIVE,10,6
2026-05-28T14:41:31.801052,-35.3629932,149.1698654,10.014,0.19,1.95,-0.01,1.9632166624069214,1.963242530822754,85,-0.0026336016599088907,0.20972269773483276,1.498839259147644,12.6,28.84,86,GUIDED,True,ACTIVE,10,6
2026-05-28T14:41:32.301747,-35.3629927,149.1698737,10.02,0.08,1.25,0.0,1.260825276374817,1.2608474493026733,87,0.020703041926026344,-0.044473860412836075,1.528998613357544,12.6,28.03,86,GUIDED,True,ACTIVE,10,6
2026-05-28T14:41:32.802514,-35.3629926,149.1698822,10.018,0.02,2.05,0.0,2.0516254901885986,2.051640033721924,90,0.00010743741586338729,-0.33977997303009033,1.578529953956604,12.6,29.58,86,GUIDED,True,ACTIVE,10,6
2026-05-28T14:41:33.302944,-35.3629925,149.1698974,10.016,0.02,3.49,0.0,3.5000758171081543,3.5000863075256348,90,0.0014041676186025143,-0.37783849239349365,1.5718536376953125,12.6,30.09,86,GUIDED,True,ACTIVE,10,6
2026-05-28T14:41:33.803437,-35.3629922,149.1699195,10.018,0.01,4.7,0.0,4.707579612731934,4.707587242126465,89,0.008892592042684555,-0.40672239661216736,1.5675387382507324,12.6,30.13,86,GUIDED,True,ACTIVE,10,6
2026-05-28T14:41:34.303846,-35.3629919,149.1699482,10.019,0.0,5.87,0.0,5.877676963806152,5.877678394317627,89,0.0130221052095294,-0.4681924879550934,1.566616415977478,12.6,30.73,86,GUIDED,True,ACTIVE,10,6
2026-05-28T14:41:34.804537,-35.3629918,149.1699836,10.018,-0.03,7.08,0.0,7.083085536956787,7.083086013793945,89,0.015892507508397102,-0.5196958184242249,1.5655274391174316,12.6,31.53,86,GUIDED,True,ACTIVE,10,6
2026-05-28T14:41:35.305218,-35.3629916,149.1700251,10.021,-0.06,7.88,-0.02,7.882005214691162,7.8820390701293945,89,0.014996384270489216,-0.41769152879714966,1.5667815208435059,12.6,29.94,85,GUIDED,True,ACTIVE,10,6
2026-05-28T14:41:35.805512,-35.3629917,149.170068,10.029,-0.08,7.47,-0.01,7.478569984436035,7.478580474853516,89,0.011204908601939678,-0.1742091178894043,1.569103479385376,12.6,27.6,85,GUIDED,True,ACTIVE,10,6
2026-05-28T14:41:36.306085,-35.3629919,149.1701063,10.021,-0.09,6.3,0.02,6.310701847076416,6.310746192932129,89,0.005435228813439608,-0.06313640624284744,1.570328950881958,12.6,27.87,85,GUIDED,True,ACTIVE,10,6
2026-05-28T14:41:36.806304,-35.3629921,149.1701387,10.008,-0.07,5.26,0.01,5.267038822174072,5.267052173614502,90,0.0005219544982537627,-0.00895208865404129,1.570873498916626,12.6,28.16,85,GUIDED,True,ACTIVE,10,6
2026-05-28T14:41:37.306887,-35.3629924,149.1701653,10.004,-0.05,4.15,0.0,4.157630920410156,4.157631874084473,89,-0.0015422216383740306,0.08323666453361511,1.570796251296997,12.6,28.38,85,GUIDED,True,ACTIVE,10,6
2026-05-28T14:41:37.807461,-35.3629925,149.1701853,10.006,-0.02,2.89,-0.01,2.896660566329956,2.8966846466064453,89,-0.0023035574704408646,0.1725563257932663,1.5706113576889038,12.6,28.67,85,GUIDED,True,ACTIVE,10,6
2026-05-28T14:41:38.308167,-35.3629926,149.1701979,10.011,0.0,1.52,-0.01,1.5262558460235596,1.526314377784729,89,-0.0016409307718276978,0.24111711978912354,1.5705876350402832,12.6,28.94,85,GUIDED,True,ACTIVE,10,6
2026-05-28T14:41:38.808379,-35.3629927,149.1702027,10.017,0.0,0.09,0.0,0.09770634770393372,0.09811438620090485,89,-0.0004999442026019096,0.28614553809165955,1.5705887079238892,12.6,29.25,85,GUIDED,True,ACTIVE,10,6
2026-05-28T14:41:39.308857,-35.362993,149.1702,10.02,-0.3,-1.17,0.0,1.213143229484558,1.2131471633911133,92,0.17160366475582123,0.24834617972373962,1.6211178302764893,12.6,29.25,84,GUIDED,True,ACTIVE,10,6
2026-05-28T14:41:39.809464,-35.3629961,149.1701907,10.019,-1.05,-2.29,0.0,2.525963068008423,2.52596378326416,116,0.27091801166534424,0.19764234125614166,2.035783052444458,12.6,29.66,84,GUIDED,True,ACTIVE,10,6
2026-05-28T14:41:40.310098,-35.363002,149.1701752,10.019,-1.6,-3.38,0.0,3.743631362915039,3.743633508682251,147,0.36191463470458984,0.036166224628686905,2.5814754962921143,12.6,29.77,84,GUIDED,True,ACTIVE,10,6
2026-05-28T14:41:40.810830,-35.3630104,149.1701539,10.019,-2.16,-4.4,0.0,4.908936977386475,4.908936977386475,175,0.3825490474700928,-0.16329361498355865,3.0693578720092773,12.6,30.22,84,GUIDED,True,ACTIVE,10,6
2026-05-28T14:41:41.311238,-35.3630213,149.1701267,10.016,-2.71,-5.5,0.0,6.143003940582275,6.143004894256592,204,0.2895444929599762,-0.363045334815979,-2.709517240524292,12.6,30.99,84,GUIDED,True,ACTIVE,10,6
2026-05-28T14:41:41.811902,-35.3630343,149.1700936,10.017,-3.04,-6.3,-0.02,7.001745700836182,7.001805305480957,237,0.022458963096141815,-0.35453668236732483,-2.139930009841919,12.6,29.46,84,GUIDED,True,ACTIVE,10,6
2026-05-28T14:41:42.312454,-35.3630479,149.1700595,10.027,-2.95,-5.85,0.0,6.556773662567139,6.556778907775879,248,-0.012378779239952564,-0.10095948725938797,-1.9539273977279663,12.6,27.59,84,GUIDED,True,ACTIVE,10,6
2026-05-28T14:41:42.813025,-35.3630599,149.17003,10.018,-2.39,-4.72,0.02,5.296078681945801,5.296136379241943,243,0.005920868832617998,0.028773389756679535,-2.0283217430114746,12.6,28.17,84,GUIDED,True,ACTIVE,10,6
2026-05-28T14:41:43.313577,-35.3630694,149.1700063,10.008,-1.87,-3.71,0.0,4.16269063949585,4.162694931030273,244,0.0007575901108793914,0.06626814603805542,-2.024263620376587,12.6,28.36,83,GUIDED,True,ACTIVE,10,6
2026-05-28T14:41:43.814094,-35.3630766,149.1699882,10.006,-1.36,-2.69,0.0,3.0195841789245605,3.019596815109253,244,-0.0020351684652268887,0.14075177907943726,-2.022989273071289,12.6,28.52,83,GUIDED,True,ACTIVE,10,6
2026-05-28T14:41:44.314644,-35.3630813,149.1699762,10.007,-0.8,-1.56,-0.01,1.7602452039718628,1.760297417640686,244,-0.0037380382418632507,0.213517427444458,-2.024507761001587,12.6,28.79,83,GUIDED,True,ACTIVE,10,6
2026-05-28T14:41:44.815052,-35.3630834,149.1699708,10.008,-0.23,-0.39,-0.01,0.46382492780685425,0.4641420543193817,243,-0.003523636609315872,0.201426163315773,-2.0249013900756836,12.6,28.84,83,GUIDED,True,ACTIVE,10,6
2026-05-28T14:41:45.315802,-35.3630837,149.16997,10.01,-0.05,-0.02,-0.01,0.06182531267404556,0.06275293231010437,243,-0.00521637499332428,0.010262323543429375,-2.0302138328552246,12.6,28.04,83,GUIDED,True,ACTIVE,10,6
2026-05-28T14:41:45.816558,-35.3630837,149.1699701,10.006,-0.03,0.03,0.0,0.05144784599542618,0.05208326876163483,243,-0.0034007520880550146,0.011423892341554165,-2.030839681625366,12.6,28.16,83,GUIDED,True,ACTIVE,10,6
2026-05-28T14:41:46.317976,-35.3630837,149.1699706,10.003,-0.01,0.06,-0.01,0.0655050203204155,0.06668544560670853,243,0.0011585229076445103,0.004239203874021769,-2.030829429626465,12.6,28.14,83,GUIDED,True,ACTIVE,10,6
2026-05-28T14:41:46.818443,-35.3630837,149.1699712,10.004,0.0,0.06,-0.01,0.07052790373563766,0.0722036063671112,243,0.004815021064132452,0.0038185412995517254,-2.031031608581543,12.6,28.14,83,GUIDED,True,ACTIVE,10,6
2026-05-28T14:41:47.318759,-35.3630836,149.1699719,10.005,0.03,0.07,-0.01,0.07850785553455353,0.07999192178249359,243,0.00469294935464859,0.0011695286957547069,-2.0313150882720947,12.6,28.12,83,GUIDED,True,ACTIVE,10,6
2026-05-28T14:41:47.819393,-35.3630834,149.1699727,10.009,0.04,0.04,-0.01,0.06719154119491577,0.0681413784623146,243,0.004227634984999895,-0.0026549596805125475,-2.032078504562378,12.6,28.14,82,GUIDED,True,ACTIVE,10,6
2026-05-28T14:41:48.320128,-35.3630834,149.169973,10.01,0.05,0.03,-0.01,0.06138830631971359,0.062215156853199005,243,0.003865553066134453,-0.003146936185657978,-2.0322906970977783,12.6,28.09,82,GUIDED,True,ACTIVE,10,6
2026-05-28T14:41:48.820628,-35.3630832,149.1699733,10.011,0.04,0.01,0.0,0.051185399293899536,0.05185217410326004,243,0.0034280652180314064,-0.002849071752279997,-2.0328097343444824,12.6,28.12,82,GUIDED,True,ACTIVE,10,6
2026-05-28T14:41:49.321430,-35.3630831,149.1699735,10.012,0.04,0.0,0.0,0.04581184685230255,0.046420831233263016,243,0.002942794468253851,-0.0015243508387356997,-2.033242702484131,12.6,28.12,82,GUIDED,True,ACTIVE,10,6
2026-05-28T14:41:49.821964,-35.3630831,149.1699737,10.014,0.04,0.0,0.0,0.04370546340942383,0.04412200674414635,243,0.003003132063895464,-0.00020135911472607404,-2.0336287021636963,12.6,28.09,82,GUIDED,True,ACTIVE,10,6
2026-05-28T14:41:50.322126,-35.3630831,149.1699737,10.016,0.04,0.0,0.0,0.04418030381202698,0.04437636584043503,243,0.0030272938311100006,0.0008235621498897672,-2.0339202880859375,12.6,28.09,82,GUIDED,True,ACTIVE,10,6
2026-05-28T14:41:50.822663,-35.363083,149.1699738,10.017,0.04,0.0,0.0,0.04424932971596718,0.04432468116283417,243,0.0026246062479913235,0.0016224865103140473,-2.034351110458374,12.6,28.12,82,GUIDED,True,ACTIVE,10,6
2026-05-28T14:41:51.323273,-35.363083,149.1699738,10.017,0.04,0.0,0.0,0.044161710888147354,0.04421043023467064,243,0.002535250037908554,0.0019572554156184196,-2.034600257873535,12.6,28.09,82,GUIDED,True,ACTIVE,10,6
2026-05-28T14:41:51.823866,-35.363083,149.1699738,10.017,0.04,0.0,0.0,0.04469070956110954,0.04473554715514183,243,0.002477423520758748,0.0021218345500528812,-2.0348455905914307,12.6,28.12,81,GUIDED,True,ACTIVE,10,6
2026-05-28T14:41:52.324392,-35.3630829,149.1699738,10.017,0.04,0.0,0.0,0.044328127056360245,0.044372305274009705,243,0.001813299604691565,0.0022807910572737455,-2.035106897354126,12.6,28.09,81,GUIDED,True,ACTIVE,10,6
2026-05-28T14:41:52.825015,-35.3630829,149.1699738,10.017,0.04,0.0,0.0,0.04278024658560753,0.042823005467653275,243,0.0016780480509623885,0.0023785061202943325,-2.035303831100464,12.6,28.12,81,GUIDED,True,ACTIVE,10,6
2026-05-28T14:41:53.325661,-35.3630829,149.1699738,10.015,0.03,0.01,0.0,0.040629640221595764,0.04075323045253754,243,0.0016820997698232532,0.0028473706915974617,-2.0355420112609863,12.6,28.14,81,GUIDED,True,ACTIVE,10,6
2026-05-28T14:41:53.826409,-35.3630829,149.1699738,10.014,0.03,0.01,0.0,0.041595179587602615,0.04183213785290718,243,0.0015925271436572075,0.0031738474499434233,-2.0356576442718506,12.6,28.12,81,GUIDED,True,ACTIVE,10,6
2026-05-28T14:41:54.326839,-35.3630828,149.1699738,10.014,0.03,0.01,0.0,0.0419498048722744,0.04228559881448746,243,0.000974341994151473,0.002297947881743312,-2.035895586013794,12.6,28.09,81,GUIDED,True,ACTIVE,10,6
2026-05-28T14:41:54.827682,-35.3630828,149.1699738,10.016,0.03,0.01,0.0,0.03799155727028847,0.038257863372564316,243,0.0007705025491304696,0.002058646874502301,-2.036174774169922,12.6,28.12,81,GUIDED,True,ACTIVE,10,6
2026-05-28T14:41:55.328544,-35.3630828,149.1699738,10.017,0.02,0.01,0.0,0.03486690670251846,0.035006072372198105,243,0.0012707386631518602,0.002062978222966194,-2.0363192558288574,12.6,28.12,81,GUIDED,True,ACTIVE,10,6
2026-05-28T14:41:55.829120,-35.3630828,149.1699738,10.017,0.02,0.01,0.0,0.033863041549921036,0.033965881913900375,243,0.0015599195612594485,0.0021724922116845846,-2.0365452766418457,12.6,28.09,80,GUIDED,True,ACTIVE,10,6
2026-05-28T14:41:56.329728,-35.3630828,149.1699739,10.017,0.02,0.01,0.0,0.03354714438319206,0.03363668546080589,243,0.0018105546478182077,0.001728834817185998,-2.036710023880005,12.6,28.09,80,GUIDED,True,ACTIVE,10,6
2026-05-28T14:41:56.830256,-35.3630828,149.1699739,10.017,0.02,0.01,0.0,0.03216413035988808,0.03224419057369232,243,0.0021021459251642227,0.0012552720727398992,-2.036886692047119,12.6,28.12,80,GUIDED,True,ACTIVE,10,6
2026-05-28T14:41:57.332782,-35.3630828,149.169974,10.017,0.02,0.0,0.0,0.03082665242254734,0.0308963805437088,243,0.001943819923326373,0.0013861720217391849,-2.0370616912841797,12.6,28.09,80,GUIDED,True,ACTIVE,10,6
2026-05-28T14:41:57.833682,-35.3630827,149.169974,10.017,0.02,0.0,0.0,0.02986854687333107,0.029933970421552658,243,0.0018904773751273751,0.0013470693957060575,-2.037249803543091,12.6,28.09,80,GUIDED,True,ACTIVE,10,6
2026-05-28T14:41:58.334385,-35.3630827,149.169974,10.017,0.02,0.0,0.0,0.029022622853517532,0.029076725244522095,243,0.0018694255268201232,0.001621922361664474,-2.0373849868774414,12.6,28.14,80,GUIDED,True,ACTIVE,10,6
2026-05-28T14:41:58.835323,-35.3630827,149.169974,10.017,0.02,0.0,0.0,0.029185771942138672,0.02926769107580185,243,0.0017428784631192684,0.001764661050401628,-2.0375428199768066,12.6,28.12,80,GUIDED,True,ACTIVE,10,6
2026-05-28T14:41:59.338589,-35.3630827,149.169974,10.017,0.02,0.0,0.0,0.02875756286084652,0.028843851760029793,243,0.0015196992317214608,0.001746208406984806,-2.0376694202423096,12.6,28.12,80,GUIDED,True,ACTIVE,10,6
2026-05-28T14:41:59.840249,-35.3630827,149.169974,10.017,0.02,0.0,0.0,0.028433876112103462,0.028496162965893745,243,0.001533118891529739,0.0016111042350530624,-2.037832260131836,12.6,28.09,80,GUIDED,True,ACTIVE,10,6
2026-05-28T14:42:00.340844,-35.3630827,149.169974,10.017,0.02,0.0,0.0,0.027110081166028976,0.027188187465071678,243,0.0011083877179771662,0.0013952597510069609,-2.038046360015869,12.6,28.12,79,GUIDED,True,ACTIVE,10,6
2026-05-28T14:42:00.841434,-35.3630827,149.169974,10.017,0.02,0.0,0.0,0.024661768227815628,0.024738360196352005,243,0.0011511137709021568,0.0014345867093652487,-2.0381524562835693,12.6,28.09,79,GUIDED,True,ACTIVE,10,6
2026-05-28T14:42:01.342011,-35.3630827,149.169974,10.017,0.02,0.0,0.0,0.023606114089488983,0.02370087057352066,243,0.0013403750490397215,0.0015921063022688031,-2.038271188735962,12.6,28.12,79,GUIDED,True,ACTIVE,10,6
2026-05-28T14:42:01.842449,-35.3630827,149.169974,10.017,0.02,0.0,0.0,0.02325793169438839,0.023345859721302986,243,0.001425621216185391,0.0015535881975665689,-2.0384085178375244,12.6,28.12,79,GUIDED,True,ACTIVE,10,6
2026-05-28T14:42:02.342962,-35.3630827,149.169974,10.017,0.02,0.0,0.0,0.023278621956706047,0.023376572877168655,243,0.0015598390018567443,0.0015501303132623434,-2.0385067462921143,12.6,28.12,79,GUIDED,True,ACTIVE,10,6
2026-05-28T14:42:02.843494,-35.3630827,149.169974,10.017,0.02,0.0,0.0,0.023839619010686874,0.023937039077281952,243,0.0014881418319419026,0.0017245279159396887,-2.0385966300964355,12.6,28.14,79,GUIDED,True,ACTIVE,10,6
2026-05-28T14:42:03.344020,-35.3630827,149.169974,10.017,0.02,0.0,0.0,0.023882322013378143,0.02397840842604637,243,0.001475527766160667,0.0015662884106859565,-2.038696050643921,12.6,28.09,79,GUIDED,True,ACTIVE,10,6
2026-05-28T14:42:03.844649,-35.3630827,149.169974,10.017,0.02,0.0,0.0,0.023562399670481682,0.023669976741075516,243,0.0014314629370346665,0.0015667815459892154,-2.038875102996826,12.6,28.14,79,GUIDED,True,ACTIVE,10,6
2026-05-28T14:42:04.345309,-35.3630827,149.169974,10.017,0.02,0.0,0.0,0.02314680442214012,0.023257317021489143,243,0.0013427846133708954,0.0014937748201191425,-2.0389370918273926,12.6,28.12,78,GUIDED,True,ACTIVE,10,6
2026-05-28T14:42:04.845820,-35.3630827,149.169974,10.017,0.02,0.0,0.0,0.023600952699780464,0.02369573526084423,243,0.001509775989688933,0.0017672813264653087,-2.039102554321289,12.6,28.14,78,GUIDED,True,ACTIVE,10,6
2026-05-28T14:42:05.346403,-35.3630827,149.169974,10.017,0.02,0.0,0.0,0.024151362478733063,0.0242255050688982,243,0.0015322502003982663,0.0016256008530035615,-2.039134979248047,12.6,28.12,78,GUIDED,True,ACTIVE,10,6
2026-05-28T14:42:05.847304,-35.3630827,149.169974,10.018,0.02,0.0,0.0,0.02433442883193493,0.024415308609604836,243,0.0014303653733804822,0.0015366805018857121,-2.039276361465454,12.6,28.12,78,GUIDED,True,ACTIVE,10,6
2026-05-28T14:42:06.348078,-35.3630827,149.169974,10.018,0.02,0.0,0.0,0.023696528747677803,0.023764031007885933,243,0.0014606196200475097,0.0015162809286266565,-2.03935170173645,12.6,28.12,78,GUIDED,True,ACTIVE,10,6
2026-05-28T14:42:06.848773,-35.3630827,149.169974,10.018,0.02,0.0,0.0,0.02385648339986801,0.023911843076348305,243,0.0014112823409959674,0.0015986920334398746,-2.0394365787506104,12.6,28.09,78,GUIDED,True,ACTIVE,10,6
2026-05-28T14:42:07.349419,-35.3630827,149.169974,10.018,0.02,0.0,0.0,0.02395019121468067,0.024015842005610466,243,0.0014311334816738963,0.0015685393009334803,-2.0395467281341553,12.6,28.12,78,GUIDED,True,ACTIVE,10,6
2026-05-28T14:42:07.850302,-35.3630827,149.169974,10.018,0.02,0.0,0.0,0.023212233558297157,0.023269489407539368,243,0.0013367856154218316,0.0016067661345005035,-2.039618492126465,12.6,28.09,78,GUIDED,True,ACTIVE,10,6
2026-05-28T14:42:08.350980,-35.3630827,149.169974,10.018,0.02,0.0,0.0,0.023377694189548492,0.023456964641809464,243,0.0016604653792455792,0.0015597317833453417,-2.0397069454193115,12.6,28.12,78,GUIDED,True,ACTIVE,10,6
2026-05-28T14:42:08.851256,-35.3630827,149.169974,10.018,0.02,0.0,0.0,0.023843614384531975,0.023907428607344627,243,0.0014521687990054488,0.001417672960087657,-2.0397815704345703,12.6,28.12,77,GUIDED,True,ACTIVE,10,6
2026-05-28T14:42:09.351860,-35.3630827,149.169974,10.018,0.02,0.0,0.0,0.02348044514656067,0.02353925071656704,243,0.0014324210351333022,0.0015169514808803797,-2.0398459434509277,12.6,28.12,77,GUIDED,True,ACTIVE,10,6
2026-05-28T14:42:09.853094,-35.3630827,149.169974,10.018,0.02,0.0,0.0,0.02320311777293682,0.023269617930054665,243,0.001642321003600955,0.0013079383643344045,-2.039884090423584,12.6,28.12,77,GUIDED,True,ACTIVE,10,6
2026-05-28T14:42:10.353468,-35.3630827,149.169974,10.018,0.02,0.0,0.0,0.023449957370758057,0.023519741371273994,243,0.0018648190889507532,0.001090321340598166,-2.039931535720825,12.6,28.11,77,GUIDED,True,ACTIVE,10,6
2026-05-28T14:42:10.854101,-35.3630827,149.169974,10.019,0.02,0.0,0.0,0.023401690647006035,0.02342114970088005,243,0.0015159562462940812,0.001105590956285596,-2.039968490600586,12.6,28.09,77,GUIDED,True,ACTIVE,10,6
2026-05-28T14:42:11.354609,-35.3630827,149.169974,10.019,0.02,0.0,0.0,0.022662902250885963,0.022663256153464317,243,0.0015715559711679816,0.0012430157512426376,-2.040044069290161,12.6,28.14,77,GUIDED,True,ACTIVE,10,6
2026-05-28T14:42:11.854876,-35.3630827,149.169974,10.02,0.02,0.0,0.0,0.022590242326259613,0.022590430453419685,243,0.0015300065279006958,0.0014181470032781363,-2.040104627609253,12.6,28.09,77,GUIDED,True,ACTIVE,10,6
2026-05-28T14:42:12.355580,-35.3630827,149.169974,10.02,0.02,0.0,0.0,0.022685663774609566,0.022687843069434166,243,0.0015959376469254494,0.0015114292036741972,-2.040146589279175,12.6,28.11,77,GUIDED,True,ACTIVE,10,6
2026-05-28T14:42:12.856090,-35.3630827,149.169974,10.02,0.02,0.0,0.0,0.022969447076320648,0.022974252700805664,243,0.0017906568245962262,0.0015443720621988177,-2.0402092933654785,12.6,28.14,76,GUIDED,True,ACTIVE,10,6
2026-05-28T14:42:13.356697,-35.3630827,149.169974,10.019,0.02,0.0,0.0,0.02459041401743889,0.024590447545051575,243,0.0020758977625519037,0.0016948941629379988,-2.040252923965454,12.6,28.09,76,GUIDED,True,ACTIVE,10,6
2026-05-28T14:42:13.857383,-35.3630827,149.169974,10.019,0.02,0.0,0.0,0.02661590650677681,0.026622463017702103,243,0.002076156437397003,0.0015375649090856314,-2.040294885635376,12.6,28.14,76,GUIDED,True,ACTIVE,10,6
2026-05-28T14:42:14.357814,-35.3630827,149.169974,10.018,0.02,0.0,0.0,0.026813406497240067,0.026842743158340454,243,0.0016039196634665132,0.0016373280668631196,-2.0402932167053223,12.6,28.12,76,GUIDED,True,ACTIVE,10,6
2026-05-28T14:42:14.858249,-35.3630827,149.169974,10.018,0.02,0.0,0.0,0.02664177119731903,0.026699542999267578,243,0.0014632598031312227,0.0019855150021612644,-2.0403518676757812,12.6,28.14,76,GUIDED,True,ACTIVE,10,6
2026-05-28T14:42:15.358919,-35.3630827,149.169974,10.018,0.02,0.0,0.0,0.026612617075443268,0.02666194923222065,243,0.0012895921245217323,0.0019043456995859742,-2.0404231548309326,12.6,28.11,76,GUIDED,True,ACTIVE,10,6
2026-05-28T14:42:15.859541,-35.3630827,149.169974,10.019,0.02,0.0,0.0,0.02647196501493454,0.026480326429009438,243,0.0014363252557814121,0.0016809882363304496,-2.040395736694336,12.6,28.14,76,GUIDED,True,ACTIVE,10,6
2026-05-28T14:42:16.360053,-35.3630827,149.169974,10.019,0.02,0.0,0.0,0.025438688695430756,0.025439264252781868,243,0.0012639662018045783,0.0012727653374895453,-2.040417194366455,12.6,28.11,76,GUIDED,True,ACTIVE,10,6
2026-05-28T14:42:16.860646,-35.3630827,149.169974,10.02,0.02,0.0,0.0,0.02372763492166996,0.023727817460894585,243,0.0011528965551406145,0.0012450661743059754,-2.0404903888702393,12.6,28.09,76,GUIDED,True,ACTIVE,10,6
2026-05-28T14:42:17.361611,-35.3630827,149.169974,10.02,0.02,0.0,0.0,0.021955449134111404,0.021957814693450928,243,0.001352599705569446,0.0013862341875210404,-2.0405731201171875,12.6,28.11,75,GUIDED,True,ACTIVE,10,6
2026-05-28T14:42:17.862506,-35.3630827,149.169974,10.019,0.02,0.0,0.0,0.021767696365714073,0.021768778562545776,243,0.0014582881703972816,0.0016574191395193338,-2.0405690670013428,12.6,28.09,75,GUIDED,True,ACTIVE,10,6
2026-05-28T14:42:18.362919,-35.3630827,149.169974,10.018,0.02,0.0,0.0,0.02271978184580803,0.02273617498576641,243,0.0016180785605683923,0.0016659209504723549,-2.0405385494232178,12.6,28.12,75,GUIDED,True,ACTIVE,10,6
2026-05-28T14:42:18.863489,-35.3630827,149.169974,10.018,0.02,0.0,0.0,0.02258889377117157,0.02262215130031109,243,0.0014228855725377798,0.0012487490894272923,-2.040536642074585,12.6,28.12,75,GUIDED,True,ACTIVE,10,6
2026-05-28T14:42:19.364081,-35.3630827,149.169974,10.018,0.02,0.0,0.0,0.022420300170779228,0.022480690851807594,243,0.0016311543295159936,0.0015034915413707495,-2.0406105518341064,12.6,28.09,75,GUIDED,True,ACTIVE,10,6
2026-05-28T14:42:19.864713,-35.3630827,149.169974,10.018,0.02,0.0,0.0,0.0224275104701519,0.022494103759527206,243,0.0015023851301521063,0.0014965917216613889,-2.040653705596924,12.6,28.09,75,GUIDED,True,ACTIVE,10,6
2026-05-28T14:42:20.365303,-35.3630827,149.169974,10.019,0.02,0.0,0.0,0.022494517266750336,0.02251799777150154,243,0.001417134189978242,0.001450850279070437,-2.0406816005706787,12.6,28.09,75,GUIDED,True,ACTIVE,10,6
2026-05-28T14:42:20.865914,-35.3630827,149.169974,10.019,0.02,0.0,0.0,0.022465182468295097,0.022467704489827156,243,0.0015006705652922392,0.0014810117427259684,-2.040678024291992,12.6,28.09,75,GUIDED,True,ACTIVE,10,6
2026-05-28T14:42:21.366386,-35.3630827,149.169974,10.02,0.02,0.0,0.0,0.02284345217049122,0.02284463867545128,243,0.0016521192155778408,0.0013257690006867051,-2.0407135486602783,12.6,28.14,74,GUIDED,True,ACTIVE,10,6
2026-05-28T14:42:21.867448,-35.3630827,149.169974,10.02,0.02,0.0,0.0,0.0229580607265234,0.022960703819990158,243,0.0018294630572199821,0.001049131155014038,-2.0407049655914307,12.6,28.14,74,GUIDED,True,ACTIVE,10,6
2026-05-28T14:42:22.367915,-35.3630827,149.169974,10.019,0.02,0.0,0.0,0.022780830040574074,0.02278422936797142,243,0.0017405061516910791,0.0010605156421661377,-2.0407183170318604,12.6,28.12,74,GUIDED,True,ACTIVE,10,6
2026-05-28T14:42:22.868417,-35.3630827,149.169974,10.019,0.02,0.0,0.0,0.02256154641509056,0.02257435955107212,243,0.0015666575636714697,0.001282542827539146,-2.0407636165618896,12.6,28.14,74,GUIDED,True,ACTIVE,10,6
2026-05-28T14:42:23.368811,-35.3630827,149.169974,10.018,0.02,0.0,0.0,0.02225281298160553,0.022282136604189873,243,0.0016012199921533465,0.0011896946234628558,-2.0406949520111084,12.6,28.12,74,GUIDED,True,ACTIVE,10,6
2026-05-28T14:42:23.869455,-35.3630827,149.169974,10.018,0.02,0.0,0.0,0.022429443895816803,0.022481128573417664,243,0.0015920185251161456,0.001400790293700993,-2.040771245956421,12.6,28.12,74,GUIDED,True,ACTIVE,10,6
2026-05-28T14:42:24.370041,-35.3630827,149.169974,10.018,0.02,0.0,0.0,0.02212674543261528,0.022186219692230225,243,0.0015597064048051834,0.0014699697494506836,-2.040787696838379,12.6,28.09,74,GUIDED,True,ACTIVE,10,6
2026-05-28T14:42:24.870608,-35.3630827,149.169974,10.019,0.02,0.0,0.0,0.02306407131254673,0.023087287321686745,243,0.0016777247656136751,0.0016211564652621746,-2.0408084392547607,12.6,28.09,74,GUIDED,True,ACTIVE,10,6
2026-05-28T14:42:25.371074,-35.3630827,149.169974,10.019,0.02,0.0,0.0,0.023309627547860146,0.023311899974942207,243,0.0015623633516952395,0.0012856634566560388,-2.040800094604492,12.6,28.09,73,GUIDED,True,ACTIVE,10,6
2026-05-28T14:42:25.871470,-35.3630827,149.169974,10.02,0.02,0.0,0.0,0.02286955714225769,0.02286956086754799,243,0.0015519863227382302,0.0011863685213029385,-2.040802478790283,12.6,28.14,73,GUIDED,True,ACTIVE,10,6
2026-05-28T14:42:26.371942,-35.3630827,149.169974,10.02,0.02,0.0,0.0,0.02257898822426796,0.022582022473216057,243,0.0016674112994223833,0.0014357625041157007,-2.0408360958099365,12.6,28.09,73,GUIDED,True,ACTIVE,10,6
2026-05-28T14:42:26.872120,-35.3630827,149.169974,10.02,0.02,0.0,0.0,0.022886019200086594,0.022889843210577965,243,0.0015879938146099448,0.001425127382390201,-2.040825843811035,12.6,28.11,73,GUIDED,True,ACTIVE,10,6
2026-05-28T14:42:27.372737,-35.3630827,149.169974,10.019,0.02,0.0,0.0,0.022841505706310272,0.022841554135084152,243,0.0014259876916185021,0.0017769054975360632,-2.0408036708831787,12.6,28.12,73,GUIDED,True,ACTIVE,10,6
2026-05-28T14:42:27.873378,-35.3630827,149.169974,10.018,0.02,0.0,0.0,0.023257233202457428,0.0232692901045084,243,0.0013660575496032834,0.0017963364953175187,-2.0407581329345703,12.6,28.12,73,GUIDED,True,ACTIVE,10,6
2026-05-28T14:42:28.373690,-35.3630827,149.169974,10.018,0.02,0.0,0.0,0.023704931139945984,0.02373274229466915,243,0.001597475609742105,0.001613867119885981,-2.040778636932373,12.6,28.09,73,GUIDED,True,ACTIVE,10,6
2026-05-28T14:42:28.874577,-35.3630827,149.169974,10.018,0.02,0.0,0.0,0.023915179073810577,0.023975810036063194,243,0.0016394966514781117,0.0015424478333443403,-2.0408709049224854,12.6,28.12,73,GUIDED,True,ACTIVE,10,6
2026-05-28T14:42:29.375145,-35.3630827,149.169974,10.018,0.02,0.0,0.0,0.02361597679555416,0.02367507666349411,243,0.0013708779588341713,0.001476933597587049,-2.0408620834350586,12.6,28.11,73,GUIDED,True,ACTIVE,10,6
2026-05-28T14:42:29.875729,-35.3630827,149.169974,10.019,0.02,0.0,0.0,0.02267988584935665,0.022688504308462143,243,0.001508315559476614,0.0013973444001749158,-2.0408451557159424,12.6,28.09,72,GUIDED,True,ACTIVE,10,6
2026-05-28T14:42:30.376316,-35.3630827,149.169974,10.02,0.02,0.0,0.0,0.02274373732507229,0.02274402230978012,243,0.0016701847780495882,0.0014129641931504011,-2.0407917499542236,12.6,28.11,72,GUIDED,True,ACTIVE,10,6
2026-05-28T14:42:30.876961,-35.3630827,149.169974,10.02,0.02,0.0,0.0,0.022613827139139175,0.022614888846874237,243,0.0015862620202824473,0.0013156727654859424,-2.040839672088623,12.6,28.11,72,GUIDED,True,ACTIVE,10,6
2026-05-28T14:42:31.377391,-35.3630827,149.169974,10.02,0.02,0.0,0.0,0.023088645190000534,0.023091278970241547,243,0.0016393878031522036,0.0016309372149407864,-2.0408565998077393,12.6,28.09,72,GUIDED,True,ACTIVE,10,6
2026-05-28T14:42:31.878028,-35.3630827,149.169974,10.02,0.02,0.0,0.0,0.023583410307765007,0.023586275056004524,243,0.001425600959919393,0.0014985210727900267,-2.0408389568328857,12.6,28.11,72,GUIDED,True,ACTIVE,10,6
2026-05-28T14:42:32.378571,-35.3630827,149.169974,10.02,0.02,0.0,0.0,0.023140551522374153,0.023149823769927025,243,0.0014325762167572975,0.0014040188398212194,-2.040796995162964,12.6,28.11,72,GUIDED,True,ACTIVE,10,6
2026-05-28T14:42:32.878787,-35.3630827,149.169974,10.02,0.02,0.0,0.0,0.02279214933514595,0.022800231352448463,243,0.0015144806820899248,0.001396513544023037,-2.0408029556274414,12.6,28.09,72,GUIDED,True,ACTIVE,10,6
2026-05-28T14:42:33.379376,-35.3630827,149.169974,10.02,0.02,0.0,0.0,0.023023901507258415,0.023026136681437492,243,0.0016720166895538568,0.0014528125757351518,-2.040811538696289,12.6,28.09,72,GUIDED,True,ACTIVE,10,6
2026-05-28T14:42:33.879668,-35.3630827,149.169974,10.019,0.02,0.0,0.0,0.02304280363023281,0.02304365672171116,243,0.0017940239049494267,0.0009739668457768857,-2.040818929672241,12.6,28.12,71,GUIDED,True,ACTIVE,10,6
2026-05-28T14:42:34.380540,-35.3630827,149.169974,10.018,0.02,0.0,0.0,0.022499339655041695,0.02253197692334652,243,0.001868596998974681,0.0008416073978878558,-2.040733575820923,12.6,28.12,71,GUIDED,True,ACTIVE,10,6
2026-05-28T14:42:34.880733,-35.3630827,149.169974,10.018,0.02,0.0,0.0,0.022938953712582588,0.02298554964363575,243,0.0017249457305297256,0.0014758266042917967,-2.0407299995422363,12.6,28.12,71,GUIDED,True,ACTIVE,10,6
2026-05-28T14:42:35.382132,-35.3630827,149.169974,10.018,0.02,0.0,0.0,0.022796647623181343,0.022846117615699768,243,0.0015466924523934722,0.0013944815145805478,-2.040719985961914,12.6,28.09,71,GUIDED,True,ACTIVE,10,6
2026-05-28T14:42:35.882843,-35.3630827,149.169974,10.019,0.02,0.0,0.0,0.022094247862696648,0.022107044234871864,243,0.0014454630436375737,0.0012193144066259265,-2.0407400131225586,12.6,28.09,71,GUIDED,True,ACTIVE,10,6
2026-05-28T14:42:36.383430,-35.3630827,149.169974,10.019,0.02,0.0,0.0,0.02186748944222927,0.021867884323000908,243,0.0017560056876391172,0.0012094726553186774,-2.0407752990722656,12.6,28.09,71,GUIDED,True,ACTIVE,10,6
2026-05-28T14:42:36.883933,-35.3630827,149.169974,10.02,0.02,0.0,0.0,0.02249251678586006,0.02249344252049923,243,0.001681631081737578,0.0013314454117789865,-2.040767192840576,12.6,28.09,71,GUIDED,True,ACTIVE,10,6
2026-05-28T14:42:37.384585,-35.3630827,149.169974,10.02,0.02,0.0,0.0,0.02241665869951248,0.022418946027755737,243,0.0015610078116878867,0.0013354585971683264,-2.040754795074463,12.6,28.09,71,GUIDED,True,ACTIVE,10,6
2026-05-28T14:42:37.885098,-35.3630827,149.169974,10.02,0.02,0.0,0.0,0.022514715790748596,0.022518087178468704,243,0.0016159170772880316,0.0013332425151020288,-2.0407493114471436,12.6,28.09,71,GUIDED,True,ACTIVE,10,6
2026-05-28T14:42:38.385731,-35.3630827,149.169974,10.02,0.02,0.0,0.0,0.0224623903632164,0.02246246673166752,243,0.0015265976544469595,0.0013800557935610414,-2.0407469272613525,12.6,28.09,70,RTL,True,ACTIVE,10,6
2026-05-28T14:42:38.888875,-35.3630827,149.169974,10.036,0.02,0.0,-0.09,0.0226262416690588,0.10102859139442444,243,0.001620059716515243,0.0012464087922126055,-2.040816307067871,12.6,29.13,70,RTL,True,ACTIVE,10,6
2026-05-28T14:42:39.391945,-35.3630827,149.169974,10.156,0.02,0.0,-0.42,0.02223261259496212,0.4252699315547943,243,0.0014182525919750333,0.0012465592008084059,-2.0407631397247314,12.6,30.68,70,RTL,True,ACTIVE,10,6
2026-05-28T14:42:39.894052,-35.3630827,149.169974,10.485,0.02,0.0,-0.89,0.021372143179178238,0.898734986782074,243,0.0009213773300871253,0.0017051385948434472,-2.040806770324707,12.6,31.56,70,RTL,True,ACTIVE,10,6
2026-05-28T14:42:40.394536,-35.3630827,149.169974,11.051,0.02,0.0,-1.35,0.020877011120319366,1.3533248901367188,243,0.001376440515741706,0.0011178833665326238,-2.0408666133880615,12.6,31.71,70,RTL,True,ACTIVE,10,6
2026-05-28T14:42:40.895120,-35.3630827,149.169974,11.81,0.01,0.0,-1.63,0.019675051793456078,1.6347697973251343,243,0.0015670460416004062,0.0010591595200821757,-2.0408096313476562,12.6,30.68,70,RTL,True,ACTIVE,10,6
2026-05-28T14:42:41.395791,-35.3630827,149.169974,12.656,0.01,0.0,-1.67,0.01976078934967518,1.6788722276687622,243,0.0015213483711704612,0.0013960878131911159,-2.0408363342285156,12.6,29.38,70,RTL,True,ACTIVE,10,6
2026-05-28T14:42:41.896130,-35.3630827,149.169974,13.487,0.01,-0.03,-1.57,0.043053485453128815,1.5716243982315063,243,0.013845985755324364,-0.02589230425655842,-2.0410702228546143,12.6,28.54,70,RTL,True,ACTIVE,10,6
2026-05-28T14:42:42.396631,-35.3630827,149.1699731,14.214,0.0,-0.32,-1.25,0.32085713744163513,1.2989484071731567,242,0.04159248620271683,-0.08669304102659225,-2.042759418487549,12.6,27.04,69,RTL,True,ACTIVE,10,6
2026-05-28T14:42:42.897098,-35.3630828,149.16997,14.73,-0.01,-0.84,-0.76,0.8453851938247681,1.139501690864563,242,0.07117900997400284,-0.15067100524902344,-2.0465898513793945,12.6,26.1,69,RTL,True,ACTIVE,10,6
2026-05-28T14:42:43.397464,-35.3630831,149.1699635,14.99,-0.05,-1.6,-0.27,1.6092497110366821,1.6317811012268066,242,0.10375253111124039,-0.21865832805633545,-2.0528640747070312,12.6,26.35,69,RTL,True,ACTIVE,10,6
2026-05-28T14:42:43.897760,-35.3630835,149.169952,15.037,-0.08,-2.61,0.03,2.614717721939087,2.61490535736084,241,0.13427846133708954,-0.2833661437034607,-2.061016798019409,12.6,28.1,69,RTL,True,ACTIVE,10,6
2026-05-28T14:42:44.399420,-35.3630842,149.1699345,14.996,-0.13,-3.8,0.06,3.805083990097046,3.805621862411499,241,0.15431542694568634,-0.32800137996673584,-2.068049430847168,12.6,30.06,69,RTL,True,ACTIVE,10,6
2026-05-28T14:42:44.900025,-35.3630851,149.1699105,14.971,-0.17,-4.91,0.0,4.921283721923828,4.92128324508667,241,0.16057492792606354,-0.3490886986255646,-2.0715491771698,12.6,30.22,69,RTL,True,ACTIVE,10,6
2026-05-28T14:42:45.400691,-35.3630861,149.1698806,14.969,-0.2,-5.96,-0.02,5.969130516052246,5.969185829162598,240,0.17833498120307922,-0.39311423897743225,-2.0796515941619873,12.6,30.47,69,RTL,True,ACTIVE,10,6
2026-05-28T14:42:45.901289,-35.3630873,149.1698447,14.973,-0.25,-7.02,-0.02,7.029035568237305,7.029084205627441,240,0.19624972343444824,-0.43885108828544617,-2.088890790939331,12.6,31.06,69,RTL,True,ACTIVE,10,6
2026-05-28T14:42:46.403854,-35.3630887,149.1698032,14.978,-0.29,-7.95,-0.02,7.957327365875244,7.957365036010742,240,0.1945396363735199,-0.44954174757003784,-2.0909554958343506,12.6,31.12,68,RTL,True,ACTIVE,10,6
2026-05-28T14:42:46.904208,-35.3630903,149.1697574,14.982,-0.33,-8.66,-0.01,8.667333602905273,8.667352676391602,240,0.19207347929477692,-0.45877206325531006,-2.0929114818573,12.6,31.07,68,RTL,True,ACTIVE,10,6
2026-05-28T14:42:47.404695,-35.363092,149.1697079,14.984,-0.37,-9.19,-0.01,9.20230484008789,9.202319145202637,240,0.1866283118724823,-0.4594154953956604,-2.0929105281829834,12.6,31.01,68,RTL,True,ACTIVE,10,6
2026-05-28T14:42:47.905275,-35.3630939,149.1696563,14.988,-0.41,-9.52,-0.01,9.534138679504395,9.534152030944824,240,0.17738518118858337,-0.45125696063041687,-2.091209650039673,12.6,30.72,68,RTL,True,ACTIVE,10,6
2026-05-28T14:42:48.405623,-35.3630959,149.1696033,14.992,-0.43,-9.66,-0.01,9.679023742675781,9.679036140441895,240,0.1643623262643814,-0.43339404463768005,-2.0876543521881104,12.6,30.28,68,RTL,True,ACTIVE,10,6
2026-05-28T14:42:48.906206,-35.3630979,149.1695497,14.994,-0.45,-9.71,0.0,9.730508804321289,9.730510711669922,240,0.1656046211719513,-0.43709444999694824,-2.0883240699768066,12.6,30.2,68,RTL,True,ACTIVE,10,6
2026-05-28T14:42:49.406861,-35.3631,149.1694958,14.994,-0.46,-9.79,0.0,9.801279067993164,9.801280975341797,240,0.167286679148674,-0.4389904737472534,-2.0887722969055176,12.6,30.3,68,RTL,True,ACTIVE,10,6
2026-05-28T14:42:49.907244,-35.3631022,149.1694415,14.994,-0.47,-9.83,0.0,9.845128059387207,9.84512996673584,240,0.16694116592407227,-0.4363132119178772,-2.088148355484009,12.6,30.25,68,RTL,True,ACTIVE,10,6
2026-05-28T14:42:50.407943,-35.3631044,149.169387,14.995,-0.47,-9.85,0.0,9.86774730682373,9.867749214172363,240,0.1662013828754425,-0.4349361062049866,-2.0879721641540527,12.6,30.21,67,RTL,True,ACTIVE,10,6
2026-05-28T14:42:50.908471,-35.3631065,149.1693325,14.997,-0.47,-9.86,0.0,9.878751754760742,9.878753662109375,240,0.1664160192012787,-0.4349842369556427,-2.088050365447998,12.6,30.16,67,RTL,True,ACTIVE,10,6
2026-05-28T14:42:51.409198,-35.3631086,149.1692781,14.997,-0.47,-9.88,0.0,9.892166137695312,9.892166137695312,240,0.16728517413139343,-0.4363061487674713,-2.088322639465332,12.6,30.2,67,RTL,True,ACTIVE,10,6
2026-05-28T14:42:51.909778,-35.3631107,149.1692234,14.998,-0.47,-9.89,0.0,9.90390396118164,9.903904914855957,240,0.16710418462753296,-0.43594983220100403,-2.08821439743042,12.6,30.18,67,RTL,True,ACTIVE,10,6
2026-05-28T14:42:52.410967,-35.3631129,149.1691688,14.999,-0.46,-9.9,0.0,9.912882804870605,9.912883758544922,240,0.167833611369133,-0.43644091486930847,-2.088364839553833,12.6,30.2,67,RTL,True,ACTIVE,10,6
2026-05-28T14:42:52.911438,-35.363115,149.1691144,14.999,-0.46,-9.91,0.0,9.926018714904785,9.926018714904785,240,0.1700345128774643,-0.43953555822372437,-2.088940382003784,12.6,30.23,67,RTL,True,ACTIVE,10,6
2026-05-28T14:42:53.411985,-35.3631171,149.1690599,14.999,-0.46,-9.94,0.0,9.95323657989502,9.95323657989502,240,0.17161978781223297,-0.4415825307369232,-2.0893313884735107,12.6,30.29,67,RTL,True,ACTIVE,10,6
2026-05-28T14:42:53.912463,-35.3631192,149.1690051,14.999,-0.46,-9.96,0.0,9.972885131835938,9.972885131835938,240,0.1703149527311325,-0.439088374376297,-2.088780164718628,12.6,30.3,67,RTL,True,ACTIVE,10,6
2026-05-28T14:42:54.413149,-35.3631213,149.1689501,15.0,-0.46,-9.96,0.0,9.977253913879395,9.977254867553711,240,0.16929718852043152,-0.43894949555397034,-2.088874101638794,12.6,30.25,66,RTL,True,ACTIVE,10,6
2026-05-28T14:42:54.913774,-35.3631234,149.1688952,15.0,-0.46,-9.96,0.0,9.977761268615723,9.977762222290039,240,0.16906514763832092,-0.438303679227829,-2.0887961387634277,12.6,30.23,66,RTL,True,ACTIVE,10,6
2026-05-28T14:42:55.414486,-35.3631255,149.1688404,14.999,-0.46,-9.96,0.0,9.977490425109863,9.977490425109863,240,0.16976763308048248,-0.4385695159435272,-2.0887885093688965,12.6,30.23,66,RTL,True,ACTIVE,10,6
2026-05-28T14:42:55.915095,-35.3631276,149.1687854,14.999,-0.46,-9.96,0.0,9.979456901550293,9.979456901550293,240,0.16980858147144318,-0.4379061758518219,-2.0887210369110107,12.6,30.25,66,RTL,True,ACTIVE,10,6
2026-05-28T14:42:56.415557,-35.3631297,149.1687304,14.999,-0.45,-9.96,0.0,9.97994613647461,9.979947090148926,240,0.16964267194271088,-0.43774715065956116,-2.088637113571167,12.6,30.25,66,RTL,True,ACTIVE,10,6
2026-05-28T14:42:56.915881,-35.3631318,149.1686755,15.0,-0.45,-9.96,0.0,9.975889205932617,9.975889205932617,240,0.16948989033699036,-0.43669313192367554,-2.088646650314331,12.6,30.21,66,RTL,True,ACTIVE,10,6
2026-05-28T14:42:57.415988,-35.3631339,149.1686209,15.001,-0.45,-9.96,0.0,9.975872039794922,9.975871086120605,240,0.17214801907539368,-0.4410995841026306,-2.0893664360046387,12.6,30.27,66,RTL,True,ACTIVE,10,6
2026-05-28T14:42:57.916656,-35.363136,149.168566,15.002,-0.45,-9.98,0.0,9.997822761535645,9.997823715209961,240,0.17289239168167114,-0.44136181473731995,-2.0894200801849365,12.6,30.33,65,RTL,True,ACTIVE,10,6
2026-05-28T14:42:58.417702,-35.3631381,149.1685109,15.001,-0.45,-9.99,0.0,10.007545471191406,10.007545471191406,240,0.17177367210388184,-0.4400152564048767,-2.089163303375244,12.6,30.29,65,RTL,True,ACTIVE,10,6
2026-05-28T14:42:58.920160,-35.3631401,149.1684558,15.0,-0.45,-9.99,0.0,10.007079124450684,10.007080078125,240,0.17042896151542664,-0.43832719326019287,-2.088826894760132,12.6,30.24,65,RTL,True,ACTIVE,10,6
2026-05-28T14:42:59.422800,-35.3631422,149.1684008,15.0,-0.45,-9.98,0.0,9.998136520385742,9.998135566711426,240,0.17031832039356232,-0.43767428398132324,-2.0887486934661865,12.6,30.22,65,RTL,True,ACTIVE,10,6
2026-05-28T14:42:59.930719,-35.3631443,149.1683457,14.999,-0.45,-9.98,0.0,9.99437427520752,9.99437427520752,240,0.1704411506652832,-0.43781620264053345,-2.0887081623077393,12.6,30.25,65,RTL,True,ACTIVE,10,6
2026-05-28T14:43:00.431239,-35.3631464,149.1682907,14.999,-0.45,-9.97,0.0,9.989632606506348,9.989633560180664,240,0.17040608823299408,-0.43715861439704895,-2.088622808456421,12.6,30.23,65,RTL,True,ACTIVE,10,6
2026-05-28T14:43:00.931848,-35.3631485,149.1682355,14.999,-0.45,-9.97,0.0,9.98603343963623,9.98603343963623,240,0.17028450965881348,-0.43667182326316833,-2.0884647369384766,12.6,30.2,65,RTL,True,ACTIVE,10,6
2026-05-28T14:43:01.432470,-35.3631506,149.1681805,14.999,-0.45,-9.97,0.0,9.980639457702637,9.980640411376953,240,0.16989676654338837,-0.43591657280921936,-2.088238000869751,12.6,30.21,65,RTL,True,ACTIVE,10,6
2026-05-28T14:43:01.933161,-35.3631527,149.1681255,14.999,-0.45,-9.96,0.0,9.975885391235352,9.975885391235352,240,0.17098656296730042,-0.43614184856414795,-2.0883073806762695,12.6,30.21,64,RTL,True,ACTIVE,10,6
2026-05-28T14:43:02.434042,-35.3631548,149.1680707,14.999,-0.45,-9.96,0.0,9.972393989562988,9.972394943237305,240,0.17144335806369781,-0.43798282742500305,-2.0887327194213867,12.6,30.23,64,RTL,True,ACTIVE,10,6
2026-05-28T14:43:02.934656,-35.3631569,149.1680159,14.998,-0.45,-9.97,0.0,9.986388206481934,9.986388206481934,240,0.1733538806438446,-0.4413721561431885,-2.0895421504974365,12.6,30.31,64,RTL,True,ACTIVE,10,6
2026-05-28T14:43:03.436267,-35.3631589,149.1679611,14.998,-0.45,-9.99,0.0,10.00757122039795,10.00757122039795,240,0.17423398792743683,-0.4420298635959625,-2.0896663665771484,12.6,30.32,64,RTL,True,ACTIVE,10,6
2026-05-28T14:43:03.936913,-35.363161,149.1679062,14.999,-0.45,-10.01,0.0,10.022642135620117,10.0226411819458,240,0.17408829927444458,-0.4413708448410034,-2.0894765853881836,12.6,30.32,64,RTL,True,ACTIVE,10,6
2026-05-28T14:43:04.437464,-35.3631631,149.167851,14.999,-0.45,-10.01,0.0,10.02367115020752,10.023672103881836,240,0.17240624129772186,-0.4389103353023529,-2.0890188217163086,12.6,30.28,64,RTL,True,ACTIVE,10,6
2026-05-28T14:43:04.938978,-35.3631652,149.1677957,14.999,-0.45,-10.0,0.0,10.015130996704102,10.015130043029785,240,0.17125862836837769,-0.43742653727531433,-2.0887389183044434,12.6,30.24,64,RTL,True,ACTIVE,10,6
2026-05-28T14:43:05.439515,-35.3631673,149.1677405,15.0,-0.45,-9.99,0.0,10.00208568572998,10.00208568572998,240,0.17055858671665192,-0.4355287253856659,-2.0884881019592285,12.6,30.2,64,RTL,True,ACTIVE,10,6
2026-05-28T14:43:05.940009,-35.3631694,149.1676854,15.001,-0.45,-9.97,0.0,9.98586654663086,9.98586654663086,240,0.170346200466156,-0.4350733160972595,-2.0882370471954346,12.6,30.18,63,RTL,True,ACTIVE,10,6
2026-05-28T14:43:06.440560,-35.3631715,149.1676303,15.002,-0.45,-9.96,0.0,9.973943710327148,9.973943710327148,240,0.17020247876644135,-0.4347042441368103,-2.088209629058838,12.6,30.17,63,RTL,True,ACTIVE,10,6
2026-05-28T14:43:06.941131,-35.3631736,149.1675752,15.001,-0.45,-9.95,0.0,9.968300819396973,9.968300819396973,240,0.1711326539516449,-0.4353480339050293,-2.0883677005767822,12.6,30.19,63,RTL,True,ACTIVE,10,6
2026-05-28T14:43:07.441469,-35.3631757,149.1675203,15.0,-0.45,-9.95,0.0,9.968374252319336,9.968375205993652,240,0.1715204119682312,-0.4355487525463104,-2.0882833003997803,12.6,30.21,63,RTL,True,ACTIVE,10,6
2026-05-28T14:43:07.942026,-35.3631778,149.1674655,14.999,-0.45,-9.95,0.0,9.969733238220215,9.969733238220215,240,0.17200371623039246,-0.4372764825820923,-2.088503122329712,12.6,30.21,63,RTL,True,ACTIVE,10,6
2026-05-28T14:43:08.442331,-35.3631798,149.1674106,14.998,-0.45,-9.96,0.0,9.980012893676758,9.980012893676758,240,0.17300325632095337,-0.43755847215652466,-2.088789701461792,12.6,30.28,63,RTL,True,ACTIVE,10,6
2026-05-28T14:43:08.942727,-35.3631819,149.1673558,14.998,-0.45,-9.97,0.0,9.988728523254395,9.988728523254395,240,0.1744796335697174,-0.44018980860710144,-2.089465379714966,12.6,30.29,63,RTL,True,ACTIVE,10,6
2026-05-28T14:43:09.443023,-35.363184,149.167301,14.998,-0.45,-10.0,0.0,10.012436866760254,10.012435913085938,240,0.1753229945898056,-0.44162940979003906,-2.0896143913269043,12.6,30.35,63,RTL,True,ACTIVE,10,6
2026-05-28T14:43:09.943724,-35.3631861,149.167246,14.998,-0.45,-10.01,0.0,10.022517204284668,10.022517204284668,240,0.17400513589382172,-0.43938133120536804,-2.0891470909118652,12.6,30.28,62,RTL,True,ACTIVE,10,6
2026-05-28T14:43:10.443883,-35.3631882,149.1671907,14.999,-0.44,-10.01,0.0,10.021541595458984,10.0215425491333,240,0.17235790193080902,-0.4373970031738281,-2.088603973388672,12.6,30.29,62,RTL,True,ACTIVE,10,6
2026-05-28T14:43:10.944560,-35.3631903,149.1671355,14.999,-0.45,-9.99,0.0,10.005444526672363,10.005444526672363,240,0.17094522714614868,-0.4355892539024353,-2.0885236263275146,12.6,30.2,62,RTL,True,ACTIVE,10,6
2026-05-28T14:43:11.444975,-35.3631924,149.1670804,14.999,-0.45,-9.98,0.0,9.99128532409668,9.99128532409668,240,0.1715947389602661,-0.4352918565273285,-2.088512420654297,12.6,30.2,62,RTL,True,ACTIVE,10,6
2026-05-28T14:43:11.945630,-35.3631945,149.1670255,14.999,-0.45,-9.97,0.0,9.981500625610352,9.981500625610352,240,0.17190025746822357,-0.4353986382484436,-2.088465452194214,12.6,30.21,62,RTL,True,ACTIVE,10,6
2026-05-28T14:43:12.445822,-35.3631965,149.1669704,14.999,-0.45,-9.97,0.0,9.984167098999023,9.984167098999023,240,0.17336948215961456,-0.4368843138217926,-2.0887162685394287,12.6,30.25,62,RTL,True,ACTIVE,10,6
2026-05-28T14:43:12.946330,-35.3631986,149.1669154,14.999,-0.44,-9.97,0.0,9.98543930053711,9.98543930053711,240,0.17248781025409698,-0.4361104667186737,-2.088592529296875,12.6,30.23,62,RTL,True,ACTIVE,10,6
2026-05-28T14:43:13.446985,-35.3632007,149.1668604,14.999,-0.45,-9.97,0.0,9.98130989074707,9.981308937072754,240,0.17289254069328308,-0.43742746114730835,-2.088804244995117,12.6,30.25,62,RTL,True,ACTIVE,10,6
2026-05-28T14:43:13.947507,-35.3632028,149.1668056,14.999,-0.45,-9.98,0.0,9.991545677185059,9.991546630859375,240,0.17441250383853912,-0.43990829586982727,-2.0893120765686035,12.6,30.29,61,RTL,True,ACTIVE,10,6
2026-05-28T14:43:14.447838,-35.3632049,149.1667507,14.999,-0.45,-9.99,0.0,10.00709342956543,10.00709342956543,240,0.17462149262428284,-0.43982717394828796,-2.089280605316162,12.6,30.33,61,RTL,True,ACTIVE,10,6
2026-05-28T14:43:14.948121,-35.363207,149.1666957,14.999,-0.45,-10.0,0.0,10.01046371459961,10.010464668273926,240,0.17348051071166992,-0.43788233399391174,-2.08888578414917,12.6,30.29,61,RTL,True,ACTIVE,10,6
2026-05-28T14:43:15.448735,-35.3632091,149.1666405,14.999,-0.45,-9.99,0.0,10.006319999694824,10.006319999694824,240,0.172999307513237,-0.4365968108177185,-2.088676691055298,12.6,30.24,61,RTL,True,ACTIVE,10,6
2026-05-28T14:43:15.949455,-35.3632111,149.1665854,14.999,-0.45,-9.98,0.0,9.998019218444824,9.998019218444824,240,0.17261594533920288,-0.43637755513191223,-2.0886764526367188,12.6,30.22,61,RTL,True,ACTIVE,10,6
2026-05-28T14:43:16.450151,-35.3632132,149.1665305,14.999,-0.45,-9.98,0.0,9.99491024017334,9.99491024017334,240,0.17299848794937134,-0.43708983063697815,-2.088728904724121,12.6,30.25,61,RTL,True,ACTIVE,10,6
2026-05-28T14:43:16.950662,-35.3632153,149.1664754,14.999,-0.45,-9.98,0.0,9.991262435913086,9.99126148223877,240,0.17292994260787964,-0.43607234954833984,-2.088533878326416,12.6,30.25,61,RTL,True,ACTIVE,10,6
2026-05-28T14:43:17.451352,-35.3632174,149.1664202,14.999,-0.45,-9.97,0.0,9.988858222961426,9.988858222961426,240,0.17285628616809845,-0.43588900566101074,-2.0884745121002197,12.6,30.23,61,RTL,True,ACTIVE,10,6
2026-05-28T14:43:17.951771,-35.3632195,149.1663654,14.999,-0.45,-9.97,0.0,9.982405662536621,9.982406616210938,240,0.17334555089473724,-0.4369293749332428,-2.0887885093688965,12.6,30.25,60,RTL,True,ACTIVE,10,6
2026-05-28T14:43:18.452271,-35.3632216,149.1663106,14.999,-0.45,-9.98,0.0,9.991968154907227,9.99196720123291,240,0.17507004737854004,-0.4398101568222046,-2.0892138481140137,12.6,30.29,60,RTL,True,ACTIVE,10,6
2026-05-28T14:43:18.952912,-35.3632237,149.1662556,15.0,-0.45,-9.99,0.0,10.004566192626953,10.004566192626953,240,0.17463655769824982,-0.4382663071155548,-2.089111328125,12.6,30.29,60,RTL,True,ACTIVE,10,6
2026-05-28T14:43:19.453597,-35.3632257,149.1662004,15.001,-0.45,-9.99,0.0,10.006745338439941,10.006745338439941,240,0.17366857826709747,-0.4378042221069336,-2.088911771774292,12.6,30.24,60,RTL,True,ACTIVE,10,6
2026-05-28T14:43:19.954169,-35.3632278,149.1661454,15.001,-0.45,-9.99,0.0,10.002483367919922,10.002483367919922,240,0.17309202253818512,-0.43673422932624817,-2.0887105464935303,12.6,30.25,60,RTL,True,ACTIVE,10,6
2026-05-28T14:43:20.455074,-35.3632299,149.1660904,15.0,-0.45,-9.98,0.0,9.998693466186523,9.998693466186523,240,0.17345452308654785,-0.43737444281578064,-2.08882999420166,12.6,30.25,60,RTL,True,ACTIVE,10,6
2026-05-28T14:43:20.955583,-35.363232,149.1660353,14.999,-0.45,-9.98,0.0,9.996757507324219,9.996757507324219,240,0.17294397950172424,-0.4359840452671051,-2.0885682106018066,12.6,30.25,60,RTL,True,ACTIVE,10,6
2026-05-28T14:43:21.456494,-35.3632341,149.1659802,14.999,-0.45,-9.98,0.0,9.992074012756348,9.992073059082031,240,0.1728384643793106,-0.43562939763069153,-2.0884132385253906,12.6,30.23,60,RTL,True,ACTIVE,10,6
2026-05-28T14:43:21.957004,-35.3632362,149.1659251,14.999,-0.45,-9.97,0.0,9.987201690673828,9.987201690673828,240,0.1727278232574463,-0.43480435013771057,-2.0884597301483154,12.6,30.21,59,RTL,True,ACTIVE,10,6
2026-05-28T14:43:22.457251,-35.3632383,149.1658701,14.999,-0.45,-9.97,0.0,9.982442855834961,9.982442855834961,240,0.17240945994853973,-0.4345617890357971,-2.0884368419647217,12.6,30.21,59,RTL,True,ACTIVE,10,6
2026-05-28T14:43:22.959413,-35.3632404,149.165815,14.999,-0.44,-9.96,0.0,9.974700927734375,9.974700927734375,240,0.1720014214515686,-0.43364542722702026,-2.0881147384643555,12.6,30.22,59,RTL,True,ACTIVE,10,6
2026-05-28T14:43:23.460027,-35.3632424,149.1657604,14.999,-0.45,-9.95,0.0,9.969059944152832,9.969058990478516,240,0.17412585020065308,-0.4376998543739319,-2.0890326499938965,12.6,30.23,59,RTL,True,ACTIVE,10,6
2026-05-28T14:43:23.960726,-35.3632445,149.1657055,14.998,-0.45,-9.98,0.0,9.991076469421387,9.991076469421387,240,0.17611141502857208,-0.44051188230514526,-2.089503049850464,12.6,30.33,59,RTL,True,ACTIVE,10,6
2026-05-28T14:43:24.461388,-35.3632466,149.1656508,14.998,-0.45,-10.0,0.0,10.011258125305176,10.011258125305176,240,0.17588850855827332,-0.44076740741729736,-2.089543581008911,12.6,30.35,59,RTL,True,ACTIVE,10,6
2026-05-28T14:43:24.962320,-35.3632487,149.1655957,14.999,-0.45,-10.01,0.0,10.024822235107422,10.024823188781738,240,0.17511454224586487,-0.439613938331604,-2.089338541030884,12.6,30.32,59,RTL,True,ACTIVE,10,6
2026-05-28T14:43:25.462861,-35.3632508,149.1655406,15.0,-0.44,-9.95,0.0,9.962142944335938,9.962146759033203,240,0.15754912793636322,-0.4077577292919159,-2.0834760665893555,12.6,29.93,58,RTL,True,ACTIVE,10,6
2026-05-28T14:43:25.963670,-35.3632528,149.1654864,15.007,-0.42,-9.61,-0.01,9.628868103027344,9.628873825073242,241,0.1250436007976532,-0.3493064045906067,-2.0743987560272217,12.6,28.93,58,RTL,True,ACTIVE,10,6
2026-05-28T14:43:26.464795,-35.3632548,149.1654347,15.01,-0.4,-9.03,0.0,9.048070907592773,9.048070907592773,241,0.08922885358333588,-0.2785273492336273,-2.0664796829223633,12.6,28.2,58,RTL,True,ACTIVE,10,6
2026-05-28T14:43:26.965591,-35.3632566,149.1653869,15.009,-0.38,-8.22,0.0,8.235633850097656,8.235638618469238,241,0.048699136823415756,-0.18979549407958984,-2.0603063106536865,12.6,27.84,58,RTL,True,ACTIVE,10,6
2026-05-28T14:43:27.469609,-35.3632583,149.1653441,15.002,-0.36,-7.16,0.01,7.174746990203857,7.174769878387451,242,0.003163484390825033,-0.07971388846635818,-2.0574793815612793,12.6,27.79,58,RTL,True,ACTIVE,10,6
2026-05-28T14:43:27.970287,-35.3632598,149.1653078,14.993,-0.32,-5.9,0.01,5.9111008644104,5.911124229431152,242,-0.028970418497920036,0.009773298166692257,-2.0589168071746826,12.6,28.15,58,RTL,True,ACTIVE,10,6
2026-05-28T14:43:28.471036,-35.363261,149.1652787,14.989,-0.26,-4.62,0.0,4.631404876708984,4.631405353546143,241,-0.050490446388721466,0.07722066342830658,-2.0616989135742188,12.6,28.41,58,RTL,True,ACTIVE,10,6
2026-05-28T14:43:28.971538,-35.363262,149.1652567,14.99,-0.2,-3.32,0.0,3.327176332473755,3.3271851539611816,241,-0.07303591072559357,0.14029526710510254,-2.065596580505371,12.6,28.56,58,RTL,True,ACTIVE,10,6
2026-05-28T14:43:29.471884,-35.3632626,149.1652419,14.994,-0.13,-2.05,-0.01,2.05591082572937,2.055936574935913,241,-0.07558271288871765,0.15688186883926392,-2.066955327987671,12.6,28.61,58,RTL,True,ACTIVE,10,6
2026-05-28T14:43:29.972233,-35.3632629,149.1652335,14.997,-0.06,-1.04,0.0,1.0518525838851929,1.0518739223480225,241,-0.06129573658108711,0.1339479386806488,-2.0651369094848633,12.6,28.41,57,RTL,True,ACTIVE,10,6
2026-05-28T14:43:30.477094,-35.3632631,149.1652299,14.998,-0.01,-0.33,0.0,0.33574405312538147,0.3357577323913574,241,-0.04410546272993088,0.0993838980793953,-2.0632052421569824,12.6,28.32,57,RTL,True,ACTIVE,10,6
2026-05-28T14:43:30.977297,-35.3632631,149.1652295,14.996,0.01,0.09,0.0,0.09136079251766205,0.09138547629117966,241,-0.023186368867754936,0.05524655804038048,-2.0616044998168945,12.6,28.17,57,RTL,True,ACTIVE,10,6
2026-05-28T14:43:31.477638,-35.3632631,149.1652306,14.994,0.03,0.23,0.0,0.2320934683084488,0.23211775720119476,241,-0.00019214638450648636,0.006370141636580229,-2.061123847961426,12.6,28.13,57,RTL,True,ACTIVE,10,6
2026-05-28T14:43:31.978297,-35.363263,149.1652319,14.994,0.03,0.16,0.0,0.16599422693252563,0.16606003046035767,241,0.008650945499539375,-0.009593690745532513,-2.0611960887908936,12.6,28.13,57,RTL,True,ACTIVE,10,6
2026-05-28T14:43:32.478959,-35.363263,149.1652329,14.994,0.03,0.11,0.0,0.12377110123634338,0.12390699982643127,241,0.00475383922457695,-0.0008491781773045659,-2.061392068862915,12.6,28.13,57,RTL,True,ACTIVE,10,6
2026-05-28T14:43:32.979524,-35.363263,149.1652338,14.995,0.04,0.1,0.0,0.11545363068580627,0.1155645102262497,241,0.0032531165052205324,0.0021688505075871944,-2.0614702701568604,12.6,28.1,57,RTL,True,ACTIVE,10,6
2026-05-28T14:43:33.484225,-35.363263,149.1652345,14.997,0.04,0.09,0.0,0.10977663099765778,0.10983851552009583,241,0.005834799725562334,0.0019176979549229145,-2.061372756958008,12.6,28.1,57,RTL,True,ACTIVE,10,6
2026-05-28T14:43:33.984883,-35.363263,149.1652351,14.998,0.05,0.08,0.0,0.10170379281044006,0.10172215849161148,241,0.00641169399023056,0.001243503880687058,-2.061387777328491,12.6,28.13,56,RTL,True,ACTIVE,10,6
2026-05-28T14:43:34.485573,-35.363263,149.1652356,14.999,0.06,0.06,0.0,0.0927889496088028,0.09279443323612213,241,0.006020521279424429,0.000756552442908287,-2.061448574066162,12.6,28.1,56,RTL,True,ACTIVE,10,6
2026-05-28T14:43:34.986013,-35.3632629,149.165236,14.999,0.06,0.05,0.0,0.08448407799005508,0.08448836952447891,241,0.004352377727627754,0.0011995912063866854,-2.0612576007843018,12.6,28.13,56,RTL,True,ACTIVE,10,6
2026-05-28T14:43:35.486362,-35.3632628,149.1652362,14.999,0.06,0.04,0.0,0.0775209292769432,0.0775236189365387,241,0.003130428958684206,0.0016946167452260852,-2.061211585998535,12.6,28.1,56,RTL,True,ACTIVE,10,6
2026-05-28T14:43:35.987033,-35.3632628,149.1652364,14.999,0.05,0.03,0.0,0.07096898555755615,0.07096967846155167,241,0.001825434505008161,0.0018898870330303907,-2.061232089996338,12.6,28.1,56,RTL,True,ACTIVE,10,6
2026-05-28T14:43:36.487541,-35.3632627,149.1652366,14.999,0.05,0.03,0.0,0.06393264979124069,0.06393467634916306,241,0.0015998616581782699,0.0016620043898001313,-2.061128616333008,12.6,28.1,56,RTL,True,ACTIVE,10,6
2026-05-28T14:43:36.987825,-35.3632626,149.1652367,14.972,0.04,0.03,0.21,0.05728201940655708,0.2190527766942978,241,0.0008410240989178419,0.0018091336823999882,-2.0610556602478027,12.6,25.49,56,RTL,True,ACTIVE,10,6
2026-05-28T14:43:37.488601,-35.3632626,149.1652368,14.734,0.03,0.03,0.76,0.04942338168621063,0.761746883392334,241,0.0006729610031470656,0.0019325155299156904,-2.0610616207122803,12.6,24.4,56,RTL,True,ACTIVE,10,6
2026-05-28T14:43:37.989300,-35.3632626,149.1652369,14.217,0.03,0.03,1.3,0.04466552659869194,1.3092342615127563,241,0.0016134390607476234,0.0023215452674776316,-2.060990333557129,12.6,24.13,56,RTL,True,ACTIVE,10,6
2026-05-28T14:43:38.489902,-35.3632625,149.165237,13.469,0.03,0.02,1.57,0.043090127408504486,1.5723384618759155,241,0.0017694521229714155,0.001792407245375216,-2.0609710216522217,12.6,26.33,55,RTL,True,ACTIVE,10,6
2026-05-28T14:43:38.990338,-35.3632625,149.1652371,12.676,0.03,0.02,1.53,0.04010234400629997,1.5339303016662598,241,0.001341132796369493,0.0015937264543026686,-2.0609078407287598,12.6,27.23,55,RTL,True,ACTIVE,10,6
2026-05-28T14:43:39.491048,-35.3632625,149.1652371,11.911,0.02,0.02,1.47,0.03548724576830864,1.476669430732727,241,0.0014798457268625498,0.0016741964500397444,-2.0609421730041504,12.6,27.18,55,RTL,True,ACTIVE,10,6
2026-05-28T14:43:39.991700,-35.3632625,149.1652371,11.178,0.02,0.01,1.34,0.03470473363995552,1.3492895364761353,241,0.0014297531452029943,0.001993694808334112,-2.060849905014038,12.6,28.52,55,RTL,True,ACTIVE,10,6
2026-05-28T14:43:40.492126,-35.3632625,149.1652372,10.612,0.02,0.01,0.84,0.033393703401088715,0.8502436876296997,241,0.0010371702956035733,0.0015938053838908672,-2.06089448928833,12.6,30.49,55,RTL,True,ACTIVE,10,6
2026-05-28T14:43:40.992226,-35.3632625,149.1652372,10.302,0.02,0.01,0.44,0.0306566059589386,0.4429934620857239,241,0.0014171275543048978,0.0012107632355764508,-2.0608675479888916,12.6,29.11,55,RTL,True,ACTIVE,10,6
2026-05-28T14:43:41.492425,-35.3632625,149.1652373,10.093,0.02,0.01,0.41,0.02767261490225792,0.42006051540374756,241,0.001382144633680582,0.001479444676078856,-2.06091570854187,12.6,27.59,55,RTL,True,ACTIVE,10,6
2026-05-28T14:43:41.992987,-35.3632625,149.1652373,9.87,0.02,0.01,0.47,0.02780873514711857,0.4806669056415558,241,0.0019971185829490423,0.0019035181030631065,-2.0608720779418945,12.6,27.42,55,RTL,True,ACTIVE,10,6
2026-05-28T14:43:42.494091,-35.3632625,149.1652373,9.625,0.02,0.01,0.51,0.028191836550831795,0.5138290524482727,241,0.00192650081589818,0.0014822648372501135,-2.0608971118927,12.6,27.64,55,RTL,True,ACTIVE,10,6
2026-05-28T14:43:42.994683,-35.3632625,149.1652373,9.371,0.02,0.0,0.51,0.02813103049993515,0.5182014107704163,241,0.0014171212678775191,0.0017429277068004012,-2.0608890056610107,12.6,27.73,54,RTL,True,ACTIVE,10,6
2026-05-28T14:43:43.495303,-35.3632625,149.1652373,9.118,0.02,0.0,0.51,0.02699255757033825,0.5136975049972534,241,0.001157127320766449,0.0017807643162086606,-2.0609209537506104,12.6,27.76,54,RTL,True,ACTIVE,10,6
2026-05-28T14:43:43.995839,-35.3632625,149.1652374,8.865,0.02,0.0,0.5,0.02638677880167961,0.5100710391998291,241,0.0018038832349702716,0.0012361094122752547,-2.060880661010742,12.6,27.73,54,RTL,True,ACTIVE,10,6
2026-05-28T14:43:44.496448,-35.3632625,149.1652374,8.613,0.02,0.0,0.5,0.026180386543273926,0.5077379941940308,241,0.0018541619647294283,0.0016454883152619004,-2.0608301162719727,12.6,27.74,54,RTL,True,ACTIVE,10,6
2026-05-28T14:43:44.997191,-35.3632625,149.1652374,8.362,0.02,0.0,0.5,0.02652309648692608,0.506208598613739,241,0.0017219155561178923,0.001240032259374857,-2.0607855319976807,12.6,27.74,54,RTL,True,ACTIVE,10,6
2026-05-28T14:43:45.497969,-35.3632625,149.1652374,8.111,0.02,0.0,0.5,0.02526915818452835,0.5051562786102295,241,0.0015585017390549183,0.001184662221930921,-2.0609078407287598,12.6,27.74,54,RTL,True,ACTIVE,10,6
2026-05-28T14:43:45.998701,-35.3632625,149.1652374,7.861,0.02,0.0,0.5,0.02445240691304207,0.5045844316482544,241,0.0012970558600500226,0.0013905215309932828,-2.0609841346740723,12.6,27.74,54,RTL,True,ACTIVE,10,6
2026-05-28T14:43:46.499215,-35.3632625,149.1652374,7.61,0.02,0.0,0.5,0.024540014564990997,0.5041604042053223,241,0.0017613121308386326,0.0017357494216412306,-2.0609540939331055,12.6,27.76,54,RTL,True,ACTIVE,10,6
2026-05-28T14:43:46.999608,-35.3632625,149.1652374,7.359,0.02,0.0,0.5,0.025211067870259285,0.5033193826675415,241,0.001666250522248447,0.001460065133869648,-2.060955286026001,12.6,27.74,53,RTL,True,ACTIVE,10,6
2026-05-28T14:43:47.499992,-35.3632625,149.1652374,7.11,0.02,0.0,0.5,0.025125231593847275,0.5035554766654968,241,0.0014307382516562939,0.0015763136325404048,-2.0609540939331055,12.6,27.72,53,RTL,True,ACTIVE,10,6
2026-05-28T14:43:48.000675,-35.3632625,149.1652374,6.86,0.02,0.0,0.5,0.024784717708826065,0.5035372376441956,241,0.0016682774294167757,0.001233479822985828,-2.060971736907959,12.6,27.74,53,RTL,True,ACTIVE,10,6
2026-05-28T14:43:48.501286,-35.3632625,149.1652374,6.61,0.02,0.0,0.5,0.024103304371237755,0.5032094717025757,241,0.0018389347242191434,0.0009163080248981714,-2.060960054397583,12.6,27.74,53,RTL,True,ACTIVE,10,6
2026-05-28T14:43:49.001717,-35.3632625,149.1652374,6.359,0.02,0.0,0.5,0.023902444168925285,0.5030515193939209,241,0.0017991327913478017,0.0012932276586070657,-2.0609025955200195,12.6,27.74,53,RTL,True,ACTIVE,10,6
2026-05-28T14:43:49.502239,-35.3632625,149.1652374,6.109,0.02,0.0,0.5,0.023801980540156364,0.5027083158493042,241,0.0016646370058879256,0.0012218602932989597,-2.060933828353882,12.6,27.77,53,RTL,True,ACTIVE,10,6
2026-05-28T14:43:50.002837,-35.3632625,149.1652374,5.858,0.02,0.0,0.5,0.02393239736557007,0.5020384788513184,241,0.001697847037576139,0.0013936477480456233,-2.0608835220336914,12.6,27.74,53,RTL,True,ACTIVE,10,6
2026-05-28T14:43:50.503314,-35.3632625,149.1652374,5.607,0.02,0.0,0.5,0.023819638416171074,0.5012603402137756,241,0.0014845007099211216,0.001318331458605826,-2.0608439445495605,12.6,27.74,53,RTL,True,ACTIVE,10,6
2026-05-28T14:43:51.003872,-35.3632625,149.1652374,5.356,0.02,0.0,0.49,0.02418256737291813,0.5004931688308716,241,0.0017691259272396564,0.0015898460987955332,-2.0608584880828857,12.6,27.74,53,RTL,True,ACTIVE,10,6
2026-05-28T14:43:51.504513,-35.3632625,149.1652374,5.107,0.02,0.0,0.5,0.024706337600946426,0.5007182955741882,241,0.0016595633933320642,0.0013827279908582568,-2.0609219074249268,12.6,27.72,52,RTL,True,ACTIVE,10,6
2026-05-28T14:43:52.005141,-35.3632625,149.1652374,4.857,0.02,0.0,0.5,0.02425418794155121,0.5012351274490356,241,0.001567032653838396,0.001270671607926488,-2.060939073562622,12.6,27.72,52,RTL,True,ACTIVE,10,6
2026-05-28T14:43:52.505660,-35.3632625,149.1652374,4.607,0.02,0.0,0.5,0.023521175608038902,0.5011582374572754,241,0.0016035351436585188,0.0012447723420336843,-2.0608925819396973,12.6,27.75,52,RTL,True,ACTIVE,10,6
2026-05-28T14:43:53.006223,-35.3632625,149.1652374,4.357,0.02,0.0,0.5,0.02373661659657955,0.5012226700782776,241,0.0014665710041299462,0.0018233684822916985,-2.0609776973724365,12.6,27.77,52,RTL,True,ACTIVE,10,6
2026-05-28T14:43:53.506857,-35.3632625,149.1652374,4.106,0.02,0.0,0.5,0.024212758988142014,0.5007597208023071,241,0.001405509770847857,0.0017342442879453301,-2.0609724521636963,12.6,27.77,52,RTL,True,ACTIVE,10,6
2026-05-28T14:43:54.007068,-35.3632624,149.1652374,3.856,0.02,0.0,0.49,0.02414851449429989,0.5004510283470154,241,0.0011057013180106878,0.0013311848742887378,-2.0609264373779297,12.6,27.72,52,RTL,True,ACTIVE,10,6
2026-05-28T14:43:54.507439,-35.3632624,149.1652374,3.606,0.02,0.0,0.49,0.022431639954447746,0.49980849027633667,241,0.001022415584884584,0.0012107124784961343,-2.0609512329101562,12.6,27.77,52,RTL,True,ACTIVE,10,6
2026-05-28T14:43:55.010265,-35.3632624,149.1652374,3.355,0.02,0.0,0.49,0.021086374297738075,0.49942904710769653,241,0.0010799110168591142,0.0012912689708173275,-2.060922622680664,12.6,27.73,52,RTL,True,ACTIVE,10,6
2026-05-28T14:43:55.510898,-35.3632624,149.1652374,3.105,0.01,0.0,0.49,0.020268132910132408,0.49927663803100586,241,0.0013988984283059835,0.001203821855597198,-2.0609962940216064,12.6,27.75,51,RTL,True,ACTIVE,10,6
2026-05-28T14:43:56.011668,-35.3632624,149.1652374,2.855,0.01,0.0,0.49,0.020164117217063904,0.49882641434669495,241,0.0015916578704491258,0.0013598601799458265,-2.0609593391418457,12.6,27.73,51,RTL,True,ACTIVE,10,6
2026-05-28T14:43:56.512321,-35.3632624,149.1652374,2.605,0.02,0.0,0.49,0.020885350182652473,0.49854087829589844,241,0.0015210333513095975,0.0014662302564829588,-2.060957193374634,12.6,27.75,51,RTL,True,ACTIVE,10,6
2026-05-28T14:43:57.013076,-35.3632624,149.1652374,2.355,0.02,0.0,0.49,0.021417753770947456,0.49904417991638184,241,0.0015191083075478673,0.0012916804989799857,-2.0609514713287354,12.6,27.73,51,RTL,True,ACTIVE,10,6
2026-05-28T14:43:57.513450,-35.3632624,149.1652374,2.106,0.02,0.0,0.49,0.02161869779229164,0.4996611475944519,241,0.0014958682004362345,0.0013257412938401103,-2.060964584350586,12.6,27.73,51,RTL,True,ACTIVE,10,6
2026-05-28T14:43:58.013777,-35.3632624,149.1652374,1.857,0.02,0.0,0.49,0.02222750149667263,0.5001277923583984,241,0.0017927587032318115,0.0017066736472770572,-2.0609519481658936,12.6,27.73,51,RTL,True,ACTIVE,10,6
2026-05-28T14:43:58.514439,-35.3632624,149.1652374,1.606,0.02,0.0,0.49,0.023893672972917557,0.5002313256263733,241,0.001989927841350436,0.001560191623866558,-2.0609490871429443,12.6,27.73,51,RTL,True,ACTIVE,10,6
2026-05-28T14:43:59.015093,-35.3632624,149.1652374,1.356,0.02,0.0,0.49,0.025227706879377365,0.5002469420433044,241,0.0018027557525783777,0.0013890344416722655,-2.0609850883483887,12.6,27.73,51,RTL,True,ACTIVE,10,6
2026-05-28T14:43:59.515412,-35.3632624,149.1652374,1.105,0.02,0.0,0.49,0.025370225310325623,0.49992501735687256,241,0.0016040923073887825,0.0012518165167421103,-2.0609889030456543,12.6,27.73,51,RTL,True,ACTIVE,10,6
2026-05-28T14:44:00.016642,-35.3632624,149.1652374,0.856,0.02,0.0,0.49,0.02508235163986683,0.4994424283504486,241,0.0018523181788623333,0.0010044700466096401,-2.060966968536377,12.6,27.73,50,LAND,True,ACTIVE,10,6
2026-05-28T14:44:00.517273,-35.3632624,149.1652374,0.605,0.02,0.0,0.49,0.024361256510019302,0.4991050660610199,241,0.0018840701086446643,0.0009963036281988025,-2.060978889465332,12.6,27.76,50,LAND,True,ACTIVE,10,6
2026-05-28T14:44:01.018047,-35.3632624,149.1652374,0.352,0.02,0.0,0.54,0.024557504802942276,0.5462933778762817,241,0.001800545142032206,0.0012104830238968134,-2.0609662532806396,12.6,26.93,50,LAND,True,ACTIVE,10,6
2026-05-28T14:44:01.518331,-35.3632624,149.1652374,0.014,0.02,0.0,0.75,0.02422797493636608,0.752898633480072,241,0.0016773334937170148,0.0013858358142897487,-2.060969114303589,12.6,27.09,50,LAND,True,ACTIVE,10,6
2026-05-28T14:44:02.018900,-35.3632624,149.1652374,-0.002,0.02,0.0,-0.01,0.023340560495853424,0.026396023109555244,241,0.001528951688669622,0.0013329802313819528,-2.06093430519104,12.6,0.43,50,LAND,True,ACTIVE,10,6
2026-05-28T14:44:02.519730,-35.3632624,149.1652375,-0.015,0.02,0.0,0.0,0.022820478305220604,0.024245262145996094,241,0.0015181044582277536,0.0013200334506109357,-2.0608980655670166,12.6,0.09,50,LAND,True,ACTIVE,10,6
2026-05-28T14:44:03.020467,-35.3632624,149.1652375,-0.013,0.02,0.0,0.0,0.022557882592082024,0.022609053179621696,241,0.0015213111182674766,0.0013130339793860912,-2.0608620643615723,12.6,0.13,50,LAND,True,ACTIVE,10,6
2026-05-28T14:44:03.521152,-35.3632624,149.1652375,-0.011,0.02,0.0,0.0,0.022110329940915108,0.022188907489180565,241,0.0015166609082370996,0.001297003123909235,-2.060837507247925,12.6,0.03,50,LAND,True,ACTIVE,10,6
2026-05-28T14:44:04.021902,-35.3632624,149.1652375,-0.006,0.02,0.0,0.0,0.022197598591446877,0.02229725942015648,241,0.001511745504103601,0.0013254150981083512,-2.0606675148010254,12.6,0.0,50,LAND,False,STANDBY,10,6
2026-05-28T14:44:04.522582,-35.3632624,149.1652375,-0.002,0.02,0.0,0.0,0.022220229730010033,0.022350473329424858,241,0.0014836045447736979,0.0013278870610520244,-2.0604584217071533,12.6,0.0,50,LAND,False,STANDBY,10,6
2026-05-28T14:44:05.022958,-35.3632624,149.1652375,0.0,0.02,0.0,0.0,0.02187938429415226,0.022010579705238342,241,0.0014488098677247763,0.001330072758719325,-2.0602498054504395,12.6,0.0,50,LAND,False,STANDBY,10,6
2026-05-28T14:44:05.523574,-35.3632624,149.1652375,0.002,0.02,0.0,0.0,0.021281417459249496,0.021395014598965645,241,0.0014139185659587383,0.0013296011602506042,-2.0600266456604004,12.6,0.0,50,LAND,False,STANDBY,10,6
2026-05-28T14:44:06.024200,-35.3632624,149.1652375,0.004,0.01,0.0,0.0,0.020677171647548676,0.020782846957445145,241,0.0013960377546027303,0.0013323270250111818,-2.0598111152648926,12.6,0.0,50,LAND,False,STANDBY,10,6
2026-05-28T14:44:06.524804,-35.3632624,149.1652375,0.005,0.01,0.0,0.0,0.02014446072280407,0.020242776721715927,241,0.001378129585646093,0.001343528158031404,-2.059596300125122,12.6,0.0,50,LAND,False,STANDBY,10,6
2026-05-28T14:44:07.024984,-35.3632624,149.1652375,0.006,0.01,0.0,0.0,0.019889196380972862,0.019971394911408424,242,0.001368883065879345,0.001353967934846878,-2.0593769550323486,12.6,0.0,50,LAND,False,STANDBY,10,6
2026-05-28T14:44:07.525609,-35.3632624,149.1652375,0.007,0.01,0.0,0.0,0.0197675172239542,0.019836213439702988,242,0.00136567500885576,0.0013561468804255128,-2.059157133102417,12.6,0.0,50,LAND,False,STANDBY,10,6
2026-05-28T14:44:08.026335,-35.3632624,149.1652375,0.008,0.01,0.0,0.0,0.01996409334242344,0.02001713588833809,242,0.0013918096665292978,0.0013648188905790448,-2.058947801589966,12.6,0.0,50,LAND,False,STANDBY,10,6
2026-05-28T14:44:08.527001,-35.3632624,149.1652375,0.008,0.01,0.0,0.0,0.020231056958436966,0.020271774381399155,242,0.0014059972018003464,0.001380561850965023,-2.0587289333343506,12.6,0.0,50,LAND,False,STANDBY,10,6
2026-05-28T14:44:09.027294,-35.3632624,149.1652375,0.008,0.01,0.0,0.0,0.020857492461800575,0.020887715741991997,242,0.0014354410814121366,0.001406961353495717,-2.0585172176361084,12.6,0.0,50,LAND,False,STANDBY,10,6
2026-05-28T14:44:09.527903,-35.3632624,149.1652375,0.008,0.02,0.0,0.0,0.02149336040019989,0.021508006379008293,242,0.001462636049836874,0.0014281969051808119,-2.0583062171936035,12.6,0.0,50,LAND,False,STANDBY,10,6
2026-05-28T14:44:10.028723,-35.3632624,149.1652375,0.008,0.02,0.0,0.0,0.02213548868894577,0.022144753485918045,242,0.001492823357693851,0.0014492026530206203,-2.0580873489379883,12.6,0.0,50,LAND,False,STANDBY,10,6
2026-05-28T14:44:10.529400,-35.3632624,149.1652375,0.008,0.02,0.0,0.0,0.0227808877825737,0.022786326706409454,242,0.0015134181594476104,0.0014674186240881681,-2.0578763484954834,12.6,0.0,50,LAND,False,STANDBY,10,6
2026-05-28T14:44:11.030012,-35.3632624,149.1652375,0.008,0.02,0.0,0.0,0.023622367531061172,0.023625507950782776,242,0.0015249361749738455,0.001488655572757125,-2.057675361633301,12.6,0.0,50,LAND,False,STANDBY,10,6
2026-05-28T14:44:11.530478,-35.3632624,149.1652375,0.008,0.02,0.0,0.0,0.02413359098136425,0.024135751649737358,242,0.0015485936310142279,0.001507591106928885,-2.0574772357940674,12.6,0.0,50,LAND,False,STANDBY,10,6
2026-05-28T14:44:12.031186,-35.3632624,149.1652375,0.008,0.02,0.0,0.0,0.02473188377916813,0.024733079597353935,242,0.0015578239690512419,0.0015120211755856872,-2.057288408279419,12.6,0.0,50,LAND,False,STANDBY,10,6
2026-05-28T14:44:12.531791,-35.3632624,149.1652375,0.008,0.02,0.0,0.0,0.02508833259344101,0.025088422000408173,242,0.0015702462987974286,0.0015287052374333143,-2.057091474533081,12.6,0.0,50,LAND,False,STANDBY,10,6
2026-05-28T14:44:13.032613,-35.3632624,149.1652375,0.008,0.02,0.0,0.0,0.02526039443910122,0.02526092901825905,242,0.0015749810263514519,0.0015287705464288592,-2.0569028854370117,12.6,0.0,50,LAND,False,STANDBY,10,6
2026-05-28T14:44:13.533245,-35.3632624,149.1652375,0.008,0.02,0.0,0.0,0.025456152856349945,0.025457313284277916,242,0.0015720297815278172,0.0015296724159270525,-2.056716203689575,12.6,0.0,50,LAND,False,STANDBY,10,6
2026-05-28T14:44:14.033754,-35.3632624,149.1652375,0.008,0.02,0.0,0.0,0.02564351074397564,0.025645382702350616,242,0.0015771019970998168,0.001535174436867237,-2.0565221309661865,12.6,0.0,50,LAND,False,STANDBY,10,6
2026-05-28T14:44:14.534265,-35.3632624,149.1652375,0.008,0.02,0.0,0.0,0.025681190192699432,0.025684835389256477,242,0.0015723006799817085,0.0015301447128877044,-2.05633282661438,12.6,0.0,50,LAND,False,STANDBY,10,6
2026-05-28T14:44:15.034829,-35.3632624,149.1652375,0.008,0.02,0.0,0.0,0.025740014389157295,0.025743603706359863,242,0.0015709571307525039,0.0015323349507525563,-2.056152105331421,12.6,0.0,50,LAND,False,STANDBY,10,6
2026-05-28T14:44:15.535451,-35.3632624,149.1652375,0.008,0.02,0.0,0.0,0.025793330743908882,0.02579778991639614,242,0.0015589409740641713,0.0015293173491954803,-2.055978775024414,12.6,0.0,50,LAND,False,STANDBY,10,6
2026-05-28T14:44:16.035884,-35.3632624,149.1652375,0.007,0.02,0.0,0.0,0.025703659281134605,0.025710366666316986,242,0.001553065376356244,0.0015222728252410889,-2.0558032989501953,12.6,0.0,50,LAND,False,STANDBY,10,6
2026-05-28T14:44:16.536375,-35.3632624,149.1652375,0.007,0.02,0.0,0.0,0.025427760556340218,0.025436630472540855,242,0.0015501421876251698,0.0015070135705173016,-2.0556232929229736,12.6,0.0,50,LAND,False,STANDBY,10,6
2026-05-28T14:44:17.036627,-35.3632624,149.1652375,0.007,0.02,0.0,0.0,0.02531002089381218,0.025319509208202362,242,0.001545980223454535,0.0015057880664244294,-2.055454969406128,12.6,0.0,50,LAND,False,STANDBY,10,6
2026-05-28T14:44:17.537303,-35.3632624,149.1652375,0.007,0.02,0.0,0.0,0.025101978331804276,0.025109315291047096,242,0.0015392082277685404,0.0014989321352913976,-2.0552926063537598,12.6,0.0,50,LAND,False,STANDBY,10,6
2026-05-28T14:44:18.037700,-35.3632624,149.1652375,0.007,0.02,0.0,0.0,0.024988476186990738,0.024996882304549217,242,0.0015458184061571956,0.001500353217124939,-2.055121898651123,12.6,0.0,50,LAND,False,STANDBY,10,6
2026-05-28T14:44:18.538316,-35.3632624,149.1652375,0.007,0.02,0.0,0.0,0.02487412840127945,0.024884086102247238,242,0.0015340381069108844,0.0015021759318187833,-2.0549545288085938,12.6,0.0,50,LAND,False,STANDBY,10,6
2026-05-28T14:44:19.038776,-35.3632624,149.1652375,0.007,0.02,0.0,0.0,0.02459808439016342,0.024611111730337143,242,0.0015491994563490152,0.001502535305917263,-2.0547914505004883,12.6,0.0,50,LAND,False,STANDBY,10,6
2026-05-28T14:44:19.538956,-35.3632624,149.1652375,0.007,0.02,0.0,0.0,0.02459287829697132,0.024607224389910698,242,0.0015458724228665233,0.0014952414203435183,-2.0546376705169678,12.6,0.0,50,LAND,False,STANDBY,10,6
2026-05-28T14:44:20.039148,-35.3632624,149.1652375,0.007,0.02,0.0,0.0,0.024848753586411476,0.024864649400115013,242,0.0015382367419078946,0.0014968616887927055,-2.054490089416504,12.6,0.0,50,LAND,False,STANDBY,10,6
2026-05-28T14:44:20.539768,-35.3632624,149.1652375,0.006,0.02,0.0,0.0,0.02464899607002735,0.02466416172683239,242,0.001527634565718472,0.001481070532463491,-2.0543315410614014,12.6,0.0,50,LAND,False,STANDBY,10,6
2026-05-28T14:44:21.040468,-35.3632624,149.1652375,0.006,0.02,0.0,0.0,0.024566395208239555,0.02458321675658226,242,0.0015258867060765624,0.0014771228889003396,-2.0541841983795166,12.6,0.0,50,LAND,False,STANDBY,10,6
2026-05-28T14:44:21.540942,-35.3632624,149.1652375,0.006,0.02,0.0,0.0,0.024481963366270065,0.024500049650669098,242,0.0015215266030281782,0.001469719922170043,-2.0540430545806885,12.6,0.0,50,LAND,False,STANDBY,10,6
2026-05-28T14:44:22.041502,-35.3632624,149.1652375,0.006,0.02,0.0,0.0,0.024543223902583122,0.02456013113260269,242,0.0015213151928037405,0.0014758058823645115,-2.053893804550171,12.6,0.0,50,LAND,False,STANDBY,10,6
2026-05-28T14:44:22.542142,-35.3632624,149.1652375,0.006,0.02,0.0,0.0,0.02448689006268978,0.0245010145008564,242,0.001517921919003129,0.0014756430173292756,-2.0537517070770264,12.6,0.0,50,LAND,False,STANDBY,10,6
2026-05-28T14:44:23.042334,-35.3632624,149.1652375,0.006,0.02,0.0,0.0,0.024567190557718277,0.024578137323260307,242,0.0015296416822820902,0.0014870003797113895,-2.0536139011383057,12.6,0.0,50,LAND,False,STANDBY,10,6
2026-05-28T14:44:23.542744,-35.3632624,149.1652375,0.006,0.02,0.0,0.0,0.024451719596982002,0.02446499653160572,242,0.001517610508017242,0.0014796737814322114,-2.053483009338379,12.6,0.0,50,LAND,False,STANDBY,10,6
2026-05-28T14:44:24.042894,-35.3632624,149.1652375,0.006,0.02,0.0,0.0,0.024335168302059174,0.024347512051463127,242,0.001518244855105877,0.0014865694101899862,-2.053356647491455,12.6,0.0,50,LAND,False,STANDBY,10,6
2026-05-28T14:44:24.543318,-35.3632624,149.1652375,0.006,0.02,0.0,0.0,0.024414002895355225,0.02442699484527111,242,0.0015062051825225353,0.001480184611864388,-2.053231716156006,12.6,0.0,50,LAND,False,STANDBY,10,6
2026-05-28T14:44:25.043900,-35.3632624,149.1652375,0.006,0.02,0.0,0.0,0.0244606900960207,0.024470603093504906,242,0.0015039496356621385,0.0014850880252197385,-2.0531060695648193,12.6,0.0,50,LAND,False,STANDBY,10,6
2026-05-28T14:44:25.544386,-35.3632624,149.1652375,0.006,0.02,0.0,0.0,0.024223752319812775,0.02423076145350933,242,0.0014919284731149673,0.0014789834385737777,-2.0529816150665283,12.6,0.0,50,LAND,False,STANDBY,10,6
2026-05-28T14:44:26.045074,-35.3632624,149.1652375,0.006,0.02,0.0,0.0,0.024160806089639664,0.02416868321597576,242,0.0014937549130991101,0.0014866188867017627,-2.0528604984283447,12.6,0.0,50,LAND,False,STANDBY,10,6
2026-05-28T14:44:26.545562,-35.3632624,149.1652375,0.006,0.02,0.0,0.0,0.024204019457101822,0.02420986257493496,242,0.0014999913983047009,0.0014843802200630307,-2.0527451038360596,12.6,0.0,50,LAND,False,STANDBY,10,6
2026-05-28T14:44:27.046134,-35.3632624,149.1652375,0.006,0.02,0.0,0.0,0.02431114949285984,0.02431424707174301,242,0.0015107806539162993,0.0014834074536338449,-2.052633047103882,12.6,0.0,50,LAND,False,STANDBY,10,6
2026-05-28T14:44:27.546761,-35.3632624,149.1652375,0.006,0.02,0.0,0.0,0.02433783747255802,0.024341437965631485,242,0.0015063566388562322,0.0014740945771336555,-2.052523612976074,12.6,0.0,50,LAND,False,STANDBY,10,6
2026-05-28T14:44:28.047377,-35.3632624,149.1652375,0.006,0.02,0.0,0.0,0.024309782311320305,0.024311916902661324,242,0.0015098897274583578,0.0014749079709872603,-2.052417516708374,12.6,0.0,50,LAND,False,STANDBY,10,6
2026-05-28T14:44:28.548108,-35.3632624,149.1652375,0.007,0.02,0.0,0.0,0.024140391498804092,0.024142123758792877,242,0.0014980557607486844,0.0014578098198398948,-2.0523264408111572,12.6,0.0,50,LAND,False,STANDBY,10,6
2026-05-28T14:44:29.048687,-35.3632624,149.1652375,0.007,0.02,0.0,0.0,0.02402026206254959,0.024022536352276802,242,0.0014995726523920894,0.001458156737498939,-2.0522234439849854,12.6,0.0,50,LAND,False,STANDBY,10,6
2026-05-28T14:44:29.549028,-35.3632624,149.1652375,0.007,0.02,0.0,0.0,0.024086767807602882,0.024089181795716286,242,0.0014927572337910533,0.0014533993089571595,-2.0521304607391357,12.6,0.0,50,LAND,False,STANDBY,10,6
2026-05-28T14:44:30.049716,-35.3632624,149.1652375,0.007,0.02,0.0,0.0,0.024074412882328033,0.024078989401459694,242,0.0015009825583547354,0.00144963467027992,-2.0520401000976562,12.6,0.0,50,LAND,False,STANDBY,10,6
2026-05-28T14:44:30.550339,-35.3632624,149.1652375,0.007,0.02,0.0,0.0,0.023886170238256454,0.02389032021164894,242,0.0014931494370102882,0.001447737799026072,-2.051945924758911,12.6,0.0,50,LAND,False,STANDBY,10,6
2026-05-28T14:44:31.050922,-35.3632624,149.1652375,0.007,0.02,0.0,0.0,0.023884790018200874,0.02388782612979412,242,0.0014996313257142901,0.0014537556562572718,-2.0518505573272705,12.6,0.0,50,LAND,False,STANDBY,10,6
2026-05-28T14:44:31.551590,-35.3632624,149.1652375,0.007,0.02,0.0,0.0,0.023931685835123062,0.0239338967949152,242,0.0014918261440470815,0.0014480125391855836,-2.0517618656158447,12.6,0.0,50,LAND,False,STANDBY,10,6
2026-05-28T14:44:32.052323,-35.3632624,149.1652375,0.007,0.02,0.0,0.0,0.023970555514097214,0.02397184818983078,242,0.0014899821253493428,0.0014525739243254066,-2.0516769886016846,12.6,0.0,50,LAND,False,STANDBY,10,6
2026-05-28T14:44:32.552799,-35.3632624,149.1652375,0.007,0.02,0.0,0.0,0.023851342499256134,0.02385258488357067,242,0.001472915057092905,0.0014288246165961027,-2.0516104698181152,12.6,0.0,50,LAND,False,STANDBY,10,6
2026-05-28T14:44:33.053285,-35.3632624,149.1652375,0.007,0.02,0.0,0.0,0.023868126794695854,0.02387082576751709,242,0.0014704234199598432,0.0014217213029041886,-2.0515494346618652,12.6,0.0,50,LAND,False,STANDBY,10,6
2026-05-28T14:44:33.553848,-35.3632624,149.1652375,0.007,0.02,0.0,0.0,0.02361234277486801,0.023614851757884026,242,0.0014507961459457874,0.0014037159271538258,-2.0514962673187256,12.6,0.0,50,LAND,False,STANDBY,10,6
2026-05-28T14:44:34.054404,-35.3632624,149.1652375,0.007,0.02,0.0,0.0,0.023225022479891777,0.023228049278259277,242,0.0014206597115844488,0.0013754768297076225,-2.0514578819274902,12.6,0.0,50,LAND,False,STANDBY,10,6
2026-05-28T14:44:34.555025,-35.3632624,149.1652375,0.007,0.02,0.0,0.0,0.0228742528706789,0.02287633717060089,242,0.0013927032705396414,0.0013327382039278746,-2.051422119140625,12.6,0.0,50,LAND,False,STANDBY,10,6
2026-05-28T14:44:35.055206,-35.3632624,149.1652375,0.007,0.02,0.0,0.0,0.022134101018309593,0.02213539369404316,242,0.0013569536386057734,0.0012963012559339404,-2.0513954162597656,12.6,0.0,50,LAND,False,STANDBY,10,6
2026-05-28T14:44:35.555879,-35.3632624,149.1652375,0.007,0.02,0.0,0.0,0.02139292284846306,0.02139381878077984,242,0.0013143037213012576,0.001254357397556305,-2.051379442214966,12.6,0.0,50,LAND,False,STANDBY,10,6
2026-05-28T14:44:36.056358,-35.3632624,149.1652375,0.007,0.01,0.0,0.0,0.02069893479347229,0.020699603483080864,242,0.0012638799380511045,0.0012122989865019917,-2.051375150680542,12.6,0.0,50,LAND,False,STANDBY,10,6
2026-05-28T14:44:36.557007,-35.3632624,149.1652375,0.007,0.01,0.0,0.0,0.019649256020784378,0.019651034846901894,242,0.0012061360757797956,0.0011596912518143654,-2.0513648986816406,12.6,0.0,50,LAND,False,STANDBY,10,6
2026-05-28T14:44:37.057654,-35.3632624,149.1652375,0.007,0.01,0.0,0.0,0.018627047538757324,0.018628090620040894,242,0.0011447346769273281,0.0010962862288579345,-2.051384449005127,12.6,0.0,50,LAND,False,STANDBY,10,6
2026-05-28T14:44:37.557826,-35.3632624,149.1652375,0.007,0.01,0.0,0.0,0.017328990623354912,0.01733035407960415,242,0.0010931998258456588,0.0010482643265277147,-2.05141019821167,12.6,0.0,50,LAND,False,STANDBY,10,6
2026-05-28T14:44:38.058576,-35.3632624,149.1652375,0.007,0.01,0.0,0.0,0.01620791293680668,0.016209499910473824,242,0.0010348440846428275,0.0010020750341936946,-2.0514445304870605,12.6,0.0,50,LAND,False,STANDBY,10,6
2026-05-28T14:44:38.558971,-35.3632624,149.1652375,0.007,0.01,0.0,0.0,0.01488580647855997,0.01488705538213253,242,0.0009789257310330868,0.0009529619128443301,-2.0514798164367676,12.6,0.0,50,LAND,False,STANDBY,10,6
2026-05-28T14:44:39.059522,-35.3632624,149.1652375,0.007,0.01,0.0,0.0,0.013764624483883381,0.013765131123363972,242,0.0009329710155725479,0.0009159365436062217,-2.051515817642212,12.6,0.0,50,LAND,False,STANDBY,10,6
2026-05-28T14:44:39.560275,-35.3632624,149.1652375,0.007,0.01,0.0,0.0,0.01264185644686222,0.012642018496990204,242,0.0008842414827086031,0.0008585438481532037,-2.051562786102295,12.6,0.0,50,LAND,False,STANDBY,10,6
2026-05-28T14:44:40.060913,-35.3632625,149.1652375,0.007,0.01,0.0,0.0,0.011450458317995071,0.011451007798314095,242,0.0008371576550416648,0.0008179398719221354,-2.0516207218170166,12.6,0.0,50,LAND,False,STANDBY,10,6
2026-05-28T14:44:40.561602,-35.3632625,149.1652375,0.007,0.0,0.0,0.0,0.010234634391963482,0.01023575197905302,242,0.0007938627968542278,0.0007626837468706071,-2.0516910552978516,12.6,0.0,50,LAND,False,STANDBY,10,6
2026-05-28T14:44:41.061913,-35.3632625,149.1652375,0.007,0.0,0.0,0.0,0.009377216920256615,0.009378478862345219,242,0.0007424005889333785,0.000714724650606513,-2.0517656803131104,12.6,0.0,50,LAND,False,STANDBY,10,6
2026-05-28T14:44:41.562544,-35.3632625,149.1652375,0.007,0.0,0.0,0.0,0.00831716787070036,0.008317256346344948,242,0.0007079002680256963,0.0006695430492982268,-2.0518410205841064,12.6,0.0,50,LAND,False,STANDBY,10,6
2026-05-28T14:44:42.063117,-35.3632625,149.1652375,0.007,0.0,0.0,0.0,0.007331434637308121,0.007332263980060816,242,0.000663379265461117,0.0006166704115457833,-2.05192494392395,12.6,0.0,50,LAND,False,STANDBY,10,6
2026-05-28T14:44:42.563687,-35.3632625,149.1652375,0.007,0.0,0.0,0.0,0.006247039418667555,0.006249768193811178,242,0.0006052478565834463,0.0005726476665586233,-2.0520215034484863,12.6,0.0,50,LAND,False,STANDBY,10,6
2026-05-28T14:44:43.064345,-35.3632625,149.1652375,0.007,0.0,0.0,0.0,0.005298451520502567,0.00529990391805768,242,0.0005694901919923723,0.0005321209318935871,-2.0521113872528076,12.6,0.0,50,LAND,False,STANDBY,10,6
2026-05-28T14:44:43.565010,-35.3632625,149.1652375,0.007,0.0,0.0,0.0,0.004313608631491661,0.004313863813877106,242,0.000522600777912885,0.0004929140559397638,-2.052217960357666,12.6,0.0,50,LAND,False,STANDBY,10,6
2026-05-28T14:44:44.065662,-35.3632625,149.1652375,0.007,0.0,0.0,0.0,0.0034807221964001656,0.0034808628261089325,242,0.0004713435482699424,0.0004513609455898404,-2.0523290634155273,12.6,0.0,50,LAND,False,STANDBY,10,6
2026-05-28T14:44:44.566267,-35.3632625,149.1652375,0.007,0.0,0.0,0.0,0.0024768339935690165,0.002479987218976021,242,0.00042631253018043935,0.0004142258840147406,-2.0524463653564453,12.6,0.0,50,LAND,False,STANDBY,10,6
2026-05-28T14:44:45.066873,-35.3632625,149.1652375,0.007,0.0,0.0,0.0,0.001595876645296812,0.0016037782188504934,242,0.0003830936038866639,0.00036708603147417307,-2.052574396133423,12.6,0.0,50,LAND,False,STANDBY,10,6
2026-05-28T14:44:45.567491,-35.3632625,149.1652375,0.007,0.0,0.0,0.0,0.0005388219142332673,0.0005522057763300836,242,0.0003347490855958313,0.00031757898977957666,-2.052704334259033,12.6,0.0,50,LAND,False,STANDBY,10,6
2026-05-28T14:44:46.068057,-35.3632625,149.1652375,0.007,0.0,0.0,0.0,0.00046937630395404994,0.00047026597894728184,242,0.0002999753050971776,0.00027540099108591676,-2.05283522605896,12.6,0.0,50,LAND,False,STANDBY,10,6
2026-05-28T14:44:46.568678,-35.3632625,149.1652375,0.007,0.0,0.0,0.0,0.0014400044456124306,0.0014400046784430742,242,0.00026735549909062684,0.00023931494797579944,-2.0529651641845703,12.6,0.0,50,LAND,False,STANDBY,10,6
2026-05-28T14:44:47.069298,-35.3632625,149.1652375,0.007,0.0,0.0,0.0,0.002254795515909791,0.0022550784051418304,242,0.00023351678100880235,0.00020671224046964198,-2.0531070232391357,12.6,0.0,50,LAND,False,STANDBY,10,6
2026-05-28T14:44:47.569668,-35.3632626,149.1652375,0.007,0.0,0.0,0.0,0.002944388659670949,0.002944905310869217,242,0.00020584528101608157,0.000187025434570387,-2.0532493591308594,12.6,0.0,50,LAND,False,STANDBY,10,6
2026-05-28T14:44:48.070281,-35.3632626,149.1652375,0.007,0.0,0.0,0.0,0.0035034921020269394,0.0035035423934459686,242,0.00017254872363992035,0.00016412306285928935,-2.053401470184326,12.6,0.0,50,LAND,False,STANDBY,10,6
2026-05-28T14:44:48.570868,-35.3632626,149.1652375,0.008,0.0,0.0,0.0,0.004173988942056894,0.0041746413335204124,242,0.00014113154611550272,0.0001310052612097934,-2.0535688400268555,12.6,0.0,50,LAND,False,STANDBY,10,6
2026-05-28T14:44:49.071457,-35.3632626,149.1652375,0.008,0.0,0.0,0.0,0.004779671784490347,0.004780827555805445,242,0.00011396742047509179,0.00010611503239488229,-2.053734302520752,12.6,0.0,50,LAND,False,STANDBY,10,6
2026-05-28T14:44:49.571971,-35.3632626,149.1652375,0.008,0.0,0.0,0.0,0.00534685468301177,0.00534870894625783,242,8.532008359907195e-05,6.967974331928417e-05,-2.0539093017578125,12.6,0.0,50,LAND,False,STANDBY,10,6
2026-05-28T14:44:50.072167,-35.3632626,149.1652375,0.008,0.0,0.0,0.0,0.005932058673352003,0.005933383479714394,242,6.270976882660761e-05,4.4244843593332916e-05,-2.0540854930877686,12.6,0.0,50,LAND,False,STANDBY,10,6
2026-05-28T14:44:50.572783,-35.3632626,149.1652375,0.008,0.0,0.0,0.0,0.006556778214871883,0.0065576257184147835,242,3.906807251041755e-05,1.950564546859823e-05,-2.054264783859253,12.6,0.0,50,LAND,False,STANDBY,10,6
2026-05-28T14:44:51.073018,-35.3632626,149.1652375,0.008,0.0,0.0,0.0,0.007194214034825563,0.007195955142378807,242,1.7715117792249657e-05,-9.169389159069397e-06,-2.054445743560791,12.6,0.0,50,LAND,False,STANDBY,10,6
2026-05-28T14:44:51.573170,-35.3632626,149.1652375,0.008,0.0,0.0,0.0,0.00768275186419487,0.007684418000280857,242,4.378733137855306e-06,-2.9082992114126682e-05,-2.0546178817749023,12.6,0.0,50,LAND,False,STANDBY,10,6
2026-05-28T14:44:52.073841,-35.3632626,149.1652375,0.008,0.0,0.0,0.0,0.008109701797366142,0.008109815418720245,242,-1.2156144293840043e-05,-5.2648381824838e-05,-2.0548017024993896,12.6,0.0,50,LAND,False,STANDBY,10,6
2026-05-28T14:44:52.574272,-35.3632626,149.1652375,0.008,0.0,0.0,0.0,0.00855496246367693,0.008554988540709019,242,-3.5532309993868694e-05,-7.61508199502714e-05,-2.054992914199829,12.6,0.0,50,LAND,False,STANDBY,10,6
2026-05-28T14:44:53.075145,-35.3632626,149.1652375,0.008,0.0,0.0,0.0,0.008981755934655666,0.00898176059126854,242,-6.0372949519660324e-05,-9.938393486663699e-05,-2.0551869869232178,12.6,0.0,50,LAND,False,STANDBY,10,6
2026-05-28T14:44:53.575814,-35.3632626,149.1652375,0.008,0.0,0.0,0.0,0.009482878260314465,0.00948292575776577,242,-8.920705295167863e-05,-0.00013053709699306637,-2.0554018020629883,12.6,0.0,50,LAND,False,STANDBY,10,6
2026-05-28T14:44:54.076185,-35.3632626,149.1652375,0.008,0.0,0.0,0.0,0.009963786229491234,0.00996385421603918,242,-0.00010864135401789099,-0.00015192021965049207,-2.055593967437744,12.6,0.0,50,LAND,False,STANDBY,10,6
2026-05-28T14:44:54.576994,-35.3632626,149.1652375,0.008,0.0,0.0,0.0,0.010302499867975712,0.010302821174263954,242,-0.0001311660889768973,-0.00016532624431420118,-2.0558037757873535,12.6,0.0,50,LAND,False,STANDBY,10,6
2026-05-28T14:44:55.077701,-35.3632626,149.1652375,0.008,-0.01,0.0,0.0,0.010885135270655155,0.010885142721235752,242,-0.00015912546950858086,-0.0001880431082099676,-2.0560142993927,12.6,0.0,50,LAND,False,STANDBY,10,6
2026-05-28T14:44:55.578230,-35.3632626,149.1652375,0.008,-0.01,0.0,0.0,0.01130590122193098,0.011305920779705048,242,-0.00017443230899516493,-0.00020429778669495136,-2.056230068206787,12.6,0.0,50,LAND,False,STANDBY,10,6
2026-05-28T14:44:56.078414,-35.3632626,149.1652375,0.008,-0.01,0.0,0.0,0.011804933659732342,0.011805078946053982,242,-0.00019327009795233607,-0.00021348506561480463,-2.0564372539520264,12.6,0.0,50,LAND,False,STANDBY,10,6
2026-05-28T14:44:56.579234,-35.3632626,149.1652375,0.008,-0.01,0.0,0.0,0.012079448439180851,0.012079457752406597,242,-0.00020635739201679826,-0.0002176086272811517,-2.056645154953003,12.6,0.0,50,LAND,False,STANDBY,10,6
2026-05-28T14:44:57.079853,-35.3632626,149.1652375,0.008,-0.01,0.0,0.0,0.012427035719156265,0.012427196837961674,242,-0.00023018274805508554,-0.00023468075960408896,-2.0568649768829346,12.6,0.0,50,LAND,False,STANDBY,10,6
2026-05-28T14:44:57.580567,-35.3632626,149.1652375,0.008,-0.01,0.0,0.0,0.012757346034049988,0.012757483869791031,242,-0.000249535427428782,-0.0002583607565611601,-2.0570850372314453,12.6,0.0,50,LAND,False,STANDBY,10,6
2026-05-28T14:44:58.081190,-35.3632626,149.1652375,0.008,-0.01,0.0,0.0,0.013076087459921837,0.013076107949018478,242,-0.00027055598911829293,-0.00027850514743477106,-2.0573010444641113,12.6,0.0,50,LAND,False,STANDBY,10,6
2026-05-28T14:44:58.581899,-35.3632626,149.1652375,0.008,-0.01,0.0,0.0,0.013430831953883171,0.013430875726044178,242,-0.00028848249348811805,-0.000291764474241063,-2.057528495788574,12.6,0.0,50,LAND,False,STANDBY,10,6
2026-05-28T14:44:59.082639,-35.3632626,149.1652375,0.008,-0.01,0.0,0.0,0.013922491110861301,0.013923132792115211,242,-0.0003053826803807169,-0.00031408152426593006,-2.057765007019043,12.6,0.0,50,LAND,False,STANDBY,10,6
2026-05-28T14:44:59.583169,-35.3632626,149.1652375,0.008,-0.01,0.0,0.0,0.014222285710275173,0.01422235369682312,242,-0.00030685847741551697,-0.00032659154385328293,-2.057976484298706,12.6,0.0,50,LAND,False,STANDBY,10,6
2026-05-28T14:45:00.083909,-35.3632626,149.1652375,0.008,-0.01,0.0,0.0,0.014565268531441689,0.014565268531441689,242,-0.0003112998965661973,-0.0003460516163613647,-2.0582079887390137,12.6,0.0,50,LAND,False,STANDBY,10,6
2026-05-28T14:45:00.584514,-35.3632626,149.1652375,0.008,-0.01,0.0,0.0,0.014819294214248657,0.014819297939538956,242,-0.00031448761001229286,-0.0003617558104451746,-2.058429479598999,12.6,0.0,50,LAND,False,STANDBY,10,6
2026-05-28T14:45:01.085002,-35.3632626,149.1652375,0.008,-0.01,0.0,0.0,0.014907601289451122,0.01490763109177351,242,-0.00033596769208088517,-0.0003736757207661867,-2.0586671829223633,12.6,0.0,50,LAND,False,STANDBY,10,6
2026-05-28T14:45:01.585719,-35.3632626,149.1652375,0.008,-0.01,0.0,0.0,0.014907601289451122,0.01490763109177351,242,-0.00033596769208088517,-0.0003736757207661867,-2.0586671829223633,12.6,0.0,50,LAND,False,STANDBY,10,6
