timestamp,lat,lon,alt,velocity_x,velocity_y,velocity_z,ground_speed,air_speed,heading,roll,pitch,yaw,battery_voltage,battery_current,battery_level,mode,armed,system_status,satellites_visible,fix_type
2025-08-11T17:19:51.862555,-35.363262,149.1652812,9.547,-0.01,0.01,-0.56,0.020949555560946465,0.5633894205093384,359,0.002710511442273855,0.0030636857263743877,-0.01620938815176487,12.6,0.0,100,GUIDED,True,ACTIVE,10,6
2025-08-11T17:19:52.365754,-35.363262,149.1652812,9.664,-0.01,0.01,-0.41,0.019332610070705414,0.4108840525150299,359,0.0024747245479375124,0.0031906769145280123,-0.016140425577759743,12.6,0.0,100,GUIDED,True,ACTIVE,10,6
2025-08-11T17:19:52.866674,-35.363262,149.1652812,9.741,-0.01,0.01,-0.23,0.01813853345811367,0.2377920299768448,359,0.00272040581330657,0.0032111420296132565,-0.016152160242199898,12.6,0.0,100,GUIDED,True,ACTIVE,10,6
2025-08-11T17:19:53.367520,-35.363262,149.1652812,9.741,-0.01,0.01,-0.23,0.01813853345811367,0.2377920299768448,359,0.00272040581330657,0.0032111420296132565,-0.016152160242199898,12.6,0.0,100,GUIDED,True,ACTIVE,10,6
2025-08-11T17:19:53.868646,-35.363262,149.1652812,9.774,-0.01,0.01,-0.08,0.01716442033648491,0.08204026520252228,359,0.002728798659518361,0.0031986709218472242,-0.016128527000546455,12.6,0.0,100,GUIDED,True,ACTIVE,10,6
2025-08-11T17:19:54.369570,-35.363262,149.1652812,9.776,-0.01,0.01,0.01,0.01685277186334133,0.020753977820277214,359,0.0024749471340328455,0.003311129752546549,-0.016166899353265762,12.6,0.0,100,GUIDED,True,ACTIVE,10,6
2025-08-11T17:19:54.870527,-35.363262,149.1652813,9.764,-0.01,0.01,0.04,0.01641540229320526,0.04701874032616615,359,0.0024690383579581976,0.003250573528930545,-0.01611299440264702,12.6,0.0,100,GUIDED,True,ACTIVE,10,6
2025-08-11T17:19:55.371022,-35.363262,149.1652813,9.764,-0.01,0.01,0.04,0.01641540229320526,0.04701874032616615,359,0.0024690383579581976,0.003250573528930545,-0.01611299440264702,12.6,0.0,100,GUIDED,True,ACTIVE,10,6
2025-08-11T17:19:55.871789,-35.363262,149.1652813,9.75,-0.01,0.0,0.04,0.015940150246024132,0.04410649836063385,359,0.0026023979298770428,0.0032326839864253998,-0.01612592302262783,12.6,0.0,100,GUIDED,True,ACTIVE,10,6
2025-08-11T17:19:56.378129,-35.363262,149.1652813,9.423,0.0,0.0,2.43,0.00990570243448019,2.439225912094116,358,0.0010098700877279043,0.003208087757229805,-0.0178404301404953,12.6,0.0,100,GUIDED,True,ACTIVE,10,6
2025-08-11T17:19:56.879827,-35.363262,149.1652813,8.486,0.0,0.0,4.89,0.00206808396615088,4.895637512207031,358,0.00484755914658308,0.00448225112631917,-0.019299358129501343,12.6,0.0,100,GUIDED,True,ACTIVE,10,6
2025-08-11T17:19:57.381044,-35.363262,149.1652813,8.486,0.0,0.0,4.89,0.00206808396615088,4.895637512207031,358,0.00484755914658308,0.00448225112631917,-0.019299358129501343,12.6,0.0,100,GUIDED,True,ACTIVE,10,6
2025-08-11T17:19:57.882955,-35.363262,149.1652813,6.935,0.0,0.0,7.35,0.011926970444619656,7.355893135070801,358,0.00435651233419776,0.00504316296428442,-0.019521521404385567,12.6,0.0,100,GUIDED,False,STANDBY,10,6
2025-08-11T17:19:58.383960,-35.363262,149.1652813,4.771,0.01,-0.01,9.8,0.019505543634295464,9.803674697875977,358,0.004197510425001383,0.005612189415842295,-0.018061313778162003,12.6,0.0,100,GUIDED,False,STANDBY,10,6
2025-08-11T17:19:58.884994,-35.363262,149.1652813,4.771,0.01,-0.01,9.8,0.019505543634295464,9.803674697875977,358,0.004197510425001383,0.005612189415842295,-0.018061313778162003,12.6,0.0,100,GUIDED,False,STANDBY,10,6
2025-08-11T17:19:59.385995,-35.3632619,149.1652813,1.988,0.02,-0.02,12.24,0.03140200302004814,12.2490873336792,359,0.004323705565184355,0.0059772757813334465,-0.013448607176542282,12.6,0.0,100,GUIDED,False,STANDBY,10,6
2025-08-11T17:19:59.887775,-35.3632619,149.1652813,-0.074,-0.03,0.04,0.01,0.060226067900657654,0.06244592368602753,359,0.004586039576679468,0.004268871620297432,-0.0135574322193861,12.6,0.0,100,GUIDED,False,STANDBY,10,6
2025-08-11T17:20:00.388604,-35.3632619,149.1652813,-0.074,-0.03,0.04,0.01,0.060226067900657654,0.06244592368602753,359,0.004586039576679468,0.004268871620297432,-0.0135574322193861,12.6,0.0,100,GUIDED,False,STANDBY,10,6
2025-08-11T17:20:00.889951,-35.363262,149.1652813,-0.097,-0.04,0.04,0.01,0.06561468541622162,0.06826260685920715,359,0.004520870745182037,0.004276991356164217,-0.013761837966740131,12.6,0.0,100,GUIDED,False,STANDBY,10,6
2025-08-11T17:20:01.391721,-35.363262,149.1652814,-0.102,-0.04,0.04,0.01,0.0608091875910759,0.06345993280410767,359,0.004115998279303312,0.003924289718270302,-0.013729789294302464,12.6,0.0,100,GUIDED,False,STANDBY,10,6
2025-08-11T17:20:01.892486,-35.363262,149.1652814,-0.099,-0.03,0.03,0.01,0.05332362651824951,0.055842217057943344,359,0.0038481312803924084,0.003692054422572255,-0.013646195642650127,12.6,0.0,100,GUIDED,False,STANDBY,10,6
2025-08-11T17:20:02.393558,-35.363262,149.1652814,-0.099,-0.03,0.03,0.01,0.05332362651824951,0.055842217057943344,359,0.0038481312803924084,0.003692054422572255,-0.013646195642650127,12.6,0.0,100,GUIDED,False,STANDBY,10,6
2025-08-11T17:20:02.894950,-35.363262,149.1652814,-0.093,-0.03,0.03,0.01,0.04590030759572983,0.0481988862156868,359,0.0036925412714481354,0.003563379403203726,-0.013532138429582119,12.6,0.0,100,GUIDED,False,STANDBY,10,6
2025-08-11T17:20:03.395558,-35.363262,149.1652814,-0.086,-0.02,0.02,0.01,0.03904833644628525,0.041101690381765366,359,0.0035605011507868767,0.003443431109189987,-0.013400937430560589,12.6,0.0,100,GUIDED,False,STANDBY,10,6
2025-08-11T17:20:03.896181,-35.363262,149.1652814,-0.079,-0.02,0.02,0.01,0.033852722495794296,0.035627253353595734,359,0.003472426673397422,0.0033676382154226303,-0.013256137259304523,12.6,0.0,100,GUIDED,False,STANDBY,10,6
2025-08-11T17:20:04.396987,-35.363262,149.1652814,-0.073,-0.02,0.02,0.0,0.02995665743947029,0.03144640102982521,359,0.003417501924559474,0.0033202203921973705,-0.013110878877341747,12.6,0.0,100,GUIDED,False,STANDBY,10,6
2025-08-11T17:20:04.897924,-35.363262,149.1652814,-0.073,-0.02,0.02,0.0,0.02995665743947029,0.03144640102982521,359,0.003417501924559474,0.0033202203921973705,-0.013110878877341747,12.6,0.0,100,GUIDED,False,STANDBY,10,6
2025-08-11T17:20:05.398817,-35.363262,149.1652814,-0.067,-0.01,0.01,0.0,0.02699357643723488,0.028180032968521118,359,0.003386558499187231,0.003308855229988694,-0.012963876128196716,12.6,0.0,100,GUIDED,False,STANDBY,10,6
2025-08-11T17:20:05.899699,-35.363262,149.1652814,-0.061,-0.01,0.01,0.0,0.024396682158112526,0.025297114625573158,359,0.003365283366292715,0.0032857945188879967,-0.012820866890251637,12.6,0.0,100,GUIDED,False,STANDBY,10,6
2025-08-11T17:20:06.400765,-35.363262,149.1652814,-0.056,-0.01,0.01,0.0,0.022713009268045425,0.023357216268777847,359,0.003363794879987836,0.0032870604190975428,-0.012675203382968903,12.6,0.0,100,GUIDED,False,STANDBY,10,6
2025-08-11T17:20:06.901329,-35.363262,149.1652814,-0.051,-0.01,0.01,0.0,0.021703923121094704,0.022130584344267845,359,0.0033751775044947863,0.003294090973213315,-0.01253889687359333,12.6,0.0,100,GUIDED,False,STANDBY,10,6
2025-08-11T17:20:07.402918,-35.363262,149.1652814,-0.047,-0.01,0.01,0.0,0.021112915128469467,0.021371370181441307,359,0.0034016959834843874,0.003315592184662819,-0.012402546592056751,12.6,0.0,100,GUIDED,False,STANDBY,10,6
2025-08-11T17:20:07.903747,-35.363262,149.1652814,-0.042,-0.01,0.01,0.0,0.020488278940320015,0.020637761801481247,359,0.0034138052724301815,0.0033281089272350073,-0.012277128174901009,12.6,0.0,100,GUIDED,False,STANDBY,10,6
2025-08-11T17:20:08.405582,-35.363262,149.1652814,-0.042,-0.01,0.01,0.0,0.020488278940320015,0.020637761801481247,359,0.0034138052724301815,0.0033281089272350073,-0.012277128174901009,12.6,0.0,100,GUIDED,False,STANDBY,10,6
2025-08-11T17:20:08.906631,-35.363262,149.1652814,-0.038,-0.01,0.01,0.0,0.020308686420321465,0.020375879481434822,359,0.003433045232668519,0.003350019222125411,-0.012145554646849632,12.6,0.0,100,GUIDED,False,STANDBY,10,6
2025-08-11T17:20:09.407682,-35.363262,149.1652814,-0.035,-0.01,0.01,0.0,0.02054992876946926,0.02057466097176075,359,0.0034619553480297327,0.0033703185617923737,-0.012021809816360474,12.6,0.0,100,GUIDED,False,STANDBY,10,6
2025-08-11T17:20:09.908336,-35.363262,149.1652814,-0.035,-0.01,0.01,0.0,0.02054992876946926,0.02057466097176075,359,0.0034619553480297327,0.0033703185617923737,-0.012021809816360474,12.6,0.0,100,GUIDED,False,STANDBY,10,6
2025-08-11T17:20:10.408952,-35.363262,149.1652814,-0.031,-0.01,0.01,0.0,0.02090367116034031,0.020906707271933556,359,0.0034979991614818573,0.003399910405278206,-0.011900519952178001,12.6,0.0,100,GUIDED,False,STANDBY,10,6
2025-08-11T17:20:10.909945,-35.363262,149.1652814,-0.028,-0.01,0.01,0.0,0.021136369556188583,0.021137438714504242,359,0.0035244240425527096,0.003421958303079009,-0.011781048960983753,12.6,0.0,100,GUIDED,False,STANDBY,10,6
2025-08-11T17:20:11.410996,-35.363262,149.1652814,-0.025,-0.01,0.01,0.0,0.02167505770921707,0.021686311811208725,359,0.0035500256344676018,0.0034502814523875713,-0.01165948435664177,12.6,0.0,100,GUIDED,False,STANDBY,10,6
2025-08-11T17:20:11.911944,-35.363262,149.1652814,-0.022,-0.01,0.01,0.0,0.022456057369709015,0.022488543763756752,359,0.0035752232652157545,0.0034787028562277555,-0.011554408818483353,12.6,0.0,100,GUIDED,False,STANDBY,10,6
2025-08-11T17:20:12.412805,-35.363262,149.1652814,-0.022,-0.01,0.01,0.0,0.022456057369709015,0.022488543763756752,359,0.0035752232652157545,0.0034787028562277555,-0.011554408818483353,12.6,0.0,100,GUIDED,False,STANDBY,10,6
2025-08-11T17:20:12.913982,-35.363262,149.1652814,-0.019,-0.01,0.01,0.0,0.023295613005757332,0.02335033006966114,359,0.003608667990192771,0.003512472379952669,-0.011436195112764835,12.6,0.0,100,GUIDED,False,STANDBY,10,6
2025-08-11T17:20:13.414904,-35.363262,149.1652814,-0.017,-0.01,0.01,0.0,0.023806428536772728,0.023880893364548683,359,0.0036273382138460875,0.0035329631064087152,-0.011319903656840324,12.6,0.0,100,GUIDED,False,STANDBY,10,6
2025-08-11T17:20:13.916081,-35.363262,149.1652814,-0.015,-0.01,0.01,0.0,0.024467436596751213,0.024565210565924644,359,0.0036493001971393824,0.0035587213933467865,-0.011209211312234402,12.6,0.0,100,GUIDED,False,STANDBY,10,6
2025-08-11T17:20:14.416966,-35.363262,149.1652814,-0.012,-0.01,0.01,0.0,0.025308281183242798,0.025427747517824173,359,0.0036686589010059834,0.0035846978425979614,-0.01109743770211935,12.6,0.0,100,GUIDED,False,STANDBY,10,6
2025-08-11T17:20:14.917934,-35.363262,149.1652814,-0.012,-0.01,0.01,0.0,0.025308281183242798,0.025427747517824173,359,0.0036686589010059834,0.0035846978425979614,-0.01109743770211935,12.6,0.0,100,GUIDED,False,STANDBY,10,6
2025-08-11T17:20:15.418788,-35.363262,149.1652814,-0.01,-0.01,0.01,0.0,0.026092849671840668,0.026226945221424103,359,0.003701271954923868,0.0036187542136758566,-0.010975154116749763,12.6,0.0,100,GUIDED,False,STANDBY,10,6
2025-08-11T17:20:15.919793,-35.363262,149.1652814,-0.009,-0.01,0.01,0.0,0.02661585621535778,0.026766575872898102,359,0.003715000580996275,0.003634627675637603,-0.010864361189305782,12.6,0.0,100,GUIDED,False,STANDBY,10,6
2025-08-11T17:20:16.420225,-35.363262,149.1652814,-0.007,-0.01,0.01,0.0,0.027292678132653236,0.027449151501059532,359,0.003736630780622363,0.00365073187276721,-0.010753004811704159,12.6,0.0,100,GUIDED,False,STANDBY,10,6
2025-08-11T17:20:16.920950,-35.363262,149.1652814,-0.005,-0.02,0.01,0.0,0.027969898656010628,0.028137052431702614,359,0.00375461601652205,0.0036639433819800615,-0.010643791407346725,12.6,0.0,100,GUIDED,False,STANDBY,10,6
2025-08-11T17:20:17.421975,-35.363262,149.1652814,-0.004,-0.02,0.01,0.0,0.02878040447831154,0.028955204412341118,359,0.003768709721043706,0.003681220579892397,-0.010521500371396542,12.6,0.0,100,GUIDED,False,STANDBY,10,6
2025-08-11T17:20:17.923151,-35.363262,149.1652814,-0.002,-0.02,0.02,0.0,0.02907615527510643,0.029256664216518402,359,0.0037762545980513096,0.0036803772673010826,-0.0104150902479887,12.6,0.0,100,GUIDED,False,STANDBY,10,6
2025-08-11T17:20:18.425475,-35.363262,149.1652814,-0.002,-0.02,0.02,0.0,0.02907615527510643,0.029256664216518402,359,0.0037762545980513096,0.0036803772673010826,-0.0104150902479887,12.6,0.0,100,GUIDED,False,STANDBY,10,6
2025-08-11T17:20:18.926458,-35.363262,149.1652814,-0.001,-0.02,0.02,0.0,0.02949502505362034,0.029686832800507545,359,0.0037831596564501524,0.0036873978096991777,-0.010293621569871902,12.6,0.0,100,GUIDED,False,STANDBY,10,6
2025-08-11T17:20:19.426955,-35.363262,149.1652814,0.0,-0.02,0.02,0.0,0.029994478449225426,0.0301799438893795,359,0.0037964493967592716,0.0036963990423828363,-0.010177988559007645,12.6,0.0,100,GUIDED,False,STANDBY,10,6
2025-08-11T17:20:19.927703,-35.363262,149.1652814,0.0,-0.02,0.02,0.0,0.030376877635717392,0.030562877655029297,359,0.003812712850049138,0.0037059395108371973,-0.010056719183921814,12.6,0.0,100,GUIDED,False,STANDBY,10,6
2025-08-11T17:20:20.430525,-35.363262,149.1652814,0.0,-0.02,0.02,0.0,0.030376877635717392,0.030562877655029297,359,0.003812712850049138,0.0037059395108371973,-0.010056719183921814,12.6,0.0,100,GUIDED,False,STANDBY,10,6
2025-08-11T17:20:20.933486,-35.363262,149.1652814,0.001,-0.02,0.02,0.0,0.03049788437783718,0.030685560777783394,359,0.0038082818500697613,0.0036990430671721697,-0.009939927607774734,12.6,0.0,100,GUIDED,False,STANDBY,10,6
2025-08-11T17:20:21.434333,-35.363262,149.1652814,0.002,-0.02,0.02,0.0,0.03077310137450695,0.030965670943260193,359,0.0038147468585520983,0.003701187204569578,-0.009818319231271744,12.6,0.0,100,GUIDED,False,STANDBY,10,6
2025-08-11T17:20:21.935448,-35.363262,149.1652814,0.003,-0.02,0.02,0.0,0.03105575405061245,0.03125026077032089,359,0.0038220505230128765,0.0037065816577523947,-0.009703990072011948,12.6,0.0,100,GUIDED,False,STANDBY,10,6
2025-08-11T17:20:22.436074,-35.363262,149.1652814,0.004,-0.02,0.02,0.0,0.031346049159765244,0.03153734281659126,359,0.003831974696367979,0.0037092226557433605,-0.009574846364557743,12.6,0.0,100,GUIDED,False,STANDBY,10,6
2025-08-11T17:20:22.937038,-35.363262,149.1652814,0.005,-0.02,0.02,0.0,0.031321704387664795,0.03150137513875961,359,0.00382931437343359,0.0036993848625570536,-0.009463817812502384,12.6,0.0,100,GUIDED,False,STANDBY,10,6
2025-08-11T17:20:23.438745,-35.363262,149.1652814,0.005,-0.02,0.02,0.0,0.031321704387664795,0.03150137513875961,359,0.00382931437343359,0.0036993848625570536,-0.009463817812502384,12.6,0.0,100,GUIDED,False,STANDBY,10,6
2025-08-11T17:20:23.939046,-35.363262,149.1652814,0.005,-0.02,0.02,0.0,0.03136651962995529,0.03154426068067551,359,0.0038193403743207455,0.0036902979481965303,-0.00933979731053114,12.6,0.0,100,GUIDED,False,STANDBY,10,6
2025-08-11T17:20:24.439930,-35.363262,149.1652814,0.006,-0.02,0.02,0.0,0.03155942261219025,0.03173784166574478,359,0.003823338309302926,0.0036982845049351454,-0.009219423867762089,12.6,0.0,100,GUIDED,False,STANDBY,10,6
2025-08-11T17:20:24.941122,-35.363262,149.1652814,0.007,-0.02,0.02,0.0,0.031788621097803116,0.03195822983980179,359,0.003829139983281493,0.0036971447989344597,-0.009091521613299847,12.6,0.0,100,GUIDED,False,STANDBY,10,6
2025-08-11T17:20:25.442482,-35.363262,149.1652814,0.007,-0.02,0.02,0.0,0.03148869797587395,0.03165394812822342,359,0.0038253478705883026,0.0036790859885513783,-0.008967882953584194,12.6,0.0,100,GUIDED,False,STANDBY,10,6
2025-08-11T17:20:25.942982,-35.363262,149.1652814,0.008,-0.02,0.02,0.0,0.031432345509529114,0.031585514545440674,359,0.003820594632998109,0.0036702046636492014,-0.008835399523377419,12.6,0.0,100,GUIDED,False,STANDBY,10,6
2025-08-11T17:20:26.445308,-35.363262,149.1652814,0.008,-0.02,0.02,0.0,0.031432345509529114,0.031585514545440674,359,0.003820594632998109,0.0036702046636492014,-0.008835399523377419,12.6,0.0,100,GUIDED,False,STANDBY,10,6
2025-08-11T17:20:26.946037,-35.363262,149.1652814,0.008,-0.02,0.02,0.0,0.03167905658483505,0.03183036297559738,359,0.003818238154053688,0.0036673150025308132,-0.00871308147907257,12.6,0.0,100,GUIDED,False,STANDBY,10,6
2025-08-11T17:20:27.446539,-35.363262,149.1652814,0.008,-0.02,0.02,0.0,0.031682223081588745,0.03182986378669739,359,0.003818521508947015,0.003664537100121379,-0.008575163781642914,12.6,0.0,100,GUIDED,False,STANDBY,10,6
2025-08-11T17:20:27.948275,-35.363262,149.1652814,0.009,-0.02,0.02,0.0,0.031325094401836395,0.03146256506443024,359,0.003804423613473773,0.0036529265344142914,-0.008448995649814606,12.6,0.0,100,GUIDED,False,STANDBY,10,6
2025-08-11T17:20:28.449074,-35.363262,149.1652814,0.009,-0.02,0.02,0.0,0.031101960688829422,0.031230881810188293,359,0.0038014808669686317,0.003638079622760415,-0.008315227925777435,12.6,0.0,100,GUIDED,False,STANDBY,10,6
2025-08-11T17:20:28.949976,-35.363262,149.1652814,0.009,-0.02,0.02,0.0,0.03107946366071701,0.031205037608742714,359,0.003795584198087454,0.0036348483990877867,-0.00818280316889286,12.6,0.0,100,GUIDED,False,STANDBY,10,6
2025-08-11T17:20:29.451735,-35.363262,149.1652814,0.009,-0.02,0.02,0.0,0.03107946366071701,0.031205037608742714,359,0.003795584198087454,0.0036348483990877867,-0.00818280316889286,12.6,0.0,100,GUIDED,False,STANDBY,10,6
2025-08-11T17:20:29.952518,-35.363262,149.1652814,0.01,-0.02,0.02,0.0,0.031115971505641937,0.031226040795445442,359,0.003795091062784195,0.003629909362643957,-0.008045240305364132,12.6,0.0,100,GUIDED,False,STANDBY,10,6
2025-08-11T17:20:30.453187,-35.363262,149.1652814,0.01,-0.02,0.02,0.0,0.030691517516970634,0.030789855867624283,359,0.003782100509852171,0.0036175684072077274,-0.007911290973424911,12.6,0.0,100,GUIDED,False,STANDBY,10,6
2025-08-11T17:20:30.953939,-35.363262,149.1652814,0.01,-0.02,0.02,0.0,0.030458291992545128,0.030547747388482094,359,0.003773421049118042,0.003603217890486121,-0.007771661039441824,12.6,0.0,100,GUIDED,False,STANDBY,10,6
2025-08-11T17:20:31.454938,-35.363262,149.1652814,0.01,-0.02,0.02,0.0,0.03054259531199932,0.030625397339463234,359,0.003771265037357807,0.0036066838074475527,-0.007635118905454874,12.6,0.0,100,GUIDED,False,STANDBY,10,6
2025-08-11T17:20:31.955674,-35.363262,149.1652814,0.01,-0.02,0.02,0.0,0.030539466068148613,0.03061327338218689,359,0.003771716495975852,0.003603652585297823,-0.0074929529801011086,12.6,0.0,100,GUIDED,False,STANDBY,10,6
2025-08-11T17:20:32.455965,-35.363262,149.1652814,0.01,-0.02,0.02,0.0,0.030160147696733475,0.030220109969377518,359,0.0037556805182248354,0.003593513974919915,-0.0073581174947321415,12.6,0.0,100,GUIDED,False,STANDBY,10,6
2025-08-11T17:20:32.956854,-35.363262,149.1652814,0.01,-0.02,0.02,0.0,0.030160147696733475,0.030220109969377518,359,0.0037556805182248354,0.003593513974919915,-0.0073581174947321415,12.6,0.0,100,GUIDED,False,STANDBY,10,6
2025-08-11T17:20:33.457456,-35.363262,149.1652814,0.01,-0.02,0.02,0.0,0.029984217137098312,0.030039800330996513,359,0.0037453668192029,0.0035861108917742968,-0.007215764839202166,12.6,0.0,100,GUIDED,False,STANDBY,10,6
2025-08-11T17:20:33.958672,-35.363262,149.1652814,0.01,-0.02,0.02,0.0,0.02993742562830448,0.029986625537276268,359,0.0037448396906256676,0.00358182261697948,-0.007078802213072777,12.6,0.0,100,GUIDED,False,STANDBY,10,6
2025-08-11T17:20:34.459646,-35.363262,149.1652814,0.01,-0.02,0.02,0.0,0.02992969937622547,0.029974769800901413,359,0.00374332326464355,0.0035849919077008963,-0.006930574309080839,12.6,0.0,100,GUIDED,False,STANDBY,10,6
2025-08-11T17:20:34.960833,-35.363262,149.1652814,0.011,-0.02,0.02,0.0,0.029712898656725883,0.029754817485809326,359,0.003739346284419298,0.0035751054529100657,-0.006795535329729319,12.6,0.0,100,GUIDED,False,STANDBY,10,6
2025-08-11T17:20:35.461763,-35.363262,149.1652814,0.011,-0.02,0.02,0.0,0.029712898656725883,0.029754817485809326,359,0.003739346284419298,0.0035751054529100657,-0.006795535329729319,12.6,0.0,100,GUIDED,False,STANDBY,10,6
2025-08-11T17:20:35.962777,-35.363262,149.1652814,0.011,-0.02,0.02,0.0,0.029584158211946487,0.029626009985804558,359,0.0037279382813721895,0.0035653323866426945,-0.006644782610237598,12.6,0.0,100,GUIDED,False,STANDBY,10,6
2025-08-11T17:20:36.463516,-35.363262,149.1652814,0.011,-0.02,0.02,0.0,0.029570097103714943,0.029607456177473068,359,0.0037204124964773655,0.0035614813677966595,-0.006502395495772362,12.6,0.0,100,GUIDED,False,STANDBY,10,6
2025-08-11T17:20:36.964056,-35.363262,149.1652814,0.011,-0.02,0.02,0.0,0.029682163149118423,0.029717324301600456,359,0.003717579646036029,0.0035606054589152336,-0.006354366894811392,12.6,0.0,100,GUIDED,False,STANDBY,10,6
2025-08-11T17:20:37.464967,-35.363262,149.1652814,0.011,-0.02,0.02,0.0,0.02922012470662594,0.02924955263733864,359,0.0037036417052149773,0.003549940651282668,-0.0062057445757091045,12.6,0.0,100,GUIDED,False,STANDBY,10,6
2025-08-11T17:20:37.965750,-35.363262,149.1652814,0.011,-0.02,0.02,0.0,0.02922012470662594,0.02924955263733864,359,0.0037036417052149773,0.003549940651282668,-0.0062057445757091045,12.6,0.0,100,GUIDED,False,STANDBY,10,6
2025-08-11T17:20:38.467624,-35.363262,149.1652814,0.011,-0.02,0.02,0.0,0.02894589491188526,0.028971055522561073,359,0.003696296364068985,0.0035462714731693268,-0.006053597666323185,12.6,0.0,100,GUIDED,False,STANDBY,10,6
2025-08-11T17:20:38.968416,-35.363262,149.1652814,0.01,-0.02,0.02,0.0,0.028932124376296997,0.02895268052816391,359,0.0036866406444460154,0.003540710313245654,-0.005913178902119398,12.6,0.0,100,GUIDED,False,STANDBY,10,6
2025-08-11T17:20:39.469104,-35.363262,149.1652814,0.01,-0.02,0.02,0.0,0.028980674222111702,0.028996815904974937,359,0.003689056495204568,0.003542892402037978,-0.005765439476817846,12.6,0.0,100,GUIDED,False,STANDBY,10,6
2025-08-11T17:20:39.969948,-35.363262,149.1652814,0.01,-0.02,0.02,0.0,0.028980674222111702,0.028996815904974937,359,0.003689056495204568,0.003542892402037978,-0.005765439476817846,12.6,0.0,100,GUIDED,False,STANDBY,10,6
2025-08-11T17:20:40.471076,-35.363262,149.1652814,0.01,-0.02,0.02,0.0,0.028533462435007095,0.028546880930662155,359,0.0036728358827531338,0.003533945418894291,-0.005626052618026733,12.6,0.0,100,GUIDED,False,STANDBY,10,6
2025-08-11T17:20:40.971962,-35.363262,149.1652814,0.01,-0.01,0.01,0.0,0.028205182403326035,0.02821667492389679,359,0.003663106122985482,0.0035223630256950855,-0.0054749720729887486,12.6,0.0,100,GUIDED,False,STANDBY,10,6
2025-08-11T17:20:41.473132,-35.363262,149.1652814,0.01,-0.01,0.01,0.0,0.02812005765736103,0.028127826750278473,359,0.0036585903726518154,0.0035210303030908108,-0.00532568758353591,12.6,0.0,100,GUIDED,False,STANDBY,10,6
2025-08-11T17:20:41.974055,-35.363262,149.1652814,0.01,-0.02,0.02,0.0,0.02836289443075657,0.028369080275297165,359,0.0036626632791012526,0.003522197948768735,-0.005171699449419975,12.6,0.0,100,GUIDED,False,STANDBY,10,6
2025-08-11T17:20:42.475036,-35.363262,149.1652814,0.01,-0.02,0.02,0.0,0.02836289443075657,0.028369080275297165,359,0.0036626632791012526,0.003522197948768735,-0.005171699449419975,12.6,0.0,100,GUIDED,False,STANDBY,10,6
2025-08-11T17:20:42.975956,-35.363262,149.1652814,0.01,-0.01,0.01,0.0,0.027976686134934425,0.027980662882328033,359,0.003652585204690695,0.0035129536408931017,-0.005020604468882084,12.6,0.0,100,GUIDED,False,STANDBY,10,6
2025-08-11T17:20:43.477031,-35.363262,149.1652814,0.01,-0.01,0.01,0.0,0.027853498235344887,0.02785622701048851,359,0.003648717887699604,0.0035012539010494947,-0.0048740035854279995,12.6,0.0,100,GUIDED,False,STANDBY,10,6
2025-08-11T17:20:43.977878,-35.363262,149.1652814,0.01,-0.01,0.01,0.0,0.027791853994131088,0.027793891727924347,359,0.003646716708317399,0.0035004187375307083,-0.004723612684756517,12.6,0.0,100,GUIDED,False,STANDBY,10,6
2025-08-11T17:20:44.478775,-35.363262,149.1652814,0.01,-0.01,0.01,0.0,0.027961421757936478,0.02796267345547676,359,0.003649303689599037,0.0035016080364584923,-0.004569478332996368,12.6,0.0,100,GUIDED,False,STANDBY,10,6
2025-08-11T17:20:44.979504,-35.363262,149.1652814,0.01,-0.01,0.01,0.0,0.027961421757936478,0.02796267345547676,359,0.003649303689599037,0.0035016080364584923,-0.004569478332996368,12.6,0.0,100,GUIDED,False,STANDBY,10,6
2025-08-11T17:20:45.479972,-35.363262,149.1652814,0.009,-0.01,0.01,0.0,0.02762036770582199,0.027620835229754448,359,0.003646056167781353,0.0034923229832202196,-0.004416937008500099,12.6,0.0,100,GUIDED,False,STANDBY,10,6
2025-08-11T17:20:45.980650,-35.363262,149.1652814,0.009,-0.01,0.01,0.0,0.027431773021817207,0.027431869879364967,359,0.003640917595475912,0.003486785339191556,-0.00426446134224534,12.6,0.0,100,GUIDED,False,STANDBY,10,6
2025-08-11T17:20:46.481328,-35.363262,149.1652814,0.009,-0.01,0.01,0.0,0.027476485818624496,0.02747650071978569,359,0.003636008594185114,0.0034904947970062494,-0.0041209738701581955,12.6,0.0,100,GUIDED,False,STANDBY,10,6
2025-08-11T17:20:46.982046,-35.363262,149.1652814,0.009,-0.01,0.01,0.0,0.02767236903309822,0.027672559022903442,359,0.003641405375674367,0.003493057331070304,-0.0039721643552184105,12.6,0.0,100,GUIDED,False,STANDBY,10,6
2025-08-11T17:20:47.482957,-35.363262,149.1652814,0.009,-0.01,0.01,0.0,0.02767236903309822,0.027672559022903442,359,0.003641405375674367,0.003493057331070304,-0.0039721643552184105,12.6,0.0,100,GUIDED,False,STANDBY,10,6
2025-08-11T17:20:47.984475,-35.363262,149.1652814,0.009,-0.01,0.01,0.0,0.027314549311995506,0.02731536142528057,359,0.0036327452398836613,0.0034889003727585077,-0.003824094543233514,12.6,0.0,100,GUIDED,False,STANDBY,10,6
2025-08-11T17:20:48.485061,-35.363262,149.1652814,0.009,-0.01,0.01,0.0,0.0271023940294981,0.027103761211037636,359,0.00362468883395195,0.00347964558750391,-0.00367422285489738,12.6,0.0,100,GUIDED,False,STANDBY,10,6
2025-08-11T17:20:48.985981,-35.363262,149.1652814,0.009,-0.01,0.01,0.0,0.027196072041988373,0.02719772420823574,359,0.0036224951036274433,0.003479861421510577,-0.003530090907588601,12.6,0.0,100,GUIDED,False,STANDBY,10,6
2025-08-11T17:20:49.487058,-35.363262,149.1652814,0.009,-0.01,0.01,0.0,0.02736792340874672,0.027370329946279526,359,0.003623640164732933,0.00347837433218956,-0.0033757288474589586,12.6,0.0,100,GUIDED,False,STANDBY,10,6
2025-08-11T17:20:49.988938,-35.363262,149.1652814,0.008,-0.01,0.01,0.0,0.02701614238321781,0.02701852098107338,359,0.0036193393170833588,0.003468400565907359,-0.0032284900080412626,12.6,0.0,100,GUIDED,False,STANDBY,10,6
2025-08-11T17:20:50.490245,-35.363262,149.1652814,0.008,-0.01,0.01,0.0,0.02701614238321781,0.02701852098107338,359,0.0036193393170833588,0.003468400565907359,-0.0032284900080412626,12.6,0.0,100,GUIDED,False,STANDBY,10,6
2025-08-11T17:20:50.990964,-35.363262,149.1652814,0.008,-0.01,0.01,0.0,0.02695479430258274,0.026957595720887184,359,0.0036124982871115208,0.003461054991930723,-0.003069155151024461,12.6,0.0,100,GUIDED,False,STANDBY,10,6
2025-08-11T17:20:51.492063,-35.363262,149.1652814,0.008,-0.01,0.01,0.0,0.02695482410490513,0.02695847861468792,359,0.0036127190105617046,0.0034614927135407925,-0.0029151439666748047,12.6,0.0,100,GUIDED,False,STANDBY,10,6
2025-08-11T17:20:51.994086,-35.363262,149.1652814,0.008,-0.01,0.01,0.0,0.027152715250849724,0.027155399322509766,359,0.0036167048383504152,0.0034649616573005915,-0.002762362826615572,12.6,0.0,100,GUIDED,False,STANDBY,10,6
2025-08-11T17:20:52.496971,-35.363262,149.1652814,0.008,-0.01,0.01,0.0,0.027152715250849724,0.027155399322509766,359,0.0036167048383504152,0.0034649616573005915,-0.002762362826615572,12.6,0.0,100,GUIDED,False,STANDBY,10,6
2025-08-11T17:20:52.997948,-35.363262,149.1652814,0.008,-0.01,0.01,0.0,0.026816150173544884,0.026818163692951202,359,0.003608366008847952,0.0034580715000629425,-0.002609797054901719,12.6,0.0,100,GUIDED,False,STANDBY,10,6
2025-08-11T17:20:53.498819,-35.363262,149.1652814,0.008,-0.01,0.01,0.0,0.026662517338991165,0.02666453830897808,359,0.00359957292675972,0.00345715438015759,-0.00245314440689981,12.6,0.0,100,GUIDED,False,STANDBY,10,6
2025-08-11T17:20:53.999596,-35.363262,149.1652814,0.008,-0.01,0.01,0.0,0.026704607531428337,0.026706775650382042,359,0.0036013401113450527,0.003454543650150299,-0.0022992873564362526,12.6,0.0,100,GUIDED,False,STANDBY,10,6
2025-08-11T17:20:54.500860,-35.363262,149.1652814,0.008,-0.01,0.01,0.0,0.026862792670726776,0.02686566486954689,359,0.0036078128032386303,0.003455485450103879,-0.002140890574082732,12.6,0.0,100,GUIDED,False,STANDBY,10,6
2025-08-11T17:20:55.002945,-35.363262,149.1652814,0.008,-0.01,0.01,0.0,0.026862792670726776,0.02686566486954689,359,0.0036078128032386303,0.003455485450103879,-0.002140890574082732,12.6,0.0,100,GUIDED,False,STANDBY,10,6
2025-08-11T17:20:55.503821,-35.363262,149.1652814,0.008,-0.01,0.01,0.0,0.02653665654361248,0.02653958834707737,359,0.003600519150495529,0.0034460588358342648,-0.0019928747788071632,12.6,0.0,100,GUIDED,False,STANDBY,10,6
2025-08-11T17:20:56.004721,-35.363262,149.1652814,0.008,-0.01,0.01,0.0,0.026440918445587158,0.026443716138601303,359,0.0035936094354838133,0.0034408627543598413,-0.0018369994359090924,12.6,0.0,100,GUIDED,False,STANDBY,10,6
2025-08-11T17:20:56.505853,-35.363262,149.1652814,0.008,-0.01,0.01,0.0,0.02650204300880432,0.026505472138524055,359,0.003603739431127906,0.0034421999007463455,-0.001690222299657762,12.6,0.0,100,GUIDED,False,STANDBY,10,6
2025-08-11T17:20:57.006763,-35.363262,149.1652814,0.008,-0.01,0.01,0.0,0.02666611038148403,0.026670530438423157,359,0.003603738732635975,0.003444405272603035,-0.0015365213621407747,12.6,0.0,100,GUIDED,False,STANDBY,10,6
2025-08-11T17:20:57.508402,-35.363262,149.1652814,0.008,-0.01,0.01,0.0,0.02666611038148403,0.026670530438423157,359,0.003603738732635975,0.003444405272603035,-0.0015365213621407747,12.6,0.0,100,GUIDED,False,STANDBY,10,6
2025-08-11T17:20:58.009523,-35.363262,149.1652814,0.007,-0.01,0.01,0.0,0.026394858956336975,0.02640066109597683,359,0.003596174530684948,0.003441459499299526,-0.001387420459650457,12.6,0.0,100,GUIDED,False,STANDBY,10,6
2025-08-11T17:20:58.509991,-35.363262,149.1652814,0.007,-0.01,0.01,0.0,0.02628675475716591,0.02629169262945652,359,0.003590919775888324,0.0034392329398542643,-0.0012321349931880832,12.6,0.0,100,GUIDED,False,STANDBY,10,6
2025-08-11T17:20:59.010941,-35.363262,149.1652814,0.007,-0.01,0.01,0.0,0.026380503550171852,0.02638433128595352,359,0.0035889402497559786,0.003439426189288497,-0.0010884926887229085,12.6,0.0,100,GUIDED,False,STANDBY,10,6
2025-08-11T17:20:59.513116,-35.363262,149.1652814,0.007,-0.01,0.01,0.0,0.026537979021668434,0.026542941108345985,359,0.003594492794945836,0.0034443261101841927,-0.0009385271114297211,12.6,0.0,100,GUIDED,False,STANDBY,10,6
2025-08-11T17:21:00.013986,-35.363262,149.1652814,0.007,-0.01,0.01,0.0,0.0262383371591568,0.0262423288077116,359,0.003588716732338071,0.0034346156753599644,-0.0007905715028755367,12.6,0.0,100,GUIDED,False,STANDBY,10,6
2025-08-11T17:21:00.514294,-35.363262,149.1652814,0.007,-0.01,0.01,0.0,0.0262383371591568,0.0262423288077116,359,0.003588716732338071,0.0034346156753599644,-0.0007905715028755367,12.6,0.0,100,GUIDED,False,STANDBY,10,6
2025-08-11T17:21:01.014959,-35.363262,149.1652814,0.007,-0.01,0.01,0.0,0.026129750534892082,0.0261330995708704,359,0.0035788475070148706,0.0034274726640433073,-0.0006385424640029669,12.6,0.0,100,GUIDED,False,STANDBY,10,6
2025-08-11T17:21:01.515974,-35.363262,149.1652814,0.007,-0.01,0.01,0.0,0.026170780882239342,0.026173455640673637,359,0.003579553682357073,0.0034244756679981947,-0.0004923249362036586,12.6,0.0,100,GUIDED,False,STANDBY,10,6
2025-08-11T17:21:02.017150,-35.363262,149.1652814,0.007,-0.01,0.01,0.0,0.026170780882239342,0.026173455640673637,359,0.003579553682357073,0.0034244756679981947,-0.0004923249362036586,12.6,0.0,100,GUIDED,False,STANDBY,10,6
2025-08-11T17:21:02.518241,-35.363262,149.1652814,0.007,-0.01,0.01,0.0,0.02638295851647854,0.02638554945588112,359,0.003575944807380438,0.0034285136498510838,-0.00034162981319241226,12.6,0.0,100,GUIDED,False,STANDBY,10,6
2025-08-11T17:21:03.019648,-35.363262,149.1652814,0.007,-0.01,0.01,0.0,0.02613094449043274,0.026133358478546143,359,0.0035660737194120884,0.003421028610318899,-0.0001984978443942964,12.6,0.0,100,GUIDED,False,STANDBY,10,6
2025-08-11T17:21:03.520766,-35.363262,149.1652814,0.007,-0.01,0.01,0.0,0.02613094449043274,0.026133358478546143,359,0.0035660737194120884,0.003421028610318899,-0.0001984978443942964,12.6,0.0,100,GUIDED,False,STANDBY,10,6
2025-08-11T17:21:04.021652,-35.363262,149.1652814,0.007,-0.01,0.01,0.0,0.02601216360926628,0.026014354079961777,0,0.0035642043221741915,0.0034164544194936752,-5.123686423758045e-05,12.6,0.0,100,GUIDED,False,STANDBY,10,6
2025-08-11T17:21:04.523849,-35.363262,149.1652814,0.007,-0.01,0.01,0.0,0.025990771129727364,0.025993959978222847,0,0.0035620282869786024,0.0034122548531740904,9.298693476011977e-05,12.6,0.0,100,GUIDED,False,STANDBY,10,6
2025-08-11T17:21:05.024766,-35.363262,149.1652814,0.007,-0.01,0.01,0.0,0.026146480813622475,0.026150347664952278,0,0.0035653829108923674,0.0034185065887868404,0.00024131304235197604,12.6,0.0,100,GUIDED,False,STANDBY,10,6
2025-08-11T17:21:05.525601,-35.363262,149.1652814,0.007,-0.01,0.01,0.0,0.026146480813622475,0.026150347664952278,0,0.0035653829108923674,0.0034185065887868404,0.00024131304235197604,12.6,0.0,100,GUIDED,False,STANDBY,10,6
2025-08-11T17:21:06.026564,-35.363262,149.1652814,0.007,-0.01,0.01,0.0,0.0258259829133749,0.025830039754509926,0,0.0035553404595702887,0.0034133242443203926,0.00038840097840875387,12.6,0.0,100,GUIDED,False,STANDBY,10,6
2025-08-11T17:21:06.527530,-35.363262,149.1652814,0.007,-0.01,0.01,0.0,0.025698665529489517,0.02570146508514881,0,0.003554728114977479,0.0034082187339663506,0.0005346766556613147,12.6,0.0,100,GUIDED,False,STANDBY,10,6
2025-08-11T17:21:07.028454,-35.363262,149.1652814,0.007,-0.01,0.01,0.0,0.02584146149456501,0.02584383636713028,0,0.0035540752578526735,0.003407825715839863,0.0006727968575432897,12.6,0.0,100,GUIDED,False,STANDBY,10,6
2025-08-11T17:21:07.529201,-35.363262,149.1652814,0.007,-0.01,0.01,0.0,0.026047799736261368,0.02605106309056282,0,0.003561268327757716,0.003410504199564457,0.0008239946910180151,12.6,0.0,100,GUIDED,False,STANDBY,10,6
2025-08-11T17:21:08.030294,-35.363262,149.1652814,0.007,-0.01,0.01,0.0,0.025651223957538605,0.02565418742597103,0,0.003556888084858656,0.0034016913268715143,0.0009646844700910151,12.6,0.0,100,GUIDED,False,STANDBY,10,6
2025-08-11T17:21:08.531040,-35.363262,149.1652814,0.007,-0.01,0.01,0.0,0.025651223957538605,0.02565418742597103,0,0.003556888084858656,0.0034016913268715143,0.0009646844700910151,12.6,0.0,100,GUIDED,False,STANDBY,10,6
2025-08-11T17:21:09.031968,-35.363262,149.1652814,0.007,-0.01,0.01,0.0,0.025519689545035362,0.02552115172147751,0,0.0035582014825195074,0.0033946179319173098,0.0011149984784424305,12.6,0.0,100,GUIDED,False,STANDBY,10,6
2025-08-11T17:21:09.532939,-35.363262,149.1652814,0.007,-0.01,0.01,0.0,0.025561368092894554,0.025562621653079987,0,0.0035558787640184164,0.0033915548119693995,0.0012545795179903507,12.6,0.0,100,GUIDED,False,STANDBY,10,6
2025-08-11T17:21:10.033934,-35.363262,149.1652814,0.007,-0.01,0.01,0.0,0.025743963196873665,0.02574469894170761,0,0.0035661226138472557,0.003387795528396964,0.0014019113732501864,12.6,0.0,100,GUIDED,False,STANDBY,10,6
2025-08-11T17:21:10.535270,-35.363262,149.1652814,0.007,-0.01,0.01,0.0,0.025463124737143517,0.025463832542300224,0,0.0035569658502936363,0.003386606927961111,0.0015343697741627693,12.6,0.0,100,GUIDED,False,STANDBY,10,6
2025-08-11T17:21:11.036010,-35.363262,149.1652814,0.007,-0.01,0.01,0.0,0.025463124737143517,0.025463832542300224,0,0.0035569658502936363,0.003386606927961111,0.0015343697741627693,12.6,0.0,100,GUIDED,False,STANDBY,10,6
2025-08-11T17:21:11.537015,-35.363262,149.1652814,0.007,-0.01,0.01,0.0,0.02534192055463791,0.025342989712953568,0,0.0035527797881513834,0.0033816194627434015,0.001680858200415969,12.6,0.0,100,GUIDED,False,STANDBY,10,6
2025-08-11T17:21:12.037732,-35.363262,149.1652814,0.007,-0.01,0.01,0.0,0.025401605293154716,0.025402704253792763,0,0.0035494298208504915,0.0033839901443570852,0.0018118233419954777,12.6,0.0,100,GUIDED,False,STANDBY,10,6
2025-08-11T17:21:12.538658,-35.363262,149.1652814,0.007,-0.01,0.01,0.0,0.025403933599591255,0.025405220687389374,0,0.0035577958915382624,0.0033834746573120356,0.0019570239819586277,12.6,0.0,100,GUIDED,False,STANDBY,10,6
2025-08-11T17:21:13.039419,-35.363262,149.1652814,0.007,-0.01,0.01,0.0,0.025178879499435425,0.025180449709296227,0,0.0035423061344772577,0.0033722303342074156,0.002093556569889188,12.6,0.0,100,GUIDED,False,STANDBY,10,6
2025-08-11T17:21:13.539951,-35.363262,149.1652814,0.007,-0.01,0.01,0.0,0.025178879499435425,0.025180449709296227,0,0.0035423061344772577,0.0033722303342074156,0.002093556569889188,12.6,0.0,100,GUIDED,False,STANDBY,10,6
2025-08-11T17:21:14.040776,-35.363262,149.1652814,0.007,-0.01,0.01,0.0,0.02505873516201973,0.025060908868908882,0,0.003538012970238924,0.0033662025816738605,0.0022398766595870256,12.6,0.0,100,GUIDED,False,STANDBY,10,6
2025-08-11T17:21:14.541723,-35.363262,149.1652814,0.007,-0.01,0.01,0.0,0.025167249143123627,0.025169137865304947,0,0.0035328420344740152,0.0033662989735603333,0.0023707898799329996,12.6,0.0,100,GUIDED,False,STANDBY,10,6
2025-08-11T17:21:15.042150,-35.363262,149.1652814,0.007,-0.01,0.01,0.0,0.025152774527668953,0.02515426278114319,0,0.0035351247061043978,0.0033727216068655252,0.002510728780180216,12.6,0.0,100,GUIDED,False,STANDBY,10,6
2025-08-11T17:21:15.542962,-35.363262,149.1652814,0.007,-0.01,0.01,0.0,0.024926871061325073,0.024928156286478043,0,0.0035285456106066704,0.0033697953913360834,0.0026458962820470333,12.6,0.0,100,GUIDED,False,STANDBY,10,6
2025-08-11T17:21:16.043978,-35.363262,149.1652814,0.007,-0.01,0.01,0.0,0.02483179047703743,0.02483309619128704,0,0.0035270547959953547,0.0033637273591011763,0.0027937707491219044,12.6,0.0,100,GUIDED,False,STANDBY,10,6
2025-08-11T17:21:16.544994,-35.363262,149.1652814,0.007,-0.01,0.01,0.0,0.02490830421447754,0.024909669533371925,0,0.0035248221829533577,0.0033652130514383316,0.002924893517047167,12.6,0.0,100,GUIDED,False,STANDBY,10,6
2025-08-11T17:21:17.045966,-35.363262,149.1652814,0.007,-0.01,0.01,0.0,0.02490830421447754,0.024909669533371925,0,0.0035248221829533577,0.0033652130514383316,0.002924893517047167,12.6,0.0,100,GUIDED,False,STANDBY,10,6
2025-08-11T17:21:17.546987,-35.363262,149.1652814,0.007,-0.01,0.01,0.0,0.024985503405332565,0.024986833333969116,0,0.0035267469938844442,0.0033709814306348562,0.0030614265706390142,12.6,0.0,100,GUIDED,False,STANDBY,10,6
2025-08-11T17:21:18.048081,-35.363262,149.1652814,0.007,-0.01,0.01,0.0,0.02476631850004196,0.02476707100868225,0,0.0035206880420446396,0.0033625296782702208,0.0031914331484586,12.6,0.0,100,GUIDED,False,STANDBY,10,6
2025-08-11T17:21:18.548976,-35.363262,149.1652814,0.007,-0.01,0.01,0.0,0.024783773347735405,0.024784283712506294,0,0.0035216084215790033,0.0033663297072052956,0.003331331070512533,12.6,0.0,100,GUIDED,False,STANDBY,10,6
2025-08-11T17:21:19.050268,-35.363262,149.1652814,0.007,-0.01,0.01,0.0,0.024793371558189392,0.02479439601302147,0,0.003525761654600501,0.0033634426072239876,0.0034594591706991196,12.6,0.0,100,GUIDED,False,STANDBY,10,6
2025-08-11T17:21:19.552568,-35.363262,149.1652814,0.007,-0.01,0.01,0.0,0.024793371558189392,0.02479439601302147,0,0.003525761654600501,0.0033634426072239876,0.0034594591706991196,12.6,0.0,100,GUIDED,False,STANDBY,10,6
2025-08-11T17:21:20.053665,-35.363262,149.1652814,0.007,-0.01,0.01,0.0,0.024822508916258812,0.02482314594089985,0,0.0035315915010869503,0.0033632549457252026,0.0035958844237029552,12.6,0.0,100,GUIDED,False,STANDBY,10,6
2025-08-11T17:21:20.554544,-35.363262,149.1652814,0.007,-0.01,0.01,0.0,0.02457263320684433,0.024573395028710365,0,0.003518007230013609,0.0033496778924018145,0.003718817140907049,12.6,0.0,100,GUIDED,False,STANDBY,10,6
2025-08-11T17:21:21.055134,-35.363262,149.1652814,0.007,-0.01,0.01,0.0,0.024443132802844048,0.024443989619612694,0,0.003512522205710411,0.003347208723425865,0.003854094073176384,12.6,0.0,100,GUIDED,False,STANDBY,10,6
2025-08-11T17:21:21.555972,-35.363262,149.1652814,0.007,-0.01,0.01,0.0,0.024563593789935112,0.024564307183027267,0,0.0035177378449589014,0.0033488855697214603,0.003977217711508274,12.6,0.0,100,GUIDED,False,STANDBY,10,6
2025-08-11T17:21:22.056962,-35.363262,149.1652814,0.007,-0.01,0.01,0.0,0.02465202659368515,0.024652523919939995,0,0.003525219392031431,0.0033564141485840082,0.004105955827981234,12.6,0.0,100,GUIDED,False,STANDBY,10,6
2025-08-11T17:21:22.558111,-35.363262,149.1652814,0.007,-0.01,0.01,0.0,0.02465202659368515,0.024652523919939995,0,0.003525219392031431,0.0033564141485840082,0.004105955827981234,12.6,0.0,100,GUIDED,False,STANDBY,10,6
2025-08-11T17:21:23.058960,-35.363262,149.1652814,0.007,-0.01,0.01,0.0,0.024489879608154297,0.02449016086757183,0,0.0035208971239626408,0.0033521803561598063,0.004229314159601927,12.6,0.0,100,GUIDED,False,STANDBY,10,6
2025-08-11T17:21:23.559788,-35.363262,149.1652814,0.007,-0.01,0.01,0.0,0.02439308911561966,0.024393269792199135,0,0.003518112702295184,0.003352794563397765,0.004361208062618971,12.6,0.0,100,GUIDED,False,STANDBY,10,6
2025-08-11T17:21:24.060604,-35.363262,149.1652814,0.007,-0.01,0.01,0.0,0.024495592340826988,0.024496259167790413,0,0.0035170833580195904,0.0033548730425536633,0.004489317070692778,12.6,0.0,100,GUIDED,False,STANDBY,10,6
2025-08-11T17:21:24.561522,-35.363262,149.1652814,0.007,-0.01,0.01,0.0,0.02456790767610073,0.02456873282790184,0,0.003524899948388338,0.003358319401741028,0.004619683139026165,12.6,0.0,100,GUIDED,False,STANDBY,10,6
2025-08-11T17:21:25.062656,-35.363262,149.1652814,0.007,-0.01,0.01,0.0,0.02456790767610073,0.02456873282790184,0,0.003524899948388338,0.003358319401741028,0.004619683139026165,12.6,0.0,100,GUIDED,False,STANDBY,10,6
2025-08-11T17:21:25.563609,-35.363262,149.1652814,0.007,-0.01,0.01,0.0,0.024428101256489754,0.0244292002171278,0,0.003524335566908121,0.0033511214423924685,0.004741776268929243,12.6,0.0,100,GUIDED,False,STANDBY,10,6
2025-08-11T17:21:26.064958,-35.363262,149.1652814,0.007,-0.01,0.01,0.0,0.024473009631037712,0.02447422966361046,0,0.0035196980461478233,0.0033525843173265457,0.0048700058832764626,12.6,0.0,100,GUIDED,False,STANDBY,10,6
2025-08-11T17:21:26.565939,-35.363262,149.1652814,0.007,-0.01,0.01,0.0,0.024473009631037712,0.02447422966361046,0,0.0035196980461478233,0.0033525843173265457,0.0048700058832764626,12.6,0.0,100,GUIDED,False,STANDBY,10,6
2025-08-11T17:21:27.067041,-35.363262,149.1652814,0.007,-0.01,0.01,0.0,0.024557581171393394,0.024558434262871742,0,0.003521219128742814,0.0033545915503054857,0.004989495035260916,12.6,0.0,100,GUIDED,False,STANDBY,10,6
2025-08-11T17:21:27.567948,-35.363262,149.1652814,0.007,-0.01,0.01,0.0,0.02466438151896,0.02466491423547268,0,0.0035192412324249744,0.0033663588110357523,0.00511609110981226,12.6,0.0,100,GUIDED,False,STANDBY,10,6
2025-08-11T17:21:28.068748,-35.363262,149.1652814,0.007,-0.01,0.01,0.0,0.02445289120078087,0.02445358596742153,0,0.003509250935167074,0.003355306340381503,0.005234825890511274,12.6,0.0,100,GUIDED,False,STANDBY,10,6
2025-08-11T17:21:28.569623,-35.363262,149.1652814,0.007,-0.01,0.01,0.0,0.02445289120078087,0.02445358596742153,0,0.003509250935167074,0.003355306340381503,0.005234825890511274,12.6,0.0,100,GUIDED,False,STANDBY,10,6
2025-08-11T17:21:29.070519,-35.363262,149.1652814,0.007,-0.01,0.01,0.0,0.02430921047925949,0.024309594184160233,0,0.0035059123765677214,0.003352911677211523,0.005354482214897871,12.6,0.0,100,GUIDED,False,STANDBY,10,6
2025-08-11T17:21:29.570970,-35.363262,149.1652814,0.007,-0.01,0.01,0.0,0.024357996881008148,0.02435818314552307,0,0.0035048516001552343,0.003356702858582139,0.005467869807034731,12.6,0.0,100,GUIDED,False,STANDBY,10,6
2025-08-11T17:21:30.071973,-35.363262,149.1652814,0.007,-0.01,0.01,0.0,0.02452201582491398,0.024522120133042336,0,0.003512854687869549,0.003361108247190714,0.005592962261289358,12.6,0.0,100,GUIDED,False,STANDBY,10,6
2025-08-11T17:21:30.572959,-35.363262,149.1652814,0.007,-0.01,0.01,0.0,0.02452201582491398,0.024522120133042336,0,0.003512854687869549,0.003361108247190714,0.005592962261289358,12.6,0.0,100,GUIDED,False,STANDBY,10,6
2025-08-11T17:21:31.073583,-35.363262,149.1652814,0.007,-0.01,0.01,0.0,0.024326827377080917,0.024327104911208153,0,0.003511045826599002,0.0033515491522848606,0.005706872325390577,12.6,0.0,100,GUIDED,False,STANDBY,10,6
2025-08-11T17:21:31.574374,-35.363262,149.1652814,0.007,-0.01,0.01,0.0,0.024307746440172195,0.02430856227874756,0,0.0035109538584947586,0.0033522641751915216,0.005827161483466625,12.6,0.0,100,GUIDED,False,STANDBY,10,6
2025-08-11T17:21:32.075268,-35.363262,149.1652814,0.007,-0.01,0.01,0.0,0.024463608860969543,0.024464163929224014,0,0.00351171987131238,0.003352927044034004,0.005932553205639124,12.6,0.0,100,GUIDED,False,STANDBY,10,6
2025-08-11T17:21:32.576041,-35.363262,149.1652814,0.007,-0.01,0.01,0.0,0.024614984169602394,0.024615783244371414,0,0.0035221201833337545,0.0033608966041356325,0.006053446792066097,12.6,0.0,100,GUIDED,False,STANDBY,10,6
2025-08-11T17:21:33.076977,-35.363262,149.1652814,0.007,-0.01,0.01,0.0,0.024614984169602394,0.024615783244371414,0,0.0035221201833337545,0.0033608966041356325,0.006053446792066097,12.6,0.0,100,GUIDED,False,STANDBY,10,6
2025-08-11T17:21:33.578124,-35.363262,149.1652814,0.007,-0.01,0.01,0.0,0.024421483278274536,0.024421729147434235,0,0.0035165282897651196,0.003353404114022851,0.006161049474030733,12.6,0.0,100,GUIDED,False,STANDBY,10,6
2025-08-11T17:21:34.078959,-35.363262,149.1652814,0.007,-0.01,0.01,0.0,0.02441764436662197,0.024418514221906662,0,0.003513825824484229,0.003350458573549986,0.006276766303926706,12.6,0.0,100,GUIDED,False,STANDBY,10,6
2025-08-11T17:21:34.579874,-35.363262,149.1652814,0.007,-0.01,0.01,0.0,0.024516820907592773,0.024518465623259544,0,0.0035155070945620537,0.0033552993554621935,0.0063820816576480865,12.6,0.0,100,GUIDED,False,STANDBY,10,6
2025-08-11T17:21:35.080706,-35.363262,149.1652814,0.007,-0.01,0.01,0.0,0.02459924854338169,0.02460075542330742,0,0.0035154481884092093,0.003356797620654106,0.006498993374407291,12.6,0.0,100,GUIDED,False,STANDBY,10,6
2025-08-11T17:21:35.581870,-35.363262,149.1652814,0.007,-0.01,0.01,0.0,0.02444530837237835,0.024447401985526085,0,0.0035128938034176826,0.003347546560689807,0.006607884541153908,12.6,0.0,100,GUIDED,False,STANDBY,10,6
2025-08-11T17:21:36.082829,-35.363262,149.1652814,0.007,-0.01,0.01,0.0,0.024501290172338486,0.02450292930006981,0,0.003507686546072364,0.0033474122174084187,0.006721756886690855,12.6,0.0,100,GUIDED,False,STANDBY,10,6
2025-08-11T17:21:36.583678,-35.363262,149.1652814,0.007,-0.01,0.01,0.0,0.024501290172338486,0.02450292930006981,0,0.003507686546072364,0.0033474122174084187,0.006721756886690855,12.6,0.0,100,GUIDED,False,STANDBY,10,6
2025-08-11T17:21:37.084593,-35.363262,149.1652814,0.007,-0.01,0.01,0.0,0.024547507986426353,0.02454882487654686,0,0.003514098236337304,0.0033540306612849236,0.006823650561273098,12.6,0.0,100,GUIDED,False,STANDBY,10,6
2025-08-11T17:21:37.585427,-35.363262,149.1652814,0.007,-0.01,0.01,0.0,0.02466590888798237,0.024666961282491684,0,0.003518998622894287,0.0033582241740077734,0.006931639742106199,12.6,0.0,100,GUIDED,False,STANDBY,10,6
2025-08-11T17:21:38.086298,-35.363262,149.1652814,0.007,-0.01,0.01,0.0,0.024563947692513466,0.024564964696764946,0,0.003516213968396187,0.0033489521592855453,0.0070280893705785275,12.6,0.0,100,GUIDED,False,STANDBY,10,6
2025-08-11T17:21:38.586966,-35.363262,149.1652814,0.007,-0.01,0.01,0.0,0.024581771343946457,0.024582868441939354,0,0.0035129585303366184,0.0033467004541307688,0.007135447114706039,12.6,0.0,100,GUIDED,False,STANDBY,10,6
2025-08-11T17:21:39.087774,-35.363262,149.1652814,0.007,-0.01,0.01,0.0,0.024581771343946457,0.024582868441939354,0,0.0035129585303366184,0.0033467004541307688,0.007135447114706039,12.6,0.0,100,GUIDED,False,STANDBY,10,6
2025-08-11T17:21:39.589036,-35.363262,149.1652814,0.007,-0.01,0.01,0.0,0.024704208597540855,0.024704979732632637,0,0.003514382988214493,0.0033469281625002623,0.007234801538288593,12.6,0.0,100,GUIDED,False,STANDBY,10,6
2025-08-11T17:21:40.089979,-35.363262,149.1652814,0.007,-0.01,0.01,0.0,0.024752113968133926,0.02475263923406601,0,0.0035188563633710146,0.0033552784007042646,0.00734235905110836,12.6,0.0,100,GUIDED,False,STANDBY,10,6
2025-08-11T17:21:40.590984,-35.363262,149.1652814,0.007,-0.01,0.01,0.0,0.024517089128494263,0.02451784536242485,0,0.0035189720802009106,0.003353807609528303,0.007429143413901329,12.6,0.0,100,GUIDED,False,STANDBY,10,6
2025-08-11T17:21:41.092218,-35.363262,149.1652814,0.007,-0.01,0.01,0.0,0.0245229322463274,0.024523556232452393,0,0.0035133305937051773,0.003347960067912936,0.007531150244176388,12.6,0.0,100,GUIDED,False,STANDBY,10,6
2025-08-11T17:21:41.593434,-35.363262,149.1652814,0.007,-0.01,0.01,0.0,0.0245229322463274,0.024523556232452393,0,0.0035133305937051773,0.003347960067912936,0.007531150244176388,12.6,0.0,100,GUIDED,False,STANDBY,10,6
2025-08-11T17:21:42.094884,-35.363262,149.1652814,0.007,-0.01,0.01,0.0,0.024595357477664948,0.024596184492111206,0,0.0035204750020056963,0.0033500934951007366,0.007617922965437174,12.6,0.0,100,GUIDED,False,STANDBY,10,6
2025-08-11T17:21:42.595990,-35.363262,149.1652814,0.007,-0.01,0.01,0.0,0.02480071224272251,0.02480136789381504,0,0.0035290790256112814,0.003354649757966399,0.00771486759185791,12.6,0.0,100,GUIDED,False,STANDBY,10,6
2025-08-11T17:21:43.097264,-35.363262,149.1652814,0.007,-0.01,0.01,0.0,0.024620220065116882,0.02462070807814598,0,0.0035210507921874523,0.0033519414719194174,0.007798573933541775,12.6,0.0,100,GUIDED,False,STANDBY,10,6
2025-08-11T17:21:43.598204,-35.363262,149.1652814,0.007,-0.01,0.01,0.0,0.024620220065116882,0.02462070807814598,0,0.0035210507921874523,0.0033519414719194174,0.007798573933541775,12.6,0.0,100,GUIDED,False,STANDBY,10,6
2025-08-11T17:21:44.099772,-35.363262,149.1652814,0.007,-0.01,0.01,0.0,0.02453259378671646,0.024533679708838463,0,0.0035135173238813877,0.003349245758727193,0.00789279118180275,12.6,0.0,100,GUIDED,False,STANDBY,10,6
2025-08-11T17:21:44.600667,-35.363262,149.1652814,0.007,-0.01,0.01,0.0,0.024591049179434776,0.024592027068138123,0,0.003515328746289015,0.0033522716257721186,0.007972418330609798,12.6,0.0,100,GUIDED,False,STANDBY,10,6
2025-08-11T17:21:45.101953,-35.363262,149.1652814,0.007,-0.01,0.01,0.0,0.02483724243938923,0.02483801171183586,0,0.003521853359416127,0.003362830961123109,0.00805463083088398,12.6,0.0,100,GUIDED,False,STANDBY,10,6
2025-08-11T17:21:45.604027,-35.363262,149.1652814,0.007,-0.01,0.01,0.0,0.02483724243938923,0.02483801171183586,0,0.003521853359416127,0.003362830961123109,0.00805463083088398,12.6,0.0,100,GUIDED,False,STANDBY,10,6
2025-08-11T17:21:46.104955,-35.363262,149.1652814,0.007,-0.01,0.01,0.0,0.024547943845391273,0.024548297747969627,0,0.0035170800983905792,0.0033610607497394085,0.008139189332723618,12.6,0.0,100,GUIDED,False,STANDBY,10,6
2025-08-11T17:21:46.607430,-35.363262,149.1652814,0.007,-0.01,0.01,0.0,0.02453971654176712,0.024539772421121597,0,0.0035137601662427187,0.003361725714057684,0.008229726925492287,12.6,0.0,100,GUIDED,False,STANDBY,10,6
2025-08-11T17:21:47.110230,-35.363262,149.1652814,0.007,-0.01,0.01,0.0,0.024571217596530914,0.024571403861045837,0,0.0035062467213720083,0.003358726156875491,0.008309712633490562,12.6,0.0,100,GUIDED,False,STANDBY,10,6
2025-08-11T17:21:47.610968,-35.363262,149.1652814,0.007,-0.01,0.01,0.0,0.024761339649558067,0.02476145327091217,0,0.00351037853397429,0.003364795120432973,0.008393940515816212,12.6,0.0,100,GUIDED,False,STANDBY,10,6
2025-08-11T17:21:48.112766,-35.363262,149.1652814,0.007,-0.01,0.01,0.0,0.024761339649558067,0.02476145327091217,0,0.00351037853397429,0.003364795120432973,0.008393940515816212,12.6,0.0,100,GUIDED,False,STANDBY,10,6
2025-08-11T17:21:48.613757,-35.363262,149.1652814,0.007,-0.01,0.01,0.0,0.024527985602617264,0.024527989327907562,0,0.003507214831188321,0.0033623899798840284,0.008477515541017056,12.6,0.0,100,GUIDED,False,STANDBY,10,6
2025-08-11T17:21:49.114976,-35.363262,149.1652814,0.007,-0.01,0.01,0.0,0.024362511932849884,0.024362582713365555,0,0.0035022387746721506,0.0033616875298321247,0.008567951619625092,12.6,0.0,100,GUIDED,False,STANDBY,10,6
2025-08-11T17:21:49.616317,-35.363262,149.1652814,0.007,-0.01,0.01,0.0,0.02443583495914936,0.024436015635728836,0,0.003500359132885933,0.003364083357155323,0.008647414855659008,12.6,0.0,100,GUIDED,False,STANDBY,10,6
2025-08-11T17:21:50.117195,-35.363262,149.1652814,0.007,-0.01,0.01,0.0,0.024669034406542778,0.024669114500284195,0,0.003503362648189068,0.0033623469062149525,0.008732051588594913,12.6,0.0,100,GUIDED,False,STANDBY,10,6
2025-08-11T17:21:50.618442,-35.363262,149.1652814,0.007,-0.01,0.01,0.0,0.024669034406542778,0.024669114500284195,0,0.003503362648189068,0.0033623469062149525,0.008732051588594913,12.6,0.0,100,GUIDED,False,STANDBY,10,6
2025-08-11T17:21:51.119849,-35.363262,149.1652814,0.007,-0.01,0.01,0.0,0.02447717823088169,0.02447720244526863,0,0.0034976776223629713,0.0033527754712849855,0.008814314380288124,12.6,0.0,100,GUIDED,False,STANDBY,10,6
2025-08-11T17:21:51.621148,-35.363262,149.1652814,0.007,-0.01,0.01,0.0,0.0244359839707613,0.024435993283987045,0,0.00349731114692986,0.003347687190398574,0.00890240166336298,12.6,0.0,100,GUIDED,False,STANDBY,10,6
2025-08-11T17:21:52.124597,-35.363262,149.1652814,0.007,-0.01,0.01,0.0,0.0244359839707613,0.024435993283987045,0,0.00349731114692986,0.003347687190398574,0.00890240166336298,12.6,0.0,100,GUIDED,False,STANDBY,10,6
2025-08-11T17:21:52.625858,-35.363262,149.1652814,0.007,-0.01,0.01,0.0,0.024496961385011673,0.024496963247656822,0,0.003499215468764305,0.003343732561916113,0.008970288559794426,12.6,0.0,100,GUIDED,False,STANDBY,10,6
2025-08-11T17:21:53.128496,-35.363262,149.1652814,0.007,-0.01,0.01,0.0,0.024647468701004982,0.02464747615158558,0,0.0035022718366235495,0.0033495111856609583,0.009047002531588078,12.6,0.0,100,GUIDED,False,STANDBY,10,6
2025-08-11T17:21:53.629430,-35.363262,149.1652814,0.007,-0.01,0.01,0.0,0.024647468701004982,0.02464747615158558,0,0.0035022718366235495,0.0033495111856609583,0.009047002531588078,12.6,0.0,100,GUIDED,False,STANDBY,10,6
2025-08-11T17:21:54.129991,-35.363262,149.1652814,0.007,-0.01,0.01,0.0,0.024434931576251984,0.02443494088947773,0,0.003492561401799321,0.003349460195749998,0.009114191867411137,12.6,0.0,100,GUIDED,False,STANDBY,10,6
2025-08-11T17:21:54.631621,-35.363262,149.1652814,0.007,-0.01,0.01,0.0,0.0243629589676857,0.0243629589676857,0,0.0034909110981971025,0.0033423241693526506,0.009193424135446548,12.6,0.0,100,GUIDED,False,STANDBY,10,6
2025-08-11T17:21:55.133682,-35.363262,149.1652814,0.007,-0.01,0.01,0.0,0.0244307704269886,0.02443077228963375,0,0.003490007482469082,0.003342382377013564,0.009255541488528252,12.6,0.0,100,GUIDED,False,STANDBY,10,6
2025-08-11T17:21:55.634982,-35.363262,149.1652814,0.007,-0.01,0.01,0.0,0.0244307704269886,0.02443077228963375,0,0.003490007482469082,0.003342382377013564,0.009255541488528252,12.6,0.0,100,GUIDED,False,STANDBY,10,6
2025-08-11T17:21:56.136759,-35.363262,149.1652814,0.007,-0.01,0.01,0.0,0.02462368831038475,0.02462373673915863,0,0.003495508339256048,0.0033433299977332354,0.00933055393397808,12.6,0.0,100,GUIDED,False,STANDBY,10,6
2025-08-11T17:21:56.637698,-35.363262,149.1652814,0.007,-0.01,0.01,0.0,0.024384835734963417,0.024385111406445503,0,0.0034867282956838608,0.0033400843385607004,0.009397827088832855,12.6,0.0,100,GUIDED,False,STANDBY,10,6
2025-08-11T17:21:57.138848,-35.363262,149.1652814,0.007,-0.01,0.01,0.0,0.02429601177573204,0.024296551942825317,0,0.003489438444375992,0.0033333173487335443,0.00947081483900547,12.6,0.0,100,GUIDED,False,STANDBY,10,6
2025-08-11T17:21:57.640110,-35.363262,149.1652814,0.007,-0.01,0.01,0.0,0.02429601177573204,0.024296551942825317,0,0.003489438444375992,0.0033333173487335443,0.00947081483900547,12.6,0.0,100,GUIDED,False,STANDBY,10,6
2025-08-11T17:21:58.141252,-35.363262,149.1652814,0.007,-0.01,0.01,0.0,0.024394117295742035,0.024394821375608444,0,0.003492282936349511,0.0033376135397702456,0.009532216005027294,12.6,0.0,100,GUIDED,False,STANDBY,10,6
2025-08-11T17:21:58.643366,-35.363262,149.1652814,0.007,-0.01,0.01,0.0,0.02432030811905861,0.0243208147585392,0,0.003490714356303215,0.003341758158057928,0.009601152502000332,12.6,0.0,100,GUIDED,False,STANDBY,10,6
2025-08-11T17:21:59.144621,-35.363262,149.1652814,0.007,-0.01,0.01,0.0,0.024046368896961212,0.02404690533876419,0,0.0034822027664631605,0.00333368219435215,0.009656483307480812,12.6,0.0,100,GUIDED,False,STANDBY,10,6
2025-08-11T17:21:59.647708,-35.363262,149.1652814,0.007,-0.01,0.01,0.0,0.024013711139559746,0.024014310911297798,0,0.003483277978375554,0.0033330614678561687,0.009722534567117691,12.6,0.0,100,GUIDED,False,STANDBY,10,6
2025-08-11T17:22:00.150107,-35.363262,149.1652814,0.007,-0.01,0.01,0.0,0.024013711139559746,0.024014310911297798,0,0.003483277978375554,0.0033330614678561687,0.009722534567117691,12.6,0.0,100,GUIDED,False,STANDBY,10,6
2025-08-11T17:22:00.651041,-35.363262,149.1652814,0.007,-0.01,0.01,0.0,0.024126367643475533,0.024127047508955002,0,0.003483758307993412,0.00332768727093935,0.009775223210453987,12.6,0.0,100,GUIDED,False,STANDBY,10,6
2025-08-11T17:22:01.151952,-35.363262,149.1652814,0.007,-0.01,0.01,0.0,0.02411525323987007,0.024116026237607002,0,0.0034894621931016445,0.0033375732600688934,0.009839224629104137,12.6,0.0,100,GUIDED,False,STANDBY,10,6
2025-08-11T17:22:01.653303,-35.363262,149.1652814,0.007,-0.01,0.01,0.0,0.02387118898332119,0.023871617391705513,0,0.003481191350147128,0.0033275282476097345,0.009890622459352016,12.6,0.0,100,GUIDED,False,STANDBY,10,6
2025-08-11T17:22:02.155977,-35.363262,149.1652814,0.007,-0.01,0.01,0.0,0.02387118898332119,0.023871617391705513,0,0.003481191350147128,0.0033275282476097345,0.009890622459352016,12.6,0.0,100,GUIDED,False,STANDBY,10,6
2025-08-11T17:22:02.657109,-35.363262,149.1652814,0.007,-0.01,0.01,0.0,0.02390625886619091,0.023906875401735306,0,0.0034772315993905067,0.0033293880987912416,0.009951629675924778,12.6,0.0,100,GUIDED,False,STANDBY,10,6
2025-08-11T17:22:03.158215,-35.363262,149.1652814,0.007,-0.01,0.01,0.0,0.023959659039974213,0.02396026998758316,0,0.003474585246294737,0.0033308023121207952,0.009998368099331856,12.6,0.0,100,GUIDED,False,STANDBY,10,6
2025-08-11T17:22:03.658939,-35.363262,149.1652814,0.007,-0.01,0.01,0.0,0.024098647758364677,0.02410011924803257,0,0.003482318250462413,0.003335782792419195,0.010066292248666286,12.6,0.0,100,GUIDED,False,STANDBY,10,6
2025-08-11T17:22:04.159843,-35.363262,149.1652814,0.007,-0.01,0.01,0.0,0.024098647758364677,0.02410011924803257,0,0.003482318250462413,0.003335782792419195,0.010066292248666286,12.6,0.0,100,GUIDED,False,STANDBY,10,6
2025-08-11T17:22:04.663705,-35.363262,149.1652814,0.007,-0.01,0.01,0.0,0.023819321766495705,0.023821502923965454,0,0.003482501022517681,0.003333836095407605,0.010113460943102837,12.6,0.0,100,GUIDED,False,STANDBY,10,6
2025-08-11T17:22:05.164521,-35.363262,149.1652814,0.007,-0.01,0.01,0.0,0.023870764300227165,0.023872941732406616,0,0.0034816579427570105,0.003328640479594469,0.01017086487263441,12.6,0.0,100,GUIDED,False,STANDBY,10,6
2025-08-11T17:22:05.665006,-35.363262,149.1652814,0.007,-0.01,0.01,0.0,0.023921925574541092,0.023923832923173904,0,0.0034822712186723948,0.0033295932225883007,0.010213815607130527,12.6,0.0,100,GUIDED,False,STANDBY,10,6
2025-08-11T17:22:06.166083,-35.363262,149.1652814,0.007,-0.01,0.01,0.0,0.023921925574541092,0.023923832923173904,0,0.0034822712186723948,0.0033295932225883007,0.010213815607130527,12.6,0.0,100,GUIDED,False,STANDBY,10,6
2025-08-11T17:22:06.666894,-35.363262,149.1652814,0.007,-0.01,0.01,0.0,0.02399253100156784,0.02399427630007267,0,0.0034893257543444633,0.003337702713906765,0.010270820930600166,12.6,0.0,100,GUIDED,False,STANDBY,10,6
2025-08-11T17:22:07.167938,-35.363262,149.1652814,0.007,-0.01,0.01,0.0,0.02381129190325737,0.02381391078233719,0,0.0034832630772143602,0.0033350384328514338,0.010316165164113045,12.6,0.0,100,GUIDED,False,STANDBY,10,6
2025-08-11T17:22:07.669485,-35.363262,149.1652814,0.007,-0.01,0.01,0.0,0.02381129190325737,0.02381391078233719,0,0.0034832630772143602,0.0033350384328514338,0.010316165164113045,12.6,0.0,100,GUIDED,False,STANDBY,10,6
2025-08-11T17:22:08.170033,-35.363262,149.1652814,0.007,-0.01,0.01,0.0,0.023788539692759514,0.02379080466926098,0,0.003479393431916833,0.0033348510041832924,0.010372599586844444,12.6,0.0,100,GUIDED,False,STANDBY,10,6
2025-08-11T17:22:08.671798,-35.363262,149.1652814,0.007,-0.01,0.01,0.0,0.02395271509885788,0.023954901844263077,0,0.00347778107970953,0.0033352922182530165,0.01041591539978981,12.6,0.0,100,GUIDED,False,STANDBY,10,6
2025-08-11T17:22:09.173947,-35.363262,149.1652814,0.007,-0.01,0.01,0.0,0.0240402240306139,0.024042729288339615,0,0.00348285143263638,0.0033393821213394403,0.010471919551491737,12.6,0.0,100,GUIDED,False,STANDBY,10,6
2025-08-11T17:22:09.674355,-35.363262,149.1652814,0.007,-0.01,0.01,0.0,0.0240402240306139,0.024042729288339615,0,0.00348285143263638,0.0033393821213394403,0.010471919551491737,12.6,0.0,100,GUIDED,False,STANDBY,10,6
2025-08-11T17:22:10.176710,-35.363262,149.1652814,0.007,-0.01,0.01,0.0,0.02391117997467518,0.023913899436593056,0,0.0034774059895426035,0.0033372105099260807,0.01051266212016344,12.6,0.0,100,GUIDED,False,STANDBY,10,6
2025-08-11T17:22:10.677465,-35.363262,149.1652814,0.007,-0.01,0.01,0.0,0.023868894204497337,0.023871110752224922,0,0.0034827101044356823,0.00333994347602129,0.01056610606610775,12.6,0.0,100,GUIDED,False,STANDBY,10,6
2025-08-11T17:22:11.178643,-35.363262,149.1652814,0.007,-0.01,0.01,0.0,0.024028975516557693,0.02403196133673191,0,0.0034873986151069403,0.00334532861597836,0.010597159154713154,12.6,0.0,100,GUIDED,False,STANDBY,10,6
2025-08-11T17:22:11.678951,-35.363262,149.1652814,0.007,-0.01,0.01,0.0,0.02424156293272972,0.024245254695415497,0,0.0034950736444443464,0.0033540779259055853,0.010641105473041534,12.6,0.0,100,GUIDED,False,STANDBY,10,6
2025-08-11T17:22:12.179842,-35.363262,149.1652814,0.007,-0.01,0.01,0.0,0.02424156293272972,0.024245254695415497,0,0.0034950736444443464,0.0033540779259055853,0.010641105473041534,12.6,0.0,100,GUIDED,False,STANDBY,10,6
2025-08-11T17:22:12.681175,-35.363262,149.1652814,0.007,-0.01,0.01,0.0,0.024157559499144554,0.024160755798220634,0,0.0034897918812930584,0.0033418636303395033,0.010675504803657532,12.6,0.0,100,GUIDED,False,STANDBY,10,6
2025-08-11T17:22:13.182722,-35.363262,149.1652814,0.007,-0.01,0.01,0.0,0.02417829819023609,0.02418169379234314,0,0.003487881738692522,0.0033424810972064734,0.010718099772930145,12.6,0.0,100,GUIDED,False,STANDBY,10,6
2025-08-11T17:22:13.684526,-35.363262,149.1652814,0.007,-0.01,0.01,0.0,0.02417829819023609,0.02418169379234314,0,0.003487881738692522,0.0033424810972064734,0.010718099772930145,12.6,0.0,100,GUIDED,False,STANDBY,10,6
2025-08-11T17:22:14.185647,-35.363262,149.1652814,0.007,-0.01,0.01,0.0,0.024328606203198433,0.024331483989953995,0,0.003493845695629716,0.003337654285132885,0.010746598243713379,12.6,0.0,100,GUIDED,False,STANDBY,10,6
2025-08-11T17:22:14.687156,-35.363262,149.1652814,0.007,-0.01,0.01,0.0,0.024328606203198433,0.024331483989953995,0,0.003493845695629716,0.003337654285132885,0.010746598243713379,12.6,0.0,100,GUIDED,False,STANDBY,10,6
2025-08-11T17:22:15.190416,-35.363262,149.1652814,0.007,-0.01,0.01,0.0,0.02446872927248478,0.024471072480082512,0,0.0034959493204951286,0.0033429772593080997,0.010796415619552135,12.6,0.0,100,GUIDED,False,STANDBY,10,6
2025-08-11T17:22:15.691711,-35.363262,149.1652814,0.007,-0.01,0.01,0.0,0.02446872927248478,0.024471072480082512,0,0.0034959493204951286,0.0033429772593080997,0.010796415619552135,12.6,0.0,100,GUIDED,False,STANDBY,10,6
2025-08-11T17:22:16.193020,-35.363262,149.1652814,0.007,-0.01,0.01,0.0,0.024249643087387085,0.024252040311694145,0,0.0034851718228310347,0.0033372840844094753,0.01082097552716732,12.6,0.0,100,GUIDED,False,STANDBY,10,6
2025-08-11T17:22:16.695222,-35.363262,149.1652814,0.007,-0.01,0.01,0.0,0.024249643087387085,0.024252040311694145,0,0.0034851718228310347,0.0033372840844094753,0.01082097552716732,12.6,0.0,100,GUIDED,False,STANDBY,10,6
2025-08-11T17:22:17.196998,-35.363262,149.1652814,0.007,-0.01,0.01,0.0,0.0241790022701025,0.024181000888347626,0,0.0034786155447363853,0.0033338984940201044,0.010858737863600254,12.6,0.0,100,GUIDED,False,STANDBY,10,6
2025-08-11T17:22:17.701342,-35.363262,149.1652814,0.007,-0.01,0.01,0.0,0.0241790022701025,0.024181000888347626,0,0.0034786155447363853,0.0033338984940201044,0.010858737863600254,12.6,0.0,100,GUIDED,False,STANDBY,10,6
2025-08-11T17:22:18.202541,-35.363262,149.1652814,0.007,-0.01,0.01,0.0,0.024250363931059837,0.02425181306898594,0,0.0034830039367079735,0.0033314356114715338,0.010883568786084652,12.6,0.0,100,GUIDED,False,STANDBY,10,6
2025-08-11T17:22:18.703422,-35.363262,149.1652814,0.007,-0.01,0.01,0.0,0.024250363931059837,0.02425181306898594,0,0.0034830039367079735,0.0033314356114715338,0.010883568786084652,12.6,0.0,100,GUIDED,False,STANDBY,10,6
2025-08-11T17:22:19.204616,-35.363262,149.1652814,0.007,-0.01,0.01,0.0,0.024250363931059837,0.02425181306898594,0,0.0034830039367079735,0.0033314356114715338,0.010883568786084652,12.6,0.0,100,GUIDED,False,STANDBY,10,6
2025-08-11T17:22:19.705185,-35.363262,149.1652814,0.007,-0.01,0.01,0.0,0.024247031658887863,0.024248719215393066,0,0.0034902342595160007,0.003332110121846199,0.010921526700258255,12.6,0.0,100,GUIDED,False,STANDBY,10,6
2025-08-11T17:22:20.205967,-35.363262,149.1652814,0.007,-0.01,0.01,0.0,0.024247031658887863,0.024248719215393066,0,0.0034902342595160007,0.003332110121846199,0.010921526700258255,12.6,0.0,100,GUIDED,False,STANDBY,10,6
2025-08-11T17:22:20.706865,-35.363262,149.1652814,0.007,-0.01,0.01,0.0,0.02408847026526928,0.024089932441711426,0,0.003489220282062888,0.003323937300592661,0.010942171327769756,12.6,0.0,100,GUIDED,False,STANDBY,10,6
2025-08-11T17:22:21.209277,-35.363262,149.1652814,0.007,-0.01,0.01,0.0,0.02408847026526928,0.024089932441711426,0,0.003489220282062888,0.003323937300592661,0.010942171327769756,12.6,0.0,100,GUIDED,False,STANDBY,10,6
2025-08-11T17:22:21.710290,-35.363262,149.1652814,0.007,-0.01,0.01,0.0,0.024071190506219864,0.024072235450148582,0,0.0034887376241385937,0.0033225526567548513,0.010985240340232849,12.6,0.0,100,GUIDED,False,STANDBY,10,6
2025-08-11T17:22:22.211295,-35.363262,149.1652814,0.007,-0.01,0.01,0.0,0.024071190506219864,0.024072235450148582,0,0.0034887376241385937,0.0033225526567548513,0.010985240340232849,12.6,0.0,100,GUIDED,False,STANDBY,10,6
2025-08-11T17:22:22.711949,-35.363262,149.1652814,0.007,-0.01,0.01,0.0,0.024258235469460487,0.024258585646748543,0,0.003492993302643299,0.0033195638097822666,0.011005119420588017,12.6,0.0,100,GUIDED,False,STANDBY,10,6
2025-08-11T17:22:23.212990,-35.363262,149.1652814,0.007,-0.01,0.01,0.0,0.024258235469460487,0.024258585646748543,0,0.003492993302643299,0.0033195638097822666,0.011005119420588017,12.6,0.0,100,GUIDED,False,STANDBY,10,6
2025-08-11T17:22:23.713876,-35.363262,149.1652814,0.007,-0.01,0.01,0.0,0.024401746690273285,0.024402612820267677,0,0.003494765842333436,0.003324211807921529,0.011038178578019142,12.6,0.0,100,GUIDED,False,STANDBY,10,6
2025-08-11T17:22:24.214945,-35.363262,149.1652814,0.007,-0.01,0.01,0.0,0.024401746690273285,0.024402612820267677,0,0.003494765842333436,0.003324211807921529,0.011038178578019142,12.6,0.0,100,GUIDED,False,STANDBY,10,6
2025-08-11T17:22:24.716617,-35.363262,149.1652814,0.007,-0.01,0.01,0.0,0.02417837642133236,0.024178877472877502,0,0.0034855373669415712,0.003317066468298435,0.011057252064347267,12.6,0.0,100,GUIDED,False,STANDBY,10,6
2025-08-11T17:22:25.218307,-35.363262,149.1652814,0.007,-0.01,0.01,0.0,0.02417837642133236,0.024178877472877502,0,0.0034855373669415712,0.003317066468298435,0.011057252064347267,12.6,0.0,100,GUIDED,False,STANDBY,10,6
2025-08-11T17:22:25.719324,-35.363262,149.1652814,0.007,-0.01,0.01,0.0,0.02411593869328499,0.024116335436701775,0,0.0034778022672981024,0.0033191575203090906,0.011092005297541618,12.6,0.0,100,GUIDED,False,STANDBY,10,6
2025-08-11T17:22:26.220420,-35.363262,149.1652814,0.007,-0.01,0.01,0.0,0.02411593869328499,0.024116335436701775,0,0.0034778022672981024,0.0033191575203090906,0.011092005297541618,12.6,0.0,100,GUIDED,False,STANDBY,10,6
2025-08-11T17:22:26.721793,-35.363262,149.1652814,0.007,-0.01,0.01,0.0,0.02411593869328499,0.024116335436701775,0,0.0034778022672981024,0.0033191575203090906,0.011092005297541618,12.6,0.0,100,GUIDED,False,STANDBY,10,6
2025-08-11T17:22:27.223627,-35.363262,149.1652814,0.007,-0.01,0.01,0.0,0.02422352507710457,0.024223610758781433,0,0.003479831852018833,0.0033222271595150232,0.011109897866845131,12.6,0.0,100,GUIDED,False,STANDBY,10,6
2025-08-11T17:22:27.725692,-35.363262,149.1652814,0.007,-0.01,0.01,0.0,0.02422352507710457,0.024223610758781433,0,0.003479831852018833,0.0033222271595150232,0.011109897866845131,12.6,0.0,100,GUIDED,False,STANDBY,10,6
2025-08-11T17:22:28.227007,-35.363262,149.1652814,0.007,-0.01,0.01,0.0,0.02431868389248848,0.02431919425725937,0,0.0034869143273681402,0.0033290095161646605,0.01113744918256998,12.6,0.0,100,GUIDED,False,STANDBY,10,6
2025-08-11T17:22:28.728006,-35.363262,149.1652814,0.007,-0.01,0.01,0.0,0.02431868389248848,0.02431919425725937,0,0.0034869143273681402,0.0033290095161646605,0.01113744918256998,12.6,0.0,100,GUIDED,False,STANDBY,10,6
2025-08-11T17:22:29.229005,-35.363262,149.1652814,0.007,-0.01,0.01,0.0,0.02411271072924137,0.024114063009619713,0,0.0034828875213861465,0.003323156386613846,0.011147191748023033,12.6,0.0,100,GUIDED,False,STANDBY,10,6
2025-08-11T17:22:29.730202,-35.363262,149.1652814,0.007,-0.01,0.01,0.0,0.02411271072924137,0.024114063009619713,0,0.0034828875213861465,0.003323156386613846,0.011147191748023033,12.6,0.0,100,GUIDED,False,STANDBY,10,6
2025-08-11T17:22:30.230975,-35.363262,149.1652814,0.007,-0.01,0.01,0.0,0.02411271072924137,0.024114063009619713,0,0.0034828875213861465,0.003323156386613846,0.011147191748023033,12.6,0.0,100,GUIDED,False,STANDBY,10,6
2025-08-11T17:22:30.732415,-35.363262,149.1652814,0.007,-0.01,0.01,0.0,0.024072526022791862,0.024073714390397072,0,0.003483998356387019,0.0033269699197262526,0.011177492327988148,12.6,0.0,100,GUIDED,False,STANDBY,10,6
2025-08-11T17:22:31.233810,-35.363262,149.1652814,0.007,-0.01,0.01,0.0,0.024072526022791862,0.024073714390397072,0,0.003483998356387019,0.0033269699197262526,0.011177492327988148,12.6,0.0,100,GUIDED,False,STANDBY,10,6
2025-08-11T17:22:31.734603,-35.363262,149.1652814,0.007,-0.01,0.01,0.0,0.02417703904211521,0.02417837455868721,0,0.003482780186459422,0.0033281762152910233,0.011188634671270847,12.6,0.0,100,GUIDED,False,STANDBY,10,6
2025-08-11T17:22:32.236246,-35.363262,149.1652814,0.007,-0.01,0.01,0.0,0.024289598688483238,0.02429047040641308,0,0.003493392141535878,0.0033346214331686497,0.011217213235795498,12.6,0.0,100,GUIDED,False,STANDBY,10,6
2025-08-11T17:22:32.737824,-35.363262,149.1652814,0.007,-0.01,0.01,0.0,0.024289598688483238,0.02429047040641308,0,0.003493392141535878,0.0033346214331686497,0.011217213235795498,12.6,0.0,100,GUIDED,False,STANDBY,10,6
2025-08-11T17:22:33.239503,-35.363262,149.1652814,0.007,-0.01,0.01,0.0,0.02414894476532936,0.02415016107261181,0,0.0034846251364797354,0.003334157168865204,0.011226584203541279,12.6,0.0,100,GUIDED,False,STANDBY,10,6
2025-08-11T17:22:33.743632,-35.363262,149.1652814,0.007,-0.01,0.01,0.0,0.02414894476532936,0.02415016107261181,0,0.0034846251364797354,0.003334157168865204,0.011226584203541279,12.6,0.0,100,GUIDED,False,STANDBY,10,6
2025-08-11T17:22:34.244688,-35.363262,149.1652814,0.007,-0.01,0.01,0.0,0.02414894476532936,0.02415016107261181,0,0.0034846251364797354,0.003334157168865204,0.011226584203541279,12.6,0.0,100,GUIDED,False,STANDBY,10,6
2025-08-11T17:22:34.745929,-35.363262,149.1652814,0.007,-0.01,0.01,0.0,0.024068111553788185,0.02407038025557995,0,0.003475294914096594,0.003332266816869378,0.011250019073486328,12.6,0.0,100,GUIDED,False,STANDBY,10,6
2025-08-11T17:22:35.246875,-35.363262,149.1652814,0.007,-0.01,0.01,0.0,0.024068111553788185,0.02407038025557995,0,0.003475294914096594,0.003332266816869378,0.011250019073486328,12.6,0.0,100,GUIDED,False,STANDBY,10,6
2025-08-11T17:22:35.748356,-35.363262,149.1652814,0.007,-0.01,0.01,0.0,0.024150585755705833,0.024151993915438652,0,0.003469624789431691,0.003333308733999729,0.01125897653400898,12.6,0.0,100,GUIDED,False,STANDBY,10,6
2025-08-11T17:22:36.250273,-35.363262,149.1652814,0.007,-0.01,0.01,0.0,0.024150585755705833,0.024151993915438652,0,0.003469624789431691,0.003333308733999729,0.01125897653400898,12.6,0.0,100,GUIDED,False,STANDBY,10,6
2025-08-11T17:22:36.753325,-35.363262,149.1652814,0.007,-0.01,0.01,0.0,0.024243051186203957,0.024244343861937523,0,0.0034757223911583424,0.003335529239848256,0.01128164492547512,12.6,0.0,100,GUIDED,False,STANDBY,10,6
2025-08-11T17:22:37.254679,-35.363262,149.1652814,0.007,-0.01,0.01,0.0,0.024243051186203957,0.024244343861937523,0,0.0034757223911583424,0.003335529239848256,0.01128164492547512,12.6,0.0,100,GUIDED,False,STANDBY,10,6
2025-08-11T17:22:37.758459,-35.363262,149.1652814,0.007,-0.01,0.01,0.0,0.024086318910121918,0.024088434875011444,0,0.0034764879383146763,0.0033319040667265654,0.011294844560325146,12.6,0.0,100,GUIDED,False,STANDBY,10,6
2025-08-11T17:22:38.259710,-35.363262,149.1652814,0.007,-0.01,0.01,0.0,0.024086318910121918,0.024088434875011444,0,0.0034764879383146763,0.0033319040667265654,0.011294844560325146,12.6,0.0,100,GUIDED,False,STANDBY,10,6
2025-08-11T17:22:38.760952,-35.363262,149.1652814,0.007,-0.01,0.01,0.0,0.0240465197712183,0.02404896169900894,0,0.003475661389529705,0.003328632330521941,0.011315776966512203,12.6,0.0,100,GUIDED,False,STANDBY,10,6
2025-08-11T17:22:39.261971,-35.363262,149.1652814,0.007,-0.01,0.01,0.0,0.0240465197712183,0.02404896169900894,0,0.003475661389529705,0.003328632330521941,0.011315776966512203,12.6,0.0,100,GUIDED,False,STANDBY,10,6
2025-08-11T17:22:39.763708,-35.363262,149.1652814,0.007,-0.01,0.01,0.0,0.0240465197712183,0.02404896169900894,0,0.003475661389529705,0.003328632330521941,0.011315776966512203,12.6,0.0,100,GUIDED,False,STANDBY,10,6
2025-08-11T17:22:40.265380,-35.363262,149.1652814,0.007,-0.01,0.01,0.0,0.024099359288811684,0.02410164661705494,0,0.0034736949019134045,0.0033261480275541544,0.011321265250444412,12.6,0.0,100,GUIDED,False,STANDBY,10,6
2025-08-11T17:22:40.766779,-35.363262,149.1652814,0.007,-0.01,0.01,0.0,0.024099359288811684,0.02410164661705494,0,0.0034736949019134045,0.0033261480275541544,0.011321265250444412,12.6,0.0,100,GUIDED,False,STANDBY,10,6
2025-08-11T17:22:41.267987,-35.363262,149.1652814,0.007,-0.01,0.01,0.0,0.024195827543735504,0.024199185892939568,0,0.0034756334498524666,0.0033270763233304024,0.011336581781506538,12.6,0.0,100,GUIDED,False,STANDBY,10,6
2025-08-11T17:22:41.769016,-35.363262,149.1652814,0.007,-0.01,0.01,0.0,0.024195827543735504,0.024199185892939568,0,0.0034756334498524666,0.0033270763233304024,0.011336581781506538,12.6,0.0,100,GUIDED,False,STANDBY,10,6
2025-08-11T17:22:42.269974,-35.363262,149.1652814,0.007,-0.01,0.01,0.0,0.024195827543735504,0.024199185892939568,0,0.0034756334498524666,0.0033270763233304024,0.011336581781506538,12.6,0.0,100,GUIDED,False,STANDBY,10,6
2025-08-11T17:22:42.771029,-35.363262,149.1652814,0.007,-0.01,0.01,0.0,0.023936890065670013,0.023940199986100197,0,0.0034640536177903414,0.0033232271671295166,0.011344595812261105,12.6,0.0,100,GUIDED,False,STANDBY,10,6
2025-08-11T17:22:43.271991,-35.363262,149.1652814,0.007,-0.01,0.01,0.0,0.023936890065670013,0.023940199986100197,0,0.0034640536177903414,0.0033232271671295166,0.011344595812261105,12.6,0.0,100,GUIDED,False,STANDBY,10,6
2025-08-11T17:22:43.774184,-35.363262,149.1652814,0.007,-0.01,0.01,0.0,0.023871347308158875,0.02387479692697525,0,0.0034584831446409225,0.0033236441668123007,0.011364846490323544,12.6,0.0,100,GUIDED,False,STANDBY,10,6
2025-08-11T17:22:44.275813,-35.363262,149.1652814,0.007,-0.01,0.01,0.0,0.023871347308158875,0.02387479692697525,0,0.0034584831446409225,0.0033236441668123007,0.011364846490323544,12.6,0.0,100,GUIDED,False,STANDBY,10,6
2025-08-11T17:22:44.777100,-35.363262,149.1652814,0.007,-0.01,0.01,0.0,0.023871904239058495,0.023874497041106224,0,0.0034591141156852245,0.0033200059551745653,0.011366186663508415,12.6,0.0,100,GUIDED,False,STANDBY,10,6
2025-08-11T17:22:45.279431,-35.363262,149.1652814,0.007,-0.01,0.01,0.0,0.023871904239058495,0.023874497041106224,0,0.0034591141156852245,0.0033200059551745653,0.011366186663508415,12.6,0.0,100,GUIDED,False,STANDBY,10,6
2025-08-11T17:22:45.780528,-35.363262,149.1652814,0.007,-0.01,0.01,0.0,0.02386597730219364,0.023869020864367485,0,0.0034614563919603825,0.0033213398419320583,0.01138260681182146,12.6,0.0,100,GUIDED,False,STANDBY,10,6
2025-08-11T17:22:46.282028,-35.363262,149.1652814,0.007,-0.01,0.01,0.0,0.02386597730219364,0.023869020864367485,0,0.0034614563919603825,0.0033213398419320583,0.01138260681182146,12.6,0.0,100,GUIDED,False,STANDBY,10,6
2025-08-11T17:22:46.783203,-35.363262,149.1652814,0.007,-0.01,0.01,0.0,0.02386597730219364,0.023869020864367485,0,0.0034614563919603825,0.0033213398419320583,0.01138260681182146,12.6,0.0,100,GUIDED,False,STANDBY,10,6
2025-08-11T17:22:47.285240,-35.363262,149.1652814,0.007,-0.01,0.01,0.0,0.023579178377985954,0.023581838235259056,0,0.0034539510961622,0.0033152196556329727,0.011386978439986706,12.6,0.0,100,GUIDED,False,STANDBY,10,6
2025-08-11T17:22:47.786067,-35.363262,149.1652814,0.007,-0.01,0.01,0.0,0.023579178377985954,0.023581838235259056,0,0.0034539510961622,0.0033152196556329727,0.011386978439986706,12.6,0.0,100,GUIDED,False,STANDBY,10,6
2025-08-11T17:22:48.287683,-35.363262,149.1652814,0.007,-0.01,0.01,0.0,0.023407062515616417,0.02341044880449772,0,0.0034544372465461493,0.0033053397201001644,0.011404714547097683,12.6,0.0,100,GUIDED,False,STANDBY,10,6
2025-08-11T17:22:48.789121,-35.363262,149.1652814,0.007,-0.01,0.01,0.0,0.023407062515616417,0.02341044880449772,0,0.0034544372465461493,0.0033053397201001644,0.011404714547097683,12.6,0.0,100,GUIDED,False,STANDBY,10,6
2025-08-11T17:22:49.290262,-35.363262,149.1652814,0.007,-0.01,0.01,0.0,0.023507805541157722,0.02351187728345394,0,0.0034528460819274187,0.0033106219489127398,0.011402403935790062,12.6,0.0,100,GUIDED,False,STANDBY,10,6
2025-08-11T17:22:49.793081,-35.363262,149.1652814,0.007,-0.01,0.01,0.0,0.023507805541157722,0.02351187728345394,0,0.0034528460819274187,0.0033106219489127398,0.011402403935790062,12.6,0.0,100,GUIDED,False,STANDBY,10,6
2025-08-11T17:22:50.296194,-35.363262,149.1652814,0.007,-0.01,0.01,0.0,0.023540612310171127,0.023543773218989372,0,0.003455737140029669,0.003320599440485239,0.011415211483836174,12.6,0.0,100,GUIDED,False,STANDBY,10,6
2025-08-11T17:22:50.798686,-35.363262,149.1652814,0.007,-0.01,0.01,0.0,0.023540612310171127,0.023543773218989372,0,0.003455737140029669,0.003320599440485239,0.011415211483836174,12.6,0.0,100,GUIDED,False,STANDBY,10,6
2025-08-11T17:22:51.299707,-35.363262,149.1652814,0.007,-0.01,0.01,0.0,0.023540612310171127,0.023543773218989372,0,0.003455737140029669,0.003320599440485239,0.011415211483836174,12.6,0.0,100,GUIDED,False,STANDBY,10,6
2025-08-11T17:22:51.802976,-35.363262,149.1652814,0.007,-0.01,0.01,0.0,0.023323386907577515,0.023326370865106583,0,0.0034547869581729174,0.0033202979248017073,0.011415726505219936,12.6,0.0,100,GUIDED,False,STANDBY,10,6
2025-08-11T17:22:52.303799,-35.363262,149.1652814,0.007,-0.01,0.01,0.0,0.02331175096333027,0.023313915356993675,0,0.0034549622796475887,0.003323074895888567,0.011425898410379887,12.6,0.0,100,GUIDED,False,STANDBY,10,6
2025-08-11T17:22:52.804737,-35.363262,149.1652814,0.007,-0.01,0.01,0.0,0.023495599627494812,0.023497406393289566,0,0.003460387699306011,0.003328922437503934,0.011423611082136631,12.6,0.0,100,GUIDED,False,STANDBY,10,6
2025-08-11T17:22:53.305612,-35.363262,149.1652814,0.007,-0.01,0.01,0.0,0.023495599627494812,0.023497406393289566,0,0.003460387699306011,0.003328922437503934,0.011423611082136631,12.6,0.0,100,GUIDED,False,STANDBY,10,6
2025-08-11T17:22:53.808472,-35.363262,149.1652814,0.007,-0.01,0.01,0.0,0.023616556078195572,0.023618457838892937,0,0.003462456166744232,0.003333327593281865,0.011425892822444439,12.6,0.0,100,GUIDED,False,STANDBY,10,6
2025-08-11T17:22:54.309101,-35.363262,149.1652814,0.007,-0.01,0.01,0.0,0.023487184196710587,0.02348948083817959,0,0.0034606854896992445,0.0033233172725886106,0.011417928151786327,12.6,0.0,100,GUIDED,False,STANDBY,10,6
2025-08-11T17:22:54.809969,-35.363262,149.1652814,0.007,-0.01,0.01,0.0,0.023458603769540787,0.023461241275072098,0,0.003462639171630144,0.0033192550763487816,0.01142938807606697,12.6,0.0,100,GUIDED,False,STANDBY,10,6
2025-08-11T17:22:55.311246,-35.363262,149.1652814,0.007,-0.01,0.01,0.0,0.023458603769540787,0.023461241275072098,0,0.003462639171630144,0.0033192550763487816,0.01142938807606697,12.6,0.0,100,GUIDED,False,STANDBY,10,6
2025-08-11T17:22:55.812959,-35.363262,149.1652814,0.007,-0.01,0.01,0.0,0.023522106930613518,0.02352437749505043,0,0.003466032911092043,0.0033151444513350725,0.011421202681958675,12.6,0.0,100,GUIDED,False,STANDBY,10,6
2025-08-11T17:22:56.314119,-35.363262,149.1652814,0.007,-0.01,0.01,0.0,0.02356763370335102,0.023569602519273758,0,0.0034737070091068745,0.003325567813590169,0.011426064185798168,12.6,0.0,100,GUIDED,False,STANDBY,10,6
2025-08-11T17:22:56.814954,-35.363262,149.1652814,0.007,-0.01,0.01,0.0,0.023395944386720657,0.02339746057987213,0,0.003472935175523162,0.0033170764800161123,0.011414906941354275,12.6,0.0,100,GUIDED,False,STANDBY,10,6
2025-08-11T17:22:57.315870,-35.363262,149.1652814,0.007,-0.01,0.01,0.0,0.023395944386720657,0.02339746057987213,0,0.003472935175523162,0.0033170764800161123,0.011414906941354275,12.6,0.0,100,GUIDED,False,STANDBY,10,6
2025-08-11T17:22:57.817278,-35.363262,149.1652814,0.007,-0.01,0.01,0.0,0.023401636630296707,0.023402899503707886,0,0.003473961725831032,0.0033173696137964725,0.011422181501984596,12.6,0.0,100,GUIDED,False,STANDBY,10,6
2025-08-11T17:22:58.318229,-35.363262,149.1652814,0.007,-0.01,0.01,0.0,0.023516090586781502,0.023517370223999023,0,0.0034756797831505537,0.003318795235827565,0.011410408653318882,12.6,0.0,100,GUIDED,False,STANDBY,10,6
2025-08-11T17:22:58.819001,-35.363262,149.1652814,0.007,-0.01,0.01,0.0,0.023516090586781502,0.023517370223999023,0,0.0034756797831505537,0.003318795235827565,0.011410408653318882,12.6,0.0,100,GUIDED,False,STANDBY,10,6
2025-08-11T17:22:59.319945,-35.363262,149.1652814,0.007,-0.01,0.01,0.0,0.023715779185295105,0.023717230185866356,0,0.0034806758631020784,0.003320165444165468,0.011410672217607498,12.6,0.0,100,GUIDED,False,STANDBY,10,6
2025-08-11T17:22:59.820785,-35.363262,149.1652814,0.007,-0.01,0.01,0.0,0.02368113398551941,0.023682396858930588,0,0.00347013957798481,0.0033138636499643326,0.011403962969779968,12.6,0.0,100,GUIDED,False,STANDBY,10,6
2025-08-11T17:23:00.321819,-35.363262,149.1652814,0.007,-0.01,0.01,0.0,0.02368113398551941,0.023682396858930588,0,0.00347013957798481,0.0033138636499643326,0.011403962969779968,12.6,0.0,100,GUIDED,False,STANDBY,10,6
2025-08-11T17:23:00.822585,-35.363262,149.1652814,0.007,-0.01,0.01,0.0,0.023666303604841232,0.023666806519031525,0,0.0034683840349316597,0.003314889734610915,0.01140496227890253,12.6,0.0,100,GUIDED,False,STANDBY,10,6
2025-08-11T17:23:01.323446,-35.363262,149.1652814,0.007,-0.01,0.01,0.0,0.02384551800787449,0.023845937103033066,0,0.003472674172371626,0.0033139269798994064,0.011390074156224728,12.6,0.0,100,GUIDED,False,STANDBY,10,6
2025-08-11T17:23:01.823953,-35.363262,149.1652814,0.007,-0.01,0.01,0.0,0.024077612906694412,0.02407778427004814,0,0.0034803850576281548,0.003312179818749428,0.011382173746824265,12.6,0.0,100,GUIDED,False,STANDBY,10,6
2025-08-11T17:23:02.324612,-35.363262,149.1652814,0.007,-0.01,0.01,0.0,0.024077612906694412,0.02407778427004814,0,0.0034735873341560364,0.0033020214177668095,0.011371541768312454,12.6,0.0,100,GUIDED,False,STANDBY,10,6
2025-08-11T17:23:02.825708,-35.363262,149.1652814,0.007,-0.01,0.01,0.0,0.023810304701328278,0.023810775950551033,0,0.0034735873341560364,0.0033020214177668095,0.011371541768312454,12.6,0.0,100,GUIDED,False,STANDBY,10,6
2025-08-11T17:23:03.328063,-35.363262,149.1652814,0.007,-0.01,0.01,0.0,0.02364281192421913,0.023643415421247482,0,0.0034710830077528954,0.003300243057310581,0.011366117745637894,12.6,0.0,100,GUIDED,False,STANDBY,10,6
2025-08-11T17:23:03.828931,-35.363262,149.1652814,0.007,-0.01,0.01,0.0,0.02365732751786709,0.0236577820032835,0,0.0034700450487434864,0.0033026556484401226,0.011350606568157673,12.6,0.0,100,GUIDED,False,STANDBY,10,6
2025-08-11T17:23:04.329763,-35.363262,149.1652814,0.007,-0.01,0.01,0.0,0.02365732751786709,0.0236577820032835,0,0.0034700450487434864,0.0033026556484401226,0.011350606568157673,12.6,0.0,100,GUIDED,False,STANDBY,10,6
2025-08-11T17:23:04.830582,-35.363262,149.1652814,0.007,-0.01,0.01,0.0,0.023920996114611626,0.023921504616737366,0,0.0034713002387434244,0.0033104796893894672,0.01134948618710041,12.6,0.0,100,GUIDED,False,STANDBY,10,6
2025-08-11T17:23:05.331960,-35.363262,149.1652814,0.007,-0.01,0.01,0.0,0.02366054430603981,0.02366119995713234,0,0.0034721246920526028,0.003304343204945326,0.011338086798787117,12.6,0.0,100,GUIDED,False,STANDBY,10,6
2025-08-11T17:23:05.833997,-35.363262,149.1652814,0.007,-0.01,0.01,0.0,0.02366054430603981,0.02366119995713234,0,0.0034721246920526028,0.003304343204945326,0.011338086798787117,12.6,0.0,100,GUIDED,False,STANDBY,10,6
2025-08-11T17:23:06.335156,-35.363262,149.1652814,0.007,-0.01,0.01,0.0,0.02361629717051983,0.023617329075932503,0,0.003472758224233985,0.003300937358289957,0.011329878121614456,12.6,0.0,100,GUIDED,False,STANDBY,10,6
2025-08-11T17:23:06.835976,-35.363262,149.1652814,0.007,-0.01,0.01,0.0,0.02361629717051983,0.023617329075932503,0,0.003472758224233985,0.003300937358289957,0.011329878121614456,12.6,0.0,100,GUIDED,False,STANDBY,10,6
2025-08-11T17:23:07.339664,-35.363262,149.1652814,0.007,-0.01,0.01,0.0,0.02367464266717434,0.023675955832004547,0,0.0034774804953485727,0.0033049832563847303,0.011313139460980892,12.6,0.0,100,GUIDED,False,STANDBY,10,6
2025-08-11T17:23:07.840150,-35.363262,149.1652814,0.007,-0.01,0.01,0.0,0.02386438474059105,0.023865701630711555,0,0.003477382007986307,0.0033134687691926956,0.011309226043522358,12.6,0.0,100,GUIDED,False,STANDBY,10,6
2025-08-11T17:23:08.340949,-35.363262,149.1652814,0.007,-0.01,0.01,0.0,0.02386438474059105,0.023865701630711555,0,0.003477382007986307,0.0033134687691926956,0.011309226043522358,12.6,0.0,100,GUIDED,False,STANDBY,10,6
2025-08-11T17:23:08.841678,-35.363262,149.1652814,0.007,-0.01,0.01,0.0,0.023655768483877182,0.02365664765238762,0,0.0034704762510955334,0.0033093022648245096,0.01129918172955513,12.6,0.0,100,GUIDED,False,STANDBY,10,6
2025-08-11T17:23:09.343896,-35.363262,149.1652814,0.007,-0.01,0.01,0.0,0.023655768483877182,0.02365664765238762,0,0.0034704762510955334,0.0033093022648245096,0.01129918172955513,12.6,0.0,100,GUIDED,False,STANDBY,10,6
2025-08-11T17:23:09.844968,-35.363262,149.1652814,0.007,-0.01,0.01,0.0,0.023660393431782722,0.02366173453629017,0,0.003468587063252926,0.003307382110506296,0.011290100403130054,12.6,0.0,100,GUIDED,False,STANDBY,10,6
2025-08-11T17:23:10.345956,-35.363262,149.1652814,0.007,-0.01,0.01,0.0,0.023763515055179596,0.023763924837112427,0,0.0034706939477473497,0.0033124559558928013,0.011273081414401531,12.6,0.0,100,GUIDED,False,STANDBY,10,6
2025-08-11T17:23:10.846823,-35.363262,149.1652814,0.007,-0.01,0.01,0.0,0.023763515055179596,0.023763924837112427,0,0.0034706939477473497,0.0033124559558928013,0.011273081414401531,12.6,0.0,100,GUIDED,False,STANDBY,10,6
2025-08-11T17:23:11.347792,-35.363262,149.1652814,0.007,-0.01,0.01,0.0,0.02405119314789772,0.024051345884799957,0,0.003477083519101143,0.0033143293112516403,0.011264396831393242,12.6,0.0,100,GUIDED,False,STANDBY,10,6
2025-08-11T17:23:11.848874,-35.363262,149.1652814,0.007,-0.01,0.01,0.0,0.02382132038474083,0.023821480572223663,0,0.0034708427265286446,0.003311153966933489,0.011241873726248741,12.6,0.0,100,GUIDED,False,STANDBY,10,6
2025-08-11T17:23:12.349936,-35.363262,149.1652814,0.007,-0.01,0.01,0.0,0.02375546284019947,0.023755475878715515,0,0.0034701188560575247,0.0033109253272414207,0.011230486445128918,12.6,0.0,100,GUIDED,False,STANDBY,10,6
2025-08-11T17:23:12.850989,-35.363262,149.1652814,0.007,-0.01,0.01,0.0,0.02375546284019947,0.023755475878715515,0,0.0034701188560575247,0.0033109253272414207,0.011230486445128918,12.6,0.0,100,GUIDED,False,STANDBY,10,6
2025-08-11T17:23:13.351926,-35.363262,149.1652814,0.007,-0.01,0.01,0.0,0.02374923974275589,0.023749275133013725,0,0.0034667339641600847,0.0033154524862766266,0.011214061640202999,12.6,0.0,100,GUIDED,False,STANDBY,10,6
2025-08-11T17:23:13.852803,-35.363262,149.1652814,0.007,-0.01,0.01,0.0,0.02397291362285614,0.023972943425178528,0,0.0034734734799712896,0.0033205002546310425,0.011201051995158195,12.6,0.0,100,GUIDED,False,STANDBY,10,6
2025-08-11T17:23:14.353757,-35.363262,149.1652814,0.007,-0.01,0.01,0.0,0.02397291362285614,0.023972943425178528,0,0.0034734734799712896,0.0033205002546310425,0.011201051995158195,12.6,0.0,100,GUIDED,False,STANDBY,10,6
2025-08-11T17:23:14.854816,-35.363262,149.1652814,0.007,-0.01,0.01,0.0,0.02371562458574772,0.023715661838650703,0,0.0034746364690363407,0.003317579859867692,0.01118085253983736,12.6,0.0,100,GUIDED,False,STANDBY,10,6
2025-08-11T17:23:15.355486,-35.363262,149.1652814,0.007,-0.01,0.01,0.0,0.023653626441955566,0.023653652518987656,0,0.003474343568086624,0.0033152620308101177,0.01117499265819788,12.6,0.0,100,GUIDED,False,STANDBY,10,6
2025-08-11T17:23:15.856404,-35.363262,149.1652814,0.007,-0.01,0.01,0.0,0.023806504905223846,0.02380651980638504,0,0.003475630423054099,0.003317776834592223,0.011154691688716412,12.6,0.0,100,GUIDED,False,STANDBY,10,6
2025-08-11T17:23:16.357669,-35.363262,149.1652814,0.007,-0.01,0.01,0.0,0.023806504905223846,0.02380651980638504,0,0.003475630423054099,0.003317776834592223,0.011154691688716412,12.6,0.0,100,GUIDED,False,STANDBY,10,6
2025-08-11T17:23:16.859030,-35.363262,149.1652814,0.007,-0.01,0.01,0.0,0.024028083309531212,0.02402818202972412,0,0.0034781477879732847,0.003326448379084468,0.011140961199998856,12.6,0.0,100,GUIDED,False,STANDBY,10,6
2025-08-11T17:23:17.360059,-35.363262,149.1652814,0.007,-0.01,0.01,0.0,0.024028083309531212,0.02402818202972412,0,0.0034781477879732847,0.003326448379084468,0.011140961199998856,12.6,0.0,100,GUIDED,False,STANDBY,10,6
2025-08-11T17:23:17.860955,-35.363262,149.1652814,0.007,-0.01,0.01,0.0,0.02390330284833908,0.023903459310531616,0,0.003471756586804986,0.0033359003718942404,0.011123520322144032,12.6,0.0,100,GUIDED,False,STANDBY,10,6
2025-08-11T17:23:18.361575,-35.363262,149.1652814,0.007,-0.01,0.01,0.0,0.023960689082741737,0.02396083064377308,0,0.003473383141681552,0.0033370195887982845,0.011108390986919403,12.6,0.0,100,GUIDED,False,STANDBY,10,6
2025-08-11T17:23:18.862617,-35.363262,149.1652814,0.007,-0.01,0.01,0.0,0.023960689082741737,0.02396083064377308,0,0.003473383141681552,0.0033370195887982845,0.011108390986919403,12.6,0.0,100,GUIDED,False,STANDBY,10,6
2025-08-11T17:23:19.363808,-35.363262,149.1652814,0.007,-0.01,0.01,0.0,0.024064553901553154,0.02406475879251957,0,0.0034729228354990482,0.0033405853901058435,0.011084399186074734,12.6,0.0,100,GUIDED,False,STANDBY,10,6
2025-08-11T17:23:19.864636,-35.363262,149.1652814,0.007,-0.01,0.01,0.0,0.02437432110309601,0.024375129491090775,0,0.003478787373751402,0.0033459241967648268,0.01107452716678381,12.6,0.0,100,GUIDED,False,STANDBY,10,6
2025-08-11T17:23:20.365634,-35.363262,149.1652814,0.007,-0.01,0.01,0.0,0.02409330941736698,0.024094142019748688,0,0.0034761533606797457,0.003344639204442501,0.011054588481783867,12.6,0.0,100,GUIDED,False,STANDBY,10,6
2025-08-11T17:23:20.866792,-35.363262,149.1652814,0.008,-0.01,0.01,0.0,0.024067914113402367,0.02406870573759079,0,0.003479005303233862,0.0033305808901786804,0.011039691977202892,12.6,0.0,100,GUIDED,False,STANDBY,10,6
2025-08-11T17:23:21.367608,-35.363262,149.1652814,0.008,-0.01,0.01,0.0,0.024067914113402367,0.02406870573759079,0,0.003479005303233862,0.0033305808901786804,0.011039691977202892,12.6,0.0,100,GUIDED,False,STANDBY,10,6
2025-08-11T17:23:21.868736,-35.363262,149.1652814,0.008,-0.01,0.01,0.0,0.024081770330667496,0.024082789197564125,0,0.003482252359390259,0.0033327098935842514,0.011016962118446827,12.6,0.0,100,GUIDED,False,STANDBY,10,6
2025-08-11T17:23:22.369528,-35.363262,149.1652814,0.008,-0.01,0.01,0.0,0.02425946667790413,0.02426094003021717,0,0.0034857671707868576,0.0033366151619702578,0.011006216518580914,12.6,0.0,100,GUIDED,False,STANDBY,10,6
2025-08-11T17:23:22.869953,-35.363262,149.1652814,0.008,-0.01,0.01,0.0,0.02396133542060852,0.023962706327438354,0,0.003483339212834835,0.003330408362671733,0.010981020517647266,12.6,0.0,100,GUIDED,False,STANDBY,10,6
2025-08-11T17:23:23.370962,-35.363262,149.1652814,0.008,-0.01,0.01,0.0,0.02396133542060852,0.023962706327438354,0,0.003483339212834835,0.003330408362671733,0.010981020517647266,12.6,0.0,100,GUIDED,False,STANDBY,10,6
2025-08-11T17:23:23.871848,-35.363262,149.1652814,0.008,-0.01,0.01,0.0,0.023843098431825638,0.023844338953495026,0,0.0034783659502863884,0.0033280993811786175,0.01096248533576727,12.6,0.0,100,GUIDED,False,STANDBY,10,6
2025-08-11T17:23:24.372788,-35.363262,149.1652814,0.008,-0.01,0.01,0.0,0.02399183064699173,0.02399340458214283,0,0.003478826954960823,0.0033340700902044773,0.010936488397419453,12.6,0.0,100,GUIDED,False,STANDBY,10,6
2025-08-11T17:23:24.873891,-35.363262,149.1652814,0.008,-0.01,0.01,0.0,0.024200504645705223,0.024202046915888786,0,0.0034836772829294205,0.003343147225677967,0.010916182771325111,12.6,0.0,100,GUIDED,False,STANDBY,10,6
2025-08-11T17:23:25.377443,-35.363262,149.1652814,0.008,-0.01,0.01,0.0,0.024200504645705223,0.024202046915888786,0,0.0034836772829294205,0.003343147225677967,0.010916182771325111,12.6,0.0,100,GUIDED,False,STANDBY,10,6
2025-08-11T17:23:25.878695,-35.363262,149.1652814,0.008,-0.01,0.01,0.0,0.023959102109074593,0.023960184305906296,0,0.003479215083643794,0.0033395865466445684,0.010890407487750053,12.6,0.0,100,GUIDED,False,STANDBY,10,6
2025-08-11T17:23:26.380948,-35.363262,149.1652814,0.008,-0.01,0.01,0.0,0.023893792182207108,0.023894544690847397,0,0.003473315155133605,0.0033336749766021967,0.010868126526474953,12.6,0.0,100,GUIDED,False,STANDBY,10,6
2025-08-11T17:23:26.881846,-35.363262,149.1652814,0.008,-0.01,0.01,0.0,0.023893792182207108,0.023894544690847397,0,0.003473315155133605,0.0033336749766021967,0.010868126526474953,12.6,0.0,100,GUIDED,False,STANDBY,10,6
2025-08-11T17:23:27.382987,-35.363262,149.1652814,0.008,-0.01,0.01,0.0,0.023819642141461372,0.023820120841264725,0,0.0034666205756366253,0.003329020459204912,0.0108451833948493,12.6,0.0,100,GUIDED,False,STANDBY,10,6
2025-08-11T17:23:27.884755,-35.363262,149.1652814,0.008,-0.01,0.01,0.0,0.023831401020288467,0.023831499740481377,0,0.0034659570083022118,0.0033353168983012438,0.010828097350895405,12.6,0.0,100,GUIDED,False,STANDBY,10,6
2025-08-11T17:23:28.386030,-35.363262,149.1652814,0.008,-0.01,0.01,0.0,0.023613417521119118,0.023613711819052696,0,0.0034579490311443806,0.0033299517817795277,0.010794286616146564,12.6,0.0,100,GUIDED,False,STANDBY,10,6
2025-08-11T17:23:28.887085,-35.363262,149.1652814,0.008,-0.01,0.01,0.0,0.023613417521119118,0.023613711819052696,0,0.0034579490311443806,0.0033299517817795277,0.010794286616146564,12.6,0.0,100,GUIDED,False,STANDBY,10,6
2025-08-11T17:23:29.388131,-35.363262,149.1652814,0.008,-0.01,0.01,0.0,0.023590827360749245,0.023591335862874985,0,0.003447361756116152,0.003324836492538452,0.010774893686175346,12.6,0.0,100,GUIDED,False,STANDBY,10,6
2025-08-11T17:23:29.888985,-35.363262,149.1652814,0.008,-0.01,0.01,0.0,0.02367738075554371,0.023677630349993706,0,0.003448464209213853,0.0033246807288378477,0.010740397498011589,12.6,0.0,100,GUIDED,False,STANDBY,10,6
2025-08-11T17:23:30.390125,-35.363262,149.1652814,0.008,-0.01,0.01,0.0,0.023758960887789726,0.02375984750688076,0,0.00345476227812469,0.0033268174156546593,0.010721713304519653,12.6,0.0,100,GUIDED,False,STANDBY,10,6
2025-08-11T17:23:30.891152,-35.363262,149.1652814,0.008,-0.01,0.01,0.0,0.023758960887789726,0.02375984750688076,0,0.00345476227812469,0.0033268174156546593,0.010721713304519653,12.6,0.0,100,GUIDED,False,STANDBY,10,6
2025-08-11T17:23:31.392947,-35.363262,149.1652814,0.008,-0.01,0.01,0.0,0.023593183606863022,0.02359369583427906,0,0.0034472995903342962,0.003329249331727624,0.010690532624721527,12.6,0.0,100,GUIDED,False,STANDBY,10,6
2025-08-11T17:23:31.893652,-35.363262,149.1652814,0.008,-0.01,0.01,0.0,0.023605238646268845,0.02360576018691063,0,0.003455191385000944,0.003330145264044404,0.010678710415959358,12.6,0.0,100,GUIDED,False,STANDBY,10,6
2025-08-11T17:23:32.394586,-35.363262,149.1652814,0.008,-0.01,0.01,0.0,0.023605238646268845,0.02360576018691063,0,0.003455191385000944,0.003330145264044404,0.010678710415959358,12.6,0.0,100,GUIDED,False,STANDBY,10,6
2025-08-11T17:23:32.895621,-35.363262,149.1652814,0.008,-0.01,0.01,0.0,0.02376646362245083,0.02376662753522396,0,0.0034552719444036484,0.003325873287394643,0.010647542774677277,12.6,0.0,100,GUIDED,False,STANDBY,10,6
2025-08-11T17:23:33.396554,-35.363262,149.1652814,0.008,-0.01,0.01,0.0,0.023815246298909187,0.023815535008907318,0,0.003454810008406639,0.0033273210283368826,0.010631533339619637,12.6,0.0,100,GUIDED,False,STANDBY,10,6
2025-08-11T17:23:33.897811,-35.363262,149.1652814,0.008,-0.01,0.01,0.0,0.023815246298909187,0.023815535008907318,0,0.003454810008406639,0.0033273210283368826,0.010631533339619637,12.6,0.0,100,GUIDED,False,STANDBY,10,6
2025-08-11T17:23:34.398957,-35.363262,149.1652814,0.008,-0.01,0.01,0.0,0.02361229434609413,0.023612340912222862,0,0.0034529853146523237,0.0033256805036216974,0.01060381531715393,12.6,0.0,100,GUIDED,False,STANDBY,10,6
2025-08-11T17:23:34.899984,-35.363262,149.1652814,0.008,-0.01,0.01,0.0,0.02362108789384365,0.023621132597327232,0,0.0034515412990003824,0.0033216935116797686,0.010583441704511642,12.6,0.0,100,GUIDED,False,STANDBY,10,6
2025-08-11T17:23:35.401279,-35.363262,149.1652814,0.008,-0.01,0.01,0.0,0.02362108789384365,0.023621132597327232,0,0.0034515412990003824,0.0033216935116797686,0.010583441704511642,12.6,0.0,100,GUIDED,False,STANDBY,10,6
2025-08-11T17:23:35.902046,-35.363262,149.1652814,0.008,-0.01,0.01,0.0,0.02369937300682068,0.023699382320046425,0,0.003458843333646655,0.0033188932575285435,0.010551925748586655,12.6,0.0,100,GUIDED,False,STANDBY,10,6
2025-08-11T17:23:36.402950,-35.363262,149.1652814,0.008,-0.01,0.01,0.0,0.02385430969297886,0.023854484781622887,0,0.0034641572274267673,0.003321637399494648,0.010532472282648087,12.6,0.0,100,GUIDED,False,STANDBY,10,6
2025-08-11T17:23:36.903955,-35.363262,149.1652814,0.008,-0.01,0.01,0.0,0.02362089790403843,0.02362094633281231,0,0.003461122279986739,0.003311773994937539,0.010494659654796124,12.6,0.0,100,GUIDED,False,STANDBY,10,6
2025-08-11T17:23:37.404840,-35.363262,149.1652814,0.008,-0.01,0.01,0.0,0.02362089790403843,0.02362094633281231,0,0.003461122279986739,0.003311773994937539,0.010494659654796124,12.6,0.0,100,GUIDED,False,STANDBY,10,6
2025-08-11T17:23:37.913101,-35.363262,149.1652814,0.008,-0.01,0.01,0.0,0.02362089790403843,0.02362094633281231,0,0.003461122279986739,0.003311773994937539,0.010494659654796124,12.6,0.0,100,GUIDED,False,STANDBY,10,6
2025-08-11T17:23:38.414049,-35.363262,149.1652814,0.008,-0.01,0.01,0.0,0.023536739870905876,0.023536769673228264,0,0.003461267566308379,0.0033060600981116295,0.010470142588019371,12.6,0.0,100,GUIDED,False,STANDBY,10,6
2025-08-11T17:23:38.915941,-35.363262,149.1652814,0.008,-0.01,0.01,0.0,0.023536739870905876,0.023536769673228264,0,0.003461267566308379,0.0033060600981116295,0.010470142588019371,12.6,0.0,100,GUIDED,False,STANDBY,10,6
2025-08-11T17:23:39.417181,-35.363262,149.1652814,0.008,-0.01,0.01,0.0,0.023594118654727936,0.02359412983059883,0,0.0034606719855219126,0.00330318883061409,0.01043098047375679,12.6,0.0,100,GUIDED,False,STANDBY,10,6
2025-08-11T17:23:39.918180,-35.363262,149.1652814,0.008,-0.01,0.01,0.0,0.023594118654727936,0.02359412983059883,0,0.0034606719855219126,0.00330318883061409,0.01043098047375679,12.6,0.0,100,GUIDED,False,STANDBY,10,6
2025-08-11T17:23:40.419683,-35.363262,149.1652814,0.008,-0.01,0.01,0.0,0.02380037121474743,0.023800453171133995,0,0.0034674061462283134,0.003305938560515642,0.010410263203084469,12.6,0.0,100,GUIDED,False,STANDBY,10,6
2025-08-11T17:23:40.921045,-35.363262,149.1652814,0.008,-0.01,0.01,0.0,0.02359483391046524,0.023594938218593597,0,0.003466699505224824,0.00329590099863708,0.010382144711911678,12.6,0.0,100,GUIDED,False,STANDBY,10,6
2025-08-11T17:23:41.421935,-35.363262,149.1652814,0.008,-0.01,0.01,0.0,0.02359483391046524,0.023594938218593597,0,0.003466699505224824,0.00329590099863708,0.010382144711911678,12.6,0.0,100,GUIDED,False,STANDBY,10,6
2025-08-11T17:23:41.922852,-35.363262,149.1652814,0.008,-0.01,0.01,0.0,0.02357517182826996,0.023575324565172195,0,0.0034706962760537863,0.003294259775429964,0.01035994105041027,12.6,0.0,100,GUIDED,False,STANDBY,10,6
2025-08-11T17:23:42.424252,-35.363262,149.1652814,0.008,-0.01,0.01,0.0,0.02357517182826996,0.023575324565172195,0,0.0034706962760537863,0.003294259775429964,0.01035994105041027,12.6,0.0,100,GUIDED,False,STANDBY,10,6
2025-08-11T17:23:42.925661,-35.363262,149.1652814,0.008,-0.01,0.01,0.0,0.02368592843413353,0.02368607558310032,0,0.0034782348666340113,0.00329378223977983,0.010324454866349697,12.6,0.0,100,GUIDED,False,STANDBY,10,6
2025-08-11T17:23:43.426526,-35.363262,149.1652814,0.008,-0.01,0.01,0.0,0.02396128885447979,0.023961450904607773,0,0.0034879082813858986,0.0032954264897853136,0.010300342924892902,12.6,0.0,100,GUIDED,False,STANDBY,10,6
2025-08-11T17:23:43.927373,-35.363262,149.1652814,0.008,-0.01,0.01,0.0,0.02396128885447979,0.023961450904607773,0,0.0034879082813858986,0.0032954264897853136,0.010300342924892902,12.6,0.0,100,GUIDED,False,STANDBY,10,6
2025-08-11T17:23:44.428178,-35.363262,149.1652814,0.008,-0.01,0.01,0.0,0.02373349480330944,0.023733504116535187,0,0.003485786495730281,0.003292806213721633,0.010270660743117332,12.6,0.0,100,GUIDED,False,STANDBY,10,6
2025-08-11T17:23:44.929336,-35.363262,149.1652814,0.008,-0.01,0.01,0.0,0.02373349480330944,0.023733504116535187,0,0.003485786495730281,0.003292806213721633,0.010270660743117332,12.6,0.0,100,GUIDED,False,STANDBY,10,6
2025-08-11T17:23:45.429954,-35.363262,149.1652814,0.008,-0.01,0.01,0.0,0.023616623133420944,0.023616641759872437,0,0.003489196766167879,0.003288875799626112,0.010251116007566452,12.6,0.0,100,GUIDED,False,STANDBY,10,6
2025-08-11T17:23:45.931022,-35.363262,149.1652814,0.008,-0.01,0.01,0.0,0.023730097338557243,0.023730337619781494,0,0.003496745368465781,0.003284008242189884,0.010222979821264744,12.6,0.0,100,GUIDED,False,STANDBY,10,6
2025-08-11T17:23:46.432033,-35.363262,149.1652814,0.008,-0.01,0.01,0.0,0.023730097338557243,0.023730337619781494,0,0.003496745368465781,0.003284008242189884,0.010222979821264744,12.6,0.0,100,GUIDED,False,STANDBY,10,6
2025-08-11T17:23:46.933358,-35.363262,149.1652814,0.008,-0.01,0.01,0.0,0.023942967876791954,0.023943135514855385,0,0.0035060960799455643,0.003289712592959404,0.010199005715548992,12.6,0.0,100,GUIDED,False,STANDBY,10,6
2025-08-11T17:23:47.434363,-35.363262,149.1652814,0.008,-0.01,0.01,0.0,0.023676689714193344,0.02367669902741909,0,0.0035057668574154377,0.003285649698227644,0.010169909335672855,12.6,0.0,100,GUIDED,False,STANDBY,10,6
2025-08-11T17:23:47.935357,-35.363262,149.1652814,0.008,-0.01,0.01,0.0,0.02370246686041355,0.02370247058570385,0,0.003505309345200658,0.003281716722995043,0.010150481946766376,12.6,0.0,100,GUIDED,False,STANDBY,10,6
2025-08-11T17:23:48.436168,-35.363262,149.1652814,0.008,-0.01,0.01,0.0,0.02370246686041355,0.02370247058570385,0,0.003505309345200658,0.003281716722995043,0.010150481946766376,12.6,0.0,100,GUIDED,False,STANDBY,10,6
2025-08-11T17:23:48.936950,-35.363262,149.1652814,0.008,-0.01,0.01,0.0,0.023802736774086952,0.023802777752280235,0,0.0034993153531104326,0.0032827132381498814,0.010128173045814037,12.6,0.0,100,GUIDED,False,STANDBY,10,6
2025-08-11T17:23:49.438089,-35.363262,149.1652814,0.008,-0.01,0.01,0.0,0.023955391719937325,0.023955395445227623,0,0.0035054378677159548,0.00328451138921082,0.010105535387992859,12.6,0.0,100,GUIDED,False,STANDBY,10,6
2025-08-11T17:23:49.939315,-35.363262,149.1652814,0.008,-0.01,0.01,0.0,0.023955391719937325,0.023955395445227623,0,0.0035054378677159548,0.00328451138921082,0.010105535387992859,12.6,0.0,100,GUIDED,False,STANDBY,10,6
2025-08-11T17:23:50.440607,-35.363262,149.1652814,0.008,-0.01,0.01,0.0,0.023707257583737373,0.023707261309027672,0,0.0035009533166885376,0.003278999123722315,0.010068872943520546,12.6,0.0,100,GUIDED,False,STANDBY,10,6
2025-08-11T17:23:50.941703,-35.363262,149.1652814,0.008,-0.01,0.01,0.0,0.023608779534697533,0.023608779534697533,0,0.0034968999680131674,0.0032777576707303524,0.010047062300145626,12.6,0.0,100,GUIDED,False,STANDBY,10,6
2025-08-11T17:23:51.442348,-35.363262,149.1652814,0.008,-0.01,0.01,0.0,0.023681960999965668,0.023681966587901115,0,0.003495985409244895,0.003280309960246086,0.01001692097634077,12.6,0.0,100,GUIDED,False,STANDBY,10,6
2025-08-11T17:23:51.943455,-35.363262,149.1652814,0.008,-0.01,0.01,0.0,0.023681960999965668,0.023681966587901115,0,0.003495985409244895,0.003280309960246086,0.01001692097634077,12.6,0.0,100,GUIDED,False,STANDBY,10,6
2025-08-11T17:23:52.444001,-35.363262,149.1652814,0.008,-0.01,0.01,0.0,0.023890340700745583,0.023890435695648193,0,0.0035063871182501316,0.0032893293537199497,0.009997560642659664,12.6,0.0,100,GUIDED,False,STANDBY,10,6
2025-08-11T17:23:52.945705,-35.363262,149.1652814,0.008,-0.01,0.01,0.0,0.02354220300912857,0.02354220673441887,0,0.003498098812997341,0.003282970981672406,0.009959528222680092,12.6,0.0,100,GUIDED,False,STANDBY,10,6
2025-08-11T17:23:53.447636,-35.363262,149.1652814,0.008,-0.01,0.01,0.0,0.02360014244914055,0.02360021136701107,0,0.003496748162433505,0.003281320445239544,0.00993680115789175,12.6,0.0,100,GUIDED,False,STANDBY,10,6
2025-08-11T17:23:53.948817,-35.363262,149.1652814,0.008,-0.01,0.01,0.0,0.02360014244914055,0.02360021136701107,0,0.003496748162433505,0.003281320445239544,0.00993680115789175,12.6,0.0,100,GUIDED,False,STANDBY,10,6
2025-08-11T17:23:54.449335,-35.363262,149.1652814,0.008,-0.01,0.01,0.0,0.023743651807308197,0.02374371513724327,0,0.003498645266517997,0.0032835400197654963,0.009903088212013245,12.6,0.0,100,GUIDED,False,STANDBY,10,6
2025-08-11T17:23:54.949963,-35.363262,149.1652814,0.008,-0.01,0.01,0.0,0.023844731971621513,0.023844750598073006,0,0.003503236221149564,0.0032911316957324743,0.009883099235594273,12.6,0.0,100,GUIDED,False,STANDBY,10,6
2025-08-11T17:23:55.450960,-35.363262,149.1652814,0.008,-0.01,0.01,0.0,0.023844731971621513,0.023844750598073006,0,0.003503236221149564,0.0032911316957324743,0.009883099235594273,12.6,0.0,100,GUIDED,False,STANDBY,10,6
2025-08-11T17:23:55.955378,-35.363262,149.1652814,0.008,-0.01,0.01,0.0,0.023714657872915268,0.023714657872915268,0,0.0034950522240251303,0.0032887489069253206,0.009849641472101212,12.6,0.0,100,GUIDED,False,STANDBY,10,6
2025-08-11T17:23:56.456622,-35.363262,149.1652814,0.008,-0.01,0.01,0.0,0.02365201897919178,0.02365201897919178,0,0.0034885674249380827,0.0032853290904313326,0.009824183769524097,12.6,0.0,100,GUIDED,False,STANDBY,10,6
2025-08-11T17:23:56.957838,-35.363262,149.1652814,0.008,-0.01,0.01,0.0,0.02365201897919178,0.02365201897919178,0,0.0034885674249380827,0.0032853290904313326,0.009824183769524097,12.6,0.0,100,GUIDED,False,STANDBY,10,6
2025-08-11T17:23:57.459071,-35.363262,149.1652814,0.008,-0.01,0.01,0.0,0.02373567223548889,0.023735761642456055,0,0.003485234687104821,0.0032852499280124903,0.009788296185433865,12.6,0.0,100,GUIDED,False,STANDBY,10,6
2025-08-11T17:23:57.960173,-35.363262,149.1652814,0.008,-0.01,0.01,0.0,0.023761458694934845,0.023761657997965813,0,0.003478461178019643,0.003283299505710602,0.009758874773979187,12.6,0.0,100,GUIDED,False,STANDBY,10,6
2025-08-11T17:23:58.460954,-35.363262,149.1652814,0.008,-0.01,0.01,0.0,0.023616384714841843,0.023616673424839973,0,0.0034731910564005375,0.0032737674191594124,0.009729304350912571,12.6,0.0,100,GUIDED,False,STANDBY,10,6
2025-08-11T17:23:58.961854,-35.363262,149.1652814,0.008,-0.01,0.01,0.0,0.023616384714841843,0.023616673424839973,0,0.0034731910564005375,0.0032737674191594124,0.009729304350912571,12.6,0.0,100,GUIDED,False,STANDBY,10,6
2025-08-11T17:23:59.462846,-35.363262,149.1652814,0.008,-0.01,0.01,0.0,0.023563910275697708,0.023564070463180542,0,0.0034747717436403036,0.0032761567272245884,0.009706457145512104,12.6,0.0,100,GUIDED,False,STANDBY,10,6
2025-08-11T17:23:59.963756,-35.363262,149.1652814,0.008,-0.01,0.01,0.0,0.023623444139957428,0.023623645305633545,0,0.0034815678372979164,0.0032837316393852234,0.009673802182078362,12.6,0.0,100,GUIDED,False,STANDBY,10,6
2025-08-11T17:24:00.464417,-35.363262,149.1652814,0.008,-0.01,0.01,0.0,0.02370178885757923,0.02370186522603035,0,0.003484325483441353,0.0032949952874332666,0.009645727463066578,12.6,0.0,100,GUIDED,False,STANDBY,10,6
2025-08-11T17:24:00.965250,-35.363262,149.1652814,0.008,-0.01,0.01,0.0,0.023443074896931648,0.0234430730342865,0,0.0034805142786353827,0.003292605746537447,0.009610684588551521,12.6,0.0,100,GUIDED,False,STANDBY,10,6
2025-08-11T17:24:01.466210,-35.363262,149.1652814,0.008,-0.01,0.01,0.0,0.023443074896931648,0.0234430730342865,0,0.0034805142786353827,0.003292605746537447,0.009610684588551521,12.6,0.0,100,GUIDED,False,STANDBY,10,6
2025-08-11T17:24:01.966940,-35.363262,149.1652814,0.008,-0.01,0.01,0.0,0.023462051525712013,0.023462049663066864,0,0.003481492167338729,0.0032957077492028475,0.009591326117515564,12.6,0.0,100,GUIDED,False,STANDBY,10,6
2025-08-11T17:24:02.467694,-35.363262,149.1652814,0.008,-0.01,0.01,0.0,0.023603638634085655,0.023603657260537148,0,0.0034818907734006643,0.0033018477261066437,0.009556395001709461,12.6,0.0,100,GUIDED,False,STANDBY,10,6
2025-08-11T17:24:02.968384,-35.363262,149.1652814,0.008,-0.01,0.01,0.0,0.02382524497807026,0.02382528968155384,0,0.0034833233803510666,0.003308030078187585,0.009533965960144997,12.6,0.0,100,GUIDED,False,STANDBY,10,6
2025-08-11T17:24:03.469307,-35.363262,149.1652814,0.008,-0.01,0.01,0.0,0.02360418438911438,0.023604337126016617,0,0.0034710930194705725,0.003304038429632783,0.009501973167061806,12.6,0.0,100,GUIDED,False,STANDBY,10,6
2025-08-11T17:24:03.969998,-35.363262,149.1652814,0.008,-0.01,0.01,0.0,0.02360418438911438,0.023604337126016617,0,0.0034710930194705725,0.003304038429632783,0.009501973167061806,12.6,0.0,100,GUIDED,False,STANDBY,10,6
2025-08-11T17:24:04.470964,-35.363262,149.1652814,0.008,-0.01,0.01,0.0,0.023544222116470337,0.023544274270534515,0,0.003466597991064191,0.0033067611511796713,0.009477206505835056,12.6,0.0,100,GUIDED,False,STANDBY,10,6
2025-08-11T17:24:04.971966,-35.363262,149.1652814,0.008,-0.01,0.01,0.0,0.023544222116470337,0.023544274270534515,0,0.003466597991064191,0.0033067611511796713,0.009477206505835056,12.6,0.0,100,GUIDED,False,STANDBY,10,6
2025-08-11T17:24:05.472949,-35.363262,149.1652814,0.008,-0.01,0.01,0.0,0.023705121129751205,0.023705177009105682,0,0.0034631199669092894,0.00331633142195642,0.009436579421162605,12.6,0.0,100,GUIDED,False,STANDBY,10,6
2025-08-11T17:24:05.973773,-35.363262,149.1652814,0.008,-0.01,0.01,0.0,0.0238655973225832,0.023865675553679466,0,0.0034690864849835634,0.003320837626233697,0.009416807442903519,12.6,0.0,100,GUIDED,False,STANDBY,10,6
2025-08-11T17:24:06.474415,-35.363262,149.1652814,0.008,-0.01,0.01,0.0,0.023654701188206673,0.023654703050851822,0,0.0034667702857404947,0.0033159558661282063,0.009382935240864754,12.6,0.0,100,GUIDED,False,STANDBY,10,6
2025-08-11T17:24:06.975044,-35.363262,149.1652814,0.008,-0.01,0.01,0.0,0.023654701188206673,0.023654703050851822,0,0.0034667702857404947,0.0033159558661282063,0.009382935240864754,12.6,0.0,100,GUIDED,False,STANDBY,10,6
2025-08-11T17:24:07.476037,-35.363262,149.1652814,0.008,-0.01,0.01,0.0,0.02367078699171543,0.023670794442296028,0,0.003466142574325204,0.0033174504060298204,0.00935792364180088,12.6,0.0,100,GUIDED,False,STANDBY,10,6
2025-08-11T17:24:07.977533,-35.363262,149.1652814,0.008,-0.01,0.01,0.0,0.023770343512296677,0.023770352825522423,0,0.0034702583216130733,0.0033192636910825968,0.009326983243227005,12.6,0.0,100,GUIDED,False,STANDBY,10,6
2025-08-11T17:24:08.480774,-35.363262,149.1652814,0.008,-0.01,0.01,0.0,0.023770343512296677,0.023770352825522423,0,0.0034702583216130733,0.0033192636910825968,0.009326983243227005,12.6,0.0,100,GUIDED,False,STANDBY,10,6
2025-08-11T17:24:08.981630,-35.363262,149.1652814,0.008,-0.01,0.01,0.0,0.023870835080742836,0.023871056735515594,0,0.003479624167084694,0.0033183330669999123,0.009302344173192978,12.6,0.0,100,GUIDED,False,STANDBY,10,6
2025-08-11T17:24:09.482800,-35.363262,149.1652814,0.008,-0.01,0.01,0.0,0.023674938827753067,0.02367527410387993,0,0.003472414333373308,0.003316703485324979,0.00926874577999115,12.6,0.0,100,GUIDED,False,STANDBY,10,6
2025-08-11T17:24:09.984340,-35.363262,149.1652814,0.008,-0.01,0.01,0.0,0.023674938827753067,0.02367527410387993,0,0.003472414333373308,0.003316703485324979,0.00926874577999115,12.6,0.0,100,GUIDED,False,STANDBY,10,6
2025-08-11T17:24:10.485021,-35.363262,149.1652814,0.008,-0.01,0.01,0.0,0.023639043793082237,0.02363932877779007,0,0.0034698080271482468,0.0033139714505523443,0.009248417802155018,12.6,0.0,100,GUIDED,False,STANDBY,10,6
2025-08-11T17:24:10.985965,-35.363262,149.1652814,0.008,-0.01,0.01,0.0,0.023746151477098465,0.023746546357870102,0,0.0034744360018521547,0.003312651766464114,0.009212572127580643,12.6,0.0,100,GUIDED,False,STANDBY,10,6
2025-08-11T17:24:11.486977,-35.363262,149.1652814,0.008,-0.01,0.01,0.0,0.023746151477098465,0.023746546357870102,0,0.0034744360018521547,0.003312651766464114,0.009212572127580643,12.6,0.0,100,GUIDED,False,STANDBY,10,6
2025-08-11T17:24:11.988344,-35.363262,149.1652814,0.007,-0.01,0.01,0.0,0.023790447041392326,0.023790886625647545,0,0.0034791789948940277,0.0033200590405613184,0.009191768243908882,12.6,0.0,100,GUIDED,False,STANDBY,10,6
2025-08-11T17:24:12.488957,-35.363262,149.1652814,0.007,-0.01,0.01,0.0,0.02365008182823658,0.02365032397210598,0,0.0034681500401347876,0.0033165612258017063,0.009153071790933609,12.6,0.0,100,GUIDED,False,STANDBY,10,6
2025-08-11T17:24:12.989520,-35.363262,149.1652814,0.007,-0.01,0.01,0.0,0.02365008182823658,0.02365032397210598,0,0.0034681500401347876,0.0033165612258017063,0.009153071790933609,12.6,0.0,100,GUIDED,False,STANDBY,10,6
2025-08-11T17:24:13.490432,-35.363262,149.1652814,0.007,-0.01,0.01,0.0,0.023614929988980293,0.023615440353751183,0,0.003469727234914899,0.0033137185964733362,0.009130717255175114,12.6,0.0,100,GUIDED,False,STANDBY,10,6
2025-08-11T17:24:13.990952,-35.363262,149.1652814,0.007,-0.01,0.01,0.0,0.023677680641412735,0.02367830090224743,0,0.0034658939111977816,0.003318020375445485,0.009093289263546467,12.6,0.0,100,GUIDED,False,STANDBY,10,6
2025-08-11T17:24:14.491399,-35.363262,149.1652814,0.007,-0.01,0.01,0.0,0.02377908118069172,0.02377994917333126,0,0.0034712578635662794,0.0033250993583351374,0.009068727493286133,12.6,0.0,100,GUIDED,False,STANDBY,10,6
2025-08-11T17:24:14.992581,-35.363262,149.1652814,0.007,-0.01,0.01,0.0,0.023598384112119675,0.023599207401275635,0,0.0034667188301682472,0.003324122168123722,0.009037026204168797,12.6,0.0,100,GUIDED,False,STANDBY,10,6
2025-08-11T17:24:15.492954,-35.363262,149.1652814,0.007,-0.01,0.01,0.0,0.023598384112119675,0.023599207401275635,0,0.0034667188301682472,0.003324122168123722,0.009037026204168797,12.6,0.0,100,GUIDED,False,STANDBY,10,6
2025-08-11T17:24:15.993659,-35.363262,149.1652814,0.007,-0.01,0.01,0.0,0.023550493642687798,0.023551294580101967,0,0.00346358772367239,0.003321841126307845,0.009013145230710506,12.6,0.0,100,GUIDED,False,STANDBY,10,6
2025-08-11T17:24:16.494457,-35.363262,149.1652814,0.007,-0.01,0.01,0.0,0.02371513657271862,0.023715589195489883,0,0.0034638727083802223,0.003326545702293515,0.008976714685559273,12.6,0.0,100,GUIDED,False,STANDBY,10,6
2025-08-11T17:24:16.995829,-35.363262,149.1652814,0.007,-0.01,0.01,0.0,0.023864593356847763,0.023865249007940292,0,0.0034700401592999697,0.0033383588306605816,0.008960926905274391,12.6,0.0,100,GUIDED,False,STANDBY,10,6
2025-08-11T17:24:17.496966,-35.363262,149.1652814,0.007,-0.01,0.01,0.0,0.023664945736527443,0.023665210232138634,0,0.0034660312812775373,0.003335213754326105,0.00892668031156063,12.6,0.0,100,GUIDED,False,STANDBY,10,6
2025-08-11T17:24:17.997952,-35.363262,149.1652814,0.007,-0.01,0.01,0.0,0.023664945736527443,0.023665210232138634,0,0.0034660312812775373,0.003335213754326105,0.00892668031156063,12.6,0.0,100,GUIDED,False,STANDBY,10,6
2025-08-11T17:24:18.498791,-35.363262,149.1652814,0.007,-0.01,0.01,0.0,0.023582302033901215,0.023582590743899345,0,0.0034624887630343437,0.003331148764118552,0.008898958563804626,12.6,0.0,100,GUIDED,False,STANDBY,10,6
2025-08-11T17:24:18.999931,-35.363262,149.1652814,0.007,-0.01,0.01,0.0,0.023755215108394623,0.02375529520213604,0,0.003468206385150552,0.0033317147754132748,0.008866449818015099,12.6,0.0,100,GUIDED,False,STANDBY,10,6
2025-08-11T17:24:19.500567,-35.363262,149.1652814,0.007,-0.01,0.01,0.0,0.023874465376138687,0.023874478414654732,0,0.0034776628017425537,0.0033384321723133326,0.00884314812719822,12.6,0.0,100,GUIDED,False,STANDBY,10,6
2025-08-11T17:24:20.002956,-35.363262,149.1652814,0.007,-0.01,0.01,0.0,0.023769214749336243,0.023769406601786613,0,0.0034727039746940136,0.0033317687921226025,0.008810830302536488,12.6,0.0,100,GUIDED,False,STANDBY,10,6
2025-08-11T17:24:20.503843,-35.363262,149.1652814,0.007,-0.01,0.01,0.0,0.023795997723937035,0.023796573281288147,0,0.0034671342000365257,0.003328179009258747,0.008792183361947536,12.6,0.0,100,GUIDED,False,STANDBY,10,6
2025-08-11T17:24:21.004756,-35.363262,149.1652814,0.007,-0.01,0.01,0.0,0.023795997723937035,0.023796573281288147,0,0.0034671342000365257,0.003328179009258747,0.008792183361947536,12.6,0.0,100,GUIDED,False,STANDBY,10,6
2025-08-11T17:24:21.505707,-35.363262,149.1652814,0.007,-0.01,0.01,0.0,0.023929238319396973,0.02393009513616562,0,0.0034704203717410564,0.0033320910297334194,0.008758598938584328,12.6,0.0,100,GUIDED,False,STANDBY,10,6
2025-08-11T17:24:22.006624,-35.363262,149.1652814,0.007,-0.01,0.01,0.0,0.02407464012503624,0.024075491353869438,0,0.003477067919448018,0.003339233575388789,0.008736963383853436,12.6,0.0,100,GUIDED,False,STANDBY,10,6
2025-08-11T17:24:22.507511,-35.363262,149.1652814,0.007,-0.01,0.01,0.0,0.023912109434604645,0.023912975564599037,0,0.0034742620773613453,0.0033316875342279673,0.00870185811072588,12.6,0.0,100,GUIDED,False,STANDBY,10,6
2025-08-11T17:24:23.007964,-35.363262,149.1652814,0.007,-0.01,0.01,0.0,0.023962942883372307,0.023963097482919693,0,0.0034700054675340652,0.0033283536322414875,0.008681012317538261,12.6,0.0,100,GUIDED,False,STANDBY,10,6
2025-08-11T17:24:23.508965,-35.363262,149.1652814,0.007,-0.01,0.01,0.0,0.023962942883372307,0.023963097482919693,0,0.0034700054675340652,0.0033283536322414875,0.008681012317538261,12.6,0.0,100,GUIDED,False,STANDBY,10,6
2025-08-11T17:24:24.009848,-35.363262,149.1652814,0.007,-0.01,0.01,0.0,0.024132942780852318,0.024133117869496346,0,0.0034782332368195057,0.0033324272371828556,0.008647643961012363,12.6,0.0,100,GUIDED,False,STANDBY,10,6
2025-08-11T17:24:24.510874,-35.363262,149.1652814,0.007,-0.01,0.01,0.0,0.024245183914899826,0.024245453998446465,0,0.003484595101326704,0.003338970011100173,0.008628216572105885,12.6,0.0,100,GUIDED,False,STANDBY,10,6
2025-08-11T17:24:25.011956,-35.363262,149.1652814,0.007,-0.01,0.01,0.0,0.024112798273563385,0.024112842977046967,0,0.0034775359090417624,0.0033320090733468533,0.008589250035583973,12.6,0.0,100,GUIDED,False,STANDBY,10,6
2025-08-11T17:24:25.512952,-35.363262,149.1652814,0.007,-0.01,0.01,0.0,0.024112798273563385,0.024112842977046967,0,0.0034775359090417624,0.0033320090733468533,0.008589250035583973,12.6,0.0,100,GUIDED,False,STANDBY,10,6
2025-08-11T17:24:26.014261,-35.363262,149.1652814,0.007,-0.01,0.01,0.0,0.02402971126139164,0.024029722437262535,0,0.003472257172688842,0.0033270169515162706,0.008565104566514492,12.6,0.0,100,GUIDED,False,STANDBY,10,6
2025-08-11T17:24:26.515297,-35.363262,149.1652814,0.007,-0.01,0.01,0.0,0.0241596307605505,0.02415965124964714,0,0.0034759824629873037,0.0033259743358939886,0.008533673360943794,12.6,0.0,100,GUIDED,False,STANDBY,10,6
2025-08-11T17:24:27.015963,-35.363262,149.1652814,0.007,-0.01,0.01,0.0,0.024211840704083443,0.024211861193180084,0,0.0034760998096317053,0.003328996943309903,0.00851356890052557,12.6,0.0,100,GUIDED,False,STANDBY,10,6
2025-08-11T17:24:27.517485,-35.363262,149.1652814,0.007,-0.01,0.01,0.0,0.024211840704083443,0.024211861193180084,0,0.0034760998096317053,0.003328996943309903,0.00851356890052557,12.6,0.0,100,GUIDED,False,STANDBY,10,6
2025-08-11T17:24:28.019152,-35.363262,149.1652814,0.007,-0.01,0.01,0.0,0.023984475061297417,0.02398468740284443,0,0.0034701130352914333,0.0033234315924346447,0.008478544652462006,12.6,0.0,100,GUIDED,False,STANDBY,10,6
2025-08-11T17:24:28.520225,-35.363262,149.1652814,0.007,-0.01,0.01,0.0,0.023926809430122375,0.023927079513669014,0,0.003470108611509204,0.0033181048929691315,0.00845897477120161,12.6,0.0,100,GUIDED,False,STANDBY,10,6
2025-08-11T17:24:29.020963,-35.363262,149.1652814,0.007,-0.01,0.01,0.0,0.02402222715318203,0.024022389203310013,0,0.003468952141702175,0.0033105735201388597,0.00842379592359066,12.6,0.0,100,GUIDED,False,STANDBY,10,6
2025-08-11T17:24:29.521509,-35.363262,149.1652814,0.007,-0.01,0.01,0.0,0.02402222715318203,0.024022389203310013,0,0.003468952141702175,0.0033105735201388597,0.00842379592359066,12.6,0.0,100,GUIDED,False,STANDBY,10,6
2025-08-11T17:24:30.022444,-35.363262,149.1652814,0.007,-0.01,0.01,0.0,0.024081341922283173,0.024081839248538017,0,0.003475853009149432,0.0033149011433124542,0.008397666737437248,12.6,0.0,100,GUIDED,False,STANDBY,10,6
2025-08-11T17:24:30.523527,-35.363262,149.1652814,0.007,-0.01,0.01,0.0,0.02381270006299019,0.023813115432858467,0,0.0034721705596894026,0.003309215884655714,0.008364849723875523,12.6,0.0,100,GUIDED,False,STANDBY,10,6
2025-08-11T17:24:31.024546,-35.363262,149.1652814,0.007,-0.01,0.01,0.0,0.023708293214440346,0.023708505555987358,0,0.0034718583337962627,0.003308710176497698,0.00834419671446085,12.6,0.0,100,GUIDED,False,STANDBY,10,6
2025-08-11T17:24:31.524963,-35.363262,149.1652814,0.007,-0.01,0.01,0.0,0.023783251643180847,0.023783449083566666,0,0.0034709807951003313,0.0033077995758503675,0.00831128004938364,12.6,0.0,100,GUIDED,False,STANDBY,10,6
2025-08-11T17:24:32.025869,-35.363262,149.1652814,0.007,-0.01,0.01,0.0,0.023910947144031525,0.023911040276288986,0,0.0034763612784445286,0.0033141151070594788,0.008289890363812447,12.6,0.0,100,GUIDED,False,STANDBY,10,6
2025-08-11T17:24:32.526792,-35.363262,149.1652814,0.007,-0.01,0.01,0.0,0.023910947144031525,0.023911040276288986,0,0.0034763612784445286,0.0033141151070594788,0.008289890363812447,12.6,0.0,100,GUIDED,False,STANDBY,10,6
2025-08-11T17:24:33.027712,-35.363262,149.1652814,0.007,-0.01,0.01,0.0,0.02373276650905609,0.023732883855700493,0,0.003471591044217348,0.0033058144617825747,0.008262385614216328,12.6,0.0,100,GUIDED,False,STANDBY,10,6
2025-08-11T17:24:33.528620,-35.363262,149.1652814,0.007,-0.01,0.01,0.0,0.023745303973555565,0.023745449259877205,0,0.003473435528576374,0.003305773250758648,0.00823844876140356,12.6,0.0,100,GUIDED,False,STANDBY,10,6
2025-08-11T17:24:34.029493,-35.363262,149.1652814,0.007,-0.01,0.01,0.0,0.023898938670754433,0.02389916591346264,0,0.003476870246231556,0.0033056375104933977,0.008204342797398567,12.6,0.0,100,GUIDED,False,STANDBY,10,6
2025-08-11T17:24:34.530566,-35.363262,149.1652814,0.007,-0.01,0.01,0.0,0.023976292461156845,0.02397673949599266,0,0.003485781606286764,0.0033121458254754543,0.008192825131118298,12.6,0.0,100,GUIDED,False,STANDBY,10,6
2025-08-11T17:24:35.031939,-35.363262,149.1652814,0.007,-0.01,0.01,0.0,0.023762019351124763,0.02376282773911953,0,0.0034842160530388355,0.0033093085512518883,0.008162901736795902,12.6,0.0,100,GUIDED,False,STANDBY,10,6
2025-08-11T17:24:35.532901,-35.363262,149.1652814,0.007,-0.01,0.01,0.0,0.023762019351124763,0.02376282773911953,0,0.0034842160530388355,0.0033093085512518883,0.008162901736795902,12.6,0.0,100,GUIDED,False,STANDBY,10,6
2025-08-11T17:24:36.033857,-35.363262,149.1652814,0.007,-0.01,0.01,0.0,0.023660413920879364,0.023661671206355095,0,0.0034801908768713474,0.003307670122012496,0.008145388215780258,12.6,0.0,100,GUIDED,False,STANDBY,10,6
2025-08-11T17:24:36.534786,-35.363262,149.1652814,0.007,-0.01,0.01,0.0,0.023847224190831184,0.023847656324505806,0,0.003485503839328885,0.0033090466167777777,0.008111917413771152,12.6,0.0,100,GUIDED,False,STANDBY,10,6
2025-08-11T17:24:37.035944,-35.363262,149.1652814,0.007,-0.01,0.01,0.0,0.02394171617925167,0.02394193410873413,0,0.003487042849883437,0.0033130121883004904,0.008091548457741737,12.6,0.0,100,GUIDED,False,STANDBY,10,6
2025-08-11T17:24:37.536808,-35.363262,149.1652814,0.007,-0.01,0.01,0.0,0.02371540479362011,0.023715456947684288,0,0.0034781526774168015,0.003311809618026018,0.008061923086643219,12.6,0.0,100,GUIDED,False,STANDBY,10,6
2025-08-11T17:24:38.037797,-35.363262,149.1652814,0.007,-0.01,0.01,0.0,0.02371540479362011,0.023715456947684288,0,0.0034781526774168015,0.003311809618026018,0.008061923086643219,12.6,0.0,100,GUIDED,False,STANDBY,10,6
2025-08-11T17:24:38.539264,-35.363262,149.1652814,0.007,-0.01,0.01,0.0,0.023761166259646416,0.023761222139000893,0,0.00348137179389596,0.0033110110089182854,0.00804032664746046,12.6,0.0,100,GUIDED,False,STANDBY,10,6
2025-08-11T17:24:39.043523,-35.363262,149.1652814,0.007,-0.01,0.01,0.0,0.023761166259646416,0.023761222139000893,0,0.00348137179389596,0.0033110110089182854,0.00804032664746046,12.6,0.0,100,GUIDED,False,STANDBY,10,6
2025-08-11T17:24:39.545355,-35.363262,149.1652814,0.007,-0.01,0.01,0.0,0.023761166259646416,0.023761222139000893,0,0.00348137179389596,0.0033110110089182854,0.00804032664746046,12.6,0.0,100,GUIDED,False,STANDBY,10,6
2025-08-11T17:24:40.047528,-35.363262,149.1652814,0.007,-0.01,0.01,0.0,0.023906433954834938,0.023906463757157326,0,0.003480591345578432,0.0033104727044701576,0.008015359751880169,12.6,0.0,100,GUIDED,False,STANDBY,10,6
2025-08-11T17:24:40.549877,-35.363262,149.1652814,0.007,-0.01,0.01,0.0,0.023906433954834938,0.023906463757157326,0,0.003480591345578432,0.0033104727044701576,0.008015359751880169,12.6,0.0,100,GUIDED,False,STANDBY,10,6
2025-08-11T17:24:41.052230,-35.363262,149.1652814,0.007,-0.01,0.01,0.0,0.023906433954834938,0.023906463757157326,0,0.003480591345578432,0.0033104727044701576,0.008015359751880169,12.6,0.0,100,GUIDED,False,STANDBY,10,6
2025-08-11T17:24:41.554006,-35.363262,149.1652814,0.007,-0.01,0.01,0.0,0.023976020514965057,0.023976033553481102,0,0.00348488986492157,0.003314115572720766,0.00799525622278452,12.6,0.0,100,GUIDED,False,STANDBY,10,6
2025-08-11T17:24:42.054952,-35.363262,149.1652814,0.007,-0.01,0.01,0.0,0.023843128234148026,0.023843221366405487,0,0.003479759907349944,0.003313344204798341,0.007967029698193073,12.6,0.0,100,GUIDED,False,STANDBY,10,6
2025-08-11T17:24:42.555966,-35.363262,149.1652814,0.007,-0.01,0.01,0.0,0.023843128234148026,0.023843221366405487,0,0.003479759907349944,0.003313344204798341,0.007967029698193073,12.6,0.0,100,GUIDED,False,STANDBY,10,6
2025-08-11T17:24:43.057058,-35.363262,149.1652814,0.007,-0.01,0.01,0.0,0.023898227140307426,0.02389833703637123,0,0.00348380533978343,0.0033131784293800592,0.00794603768736124,12.6,0.0,100,GUIDED,False,STANDBY,10,6
2025-08-11T17:24:43.557950,-35.363262,149.1652814,0.007,-0.01,0.01,0.0,0.024062681943178177,0.024062959477305412,0,0.003485719906166196,0.0033179912716150284,0.007916134782135487,12.6,0.0,100,GUIDED,False,STANDBY,10,6
2025-08-11T17:24:44.059025,-35.363262,149.1652814,0.008,-0.01,0.01,0.0,0.024113940075039864,0.024114208295941353,0,0.003490738570690155,0.003318917006254196,0.007897472009062767,12.6,0.0,100,GUIDED,False,STANDBY,10,6
2025-08-11T17:24:44.559967,-35.363262,149.1652814,0.008,-0.01,0.01,0.0,0.024113940075039864,0.024114208295941353,0,0.003490738570690155,0.003318917006254196,0.007897472009062767,12.6,0.0,100,GUIDED,False,STANDBY,10,6
2025-08-11T17:24:45.060971,-35.363262,149.1652814,0.008,-0.01,0.01,0.0,0.023922717198729515,0.023923061788082123,0,0.0034833166282624006,0.0033115509431809187,0.00786830484867096,12.6,0.0,100,GUIDED,False,STANDBY,10,6
2025-08-11T17:24:45.561984,-35.363262,149.1652814,0.008,-0.01,0.01,0.0,0.023870116099715233,0.023870522156357765,0,0.003484430257230997,0.0033053273800760508,0.007847447879612446,12.6,0.0,100,GUIDED,False,STANDBY,10,6
2025-08-11T17:24:46.062950,-35.363262,149.1652814,0.008,-0.01,0.01,0.0,0.023991236463189125,0.023992108181118965,0,0.0034850463271141052,0.0033064442686736584,0.007816457189619541,12.6,0.0,100,GUIDED,False,STANDBY,10,6
2025-08-11T17:24:46.563788,-35.363262,149.1652814,0.008,-0.01,0.01,0.0,0.023991236463189125,0.023992108181118965,0,0.0034850463271141052,0.0033064442686736584,0.007816457189619541,12.6,0.0,100,GUIDED,False,STANDBY,10,6
2025-08-11T17:24:47.064747,-35.363262,149.1652814,0.008,-0.01,0.01,0.0,0.0240685623139143,0.024069348350167274,0,0.003488630522042513,0.0033111940138041973,0.007791934069246054,12.6,0.0,100,GUIDED,False,STANDBY,10,6
2025-08-11T17:24:47.565745,-35.363262,149.1652814,0.008,-0.01,0.01,0.0,0.023814262822270393,0.023815004155039787,0,0.0034819243010133505,0.0033047618344426155,0.0077624088153243065,12.6,0.0,100,GUIDED,False,STANDBY,10,6
2025-08-11T17:24:48.066683,-35.363262,149.1652814,0.008,-0.01,0.01,0.0,0.023814262822270393,0.023815004155039787,0,0.0034819243010133505,0.0033047618344426155,0.0077624088153243065,12.6,0.0,100,GUIDED,False,STANDBY,10,6
2025-08-11T17:24:48.567801,-35.363262,149.1652814,0.008,-0.01,0.01,0.0,0.02381795644760132,0.023818526417016983,0,0.0034770085476338863,0.0033012095373123884,0.00774308992549777,12.6,0.0,100,GUIDED,False,STANDBY,10,6
2025-08-11T17:24:49.069241,-35.363262,149.1652814,0.008,-0.01,0.01,0.0,0.023929500952363014,0.023929668590426445,0,0.0034764131996780634,0.0033076610416173935,0.007717268541455269,12.6,0.0,100,GUIDED,False,STANDBY,10,6
2025-08-11T17:24:49.570564,-35.363262,149.1652814,0.008,-0.01,0.01,0.0,0.023929500952363014,0.023929668590426445,0,0.0034764131996780634,0.0033076610416173935,0.007717268541455269,12.6,0.0,100,GUIDED,False,STANDBY,10,6
2025-08-11T17:24:50.071672,-35.363262,149.1652814,0.008,-0.01,0.01,0.0,0.023984236642718315,0.02398427575826645,0,0.003476695390418172,0.0033109860960394144,0.007692210376262665,12.6,0.0,100,GUIDED,False,STANDBY,10,6
2025-08-11T17:24:50.572965,-35.363262,149.1652814,0.008,-0.01,0.01,0.0,0.023984236642718315,0.02398427575826645,0,0.003476695390418172,0.0033109860960394144,0.007692210376262665,12.6,0.0,100,GUIDED,False,STANDBY,10,6
2025-08-11T17:24:51.073957,-35.363262,149.1652814,0.008,-0.01,0.01,0.0,0.02376614138484001,0.023766163736581802,0,0.0034751668572425842,0.003308402607217431,0.007662415970116854,12.6,0.0,100,GUIDED,False,STANDBY,10,6
2025-08-11T17:24:51.574948,-35.363262,149.1652814,0.008,-0.01,0.01,0.0,0.02369772456586361,0.02369772456586361,0,0.003475213423371315,0.003305336693301797,0.007646400947123766,12.6,0.0,100,GUIDED,False,STANDBY,10,6
2025-08-11T17:24:52.075608,-35.363262,149.1652814,0.008,-0.01,0.01,0.0,0.02369772456586361,0.02369772456586361,0,0.003475213423371315,0.003305336693301797,0.007646400947123766,12.6,0.0,100,GUIDED,False,STANDBY,10,6
2025-08-11T17:24:52.576582,-35.363262,149.1652814,0.008,-0.01,0.01,0.0,0.02379932440817356,0.023799454793334007,0,0.0034756374079734087,0.003310664789751172,0.0076125506311655045,12.6,0.0,100,GUIDED,False,STANDBY,10,6
2025-08-11T17:24:53.077748,-35.363262,149.1652814,0.008,-0.01,0.01,0.0,0.023868635296821594,0.023868903517723083,0,0.00348208611831069,0.0033193498384207487,0.007593881338834763,12.6,0.0,100,GUIDED,False,STANDBY,10,6
2025-08-11T17:24:53.579072,-35.363262,149.1652814,0.008,-0.01,0.01,0.0,0.023868635296821594,0.023868903517723083,0,0.00348208611831069,0.0033193498384207487,0.007593881338834763,12.6,0.0,100,GUIDED,False,STANDBY,10,6
2025-08-11T17:24:54.080010,-35.363262,149.1652814,0.008,-0.01,0.01,0.0,0.023723751306533813,0.02372375875711441,0,0.00347548327408731,0.0033198087476193905,0.007570821326225996,12.6,0.0,100,GUIDED,False,STANDBY,10,6
2025-08-11T17:24:54.580928,-35.363262,149.1652814,0.008,-0.01,0.01,0.0,0.023785021156072617,0.023785065859556198,0,0.003469627583399415,0.0033202022314071655,0.007556295953691006,12.6,0.0,100,GUIDED,False,STANDBY,10,6
2025-08-11T17:24:55.081985,-35.363262,149.1652814,0.008,-0.01,0.01,0.0,0.023785021156072617,0.023785065859556198,0,0.003469627583399415,0.0033202022314071655,0.007556295953691006,12.6,0.0,100,GUIDED,False,STANDBY,10,6
2025-08-11T17:24:55.582929,-35.363262,149.1652814,0.008,-0.01,0.01,0.0,0.02387404441833496,0.02387423999607563,0,0.0034734399523586035,0.0033219135366380215,0.00752678420394659,12.6,0.0,100,GUIDED,False,STANDBY,10,6
2025-08-11T17:24:56.084761,-35.363262,149.1652814,0.008,-0.01,0.01,0.0,0.023926546797156334,0.023926855996251106,0,0.003483559936285019,0.003328511957079172,0.007509751711040735,12.6,0.0,100,GUIDED,False,STANDBY,10,6
2025-08-11T17:24:56.586208,-35.363262,149.1652814,0.008,-0.01,0.01,0.0,0.023728370666503906,0.023728609085083008,0,0.0034837215207517147,0.0033196343574672937,0.007482685148715973,12.6,0.0,100,GUIDED,False,STANDBY,10,6
2025-08-11T17:24:57.086963,-35.363262,149.1652814,0.008,-0.01,0.01,0.0,0.023728370666503906,0.023728609085083008,0,0.0034837215207517147,0.0033196343574672937,0.007482685148715973,12.6,0.0,100,GUIDED,False,STANDBY,10,6
2025-08-11T17:24:57.587980,-35.363262,149.1652814,0.008,-0.01,0.01,0.0,0.023708784952759743,0.023708945140242577,0,0.003482416970655322,0.003320308169350028,0.007468807976692915,12.6,0.0,100,GUIDED,False,STANDBY,10,6
2025-08-11T17:24:58.088935,-35.363262,149.1652814,0.008,-0.01,0.01,0.0,0.023769278079271317,0.02376936376094818,0,0.003479395527392626,0.0033219309989362955,0.007447229698300362,12.6,0.0,100,GUIDED,False,STANDBY,10,6
2025-08-11T17:24:58.589466,-35.363262,149.1652814,0.008,-0.01,0.01,0.0,0.024003401398658752,0.024003511294722557,0,0.003478407859802246,0.0033280840143561363,0.007433725520968437,12.6,0.0,100,GUIDED,False,STANDBY,10,6
2025-08-11T17:24:59.090139,-35.363262,149.1652814,0.008,-0.01,0.01,0.0,0.024003401398658752,0.024003511294722557,0,0.003478407859802246,0.0033280840143561363,0.007433725520968437,12.6,0.0,100,GUIDED,False,STANDBY,10,6
2025-08-11T17:24:59.590951,-35.363262,149.1652814,0.008,-0.01,0.01,0.0,0.023842375725507736,0.02384253405034542,0,0.0034743044525384903,0.0033254679292440414,0.007411823607981205,12.6,0.0,100,GUIDED,False,STANDBY,10,6
2025-08-11T17:25:00.091960,-35.363262,149.1652814,0.007,-0.01,0.01,0.0,0.023871377110481262,0.0238716509193182,0,0.0034748727921396494,0.0033207559026777744,0.0073977806605398655,12.6,0.0,100,GUIDED,False,STANDBY,10,6
2025-08-11T17:25:00.593078,-35.363262,149.1652814,0.007,-0.01,0.01,0.0,0.023871377110481262,0.0238716509193182,0,0.0034748727921396494,0.0033207559026777744,0.0073977806605398655,12.6,0.0,100,GUIDED,False,STANDBY,10,6
2025-08-11T17:25:01.094760,-35.363262,149.1652814,0.007,-0.01,0.01,0.0,0.024088796228170395,0.024088993668556213,0,0.0034745228476822376,0.0033256628084927797,0.007370155304670334,12.6,0.0,100,GUIDED,False,STANDBY,10,6
2025-08-11T17:25:01.596365,-35.363262,149.1652814,0.007,-0.01,0.01,0.0,0.02425018884241581,0.024250801652669907,0,0.00348086329177022,0.0033291643485426903,0.007351410575211048,12.6,0.0,100,GUIDED,False,STANDBY,10,6
2025-08-11T17:25:02.100972,-35.363262,149.1652814,0.007,-0.01,0.01,0.0,0.02425018884241581,0.024250801652669907,0,0.00348086329177022,0.0033291643485426903,0.007351410575211048,12.6,0.0,100,GUIDED,False,STANDBY,10,6
2025-08-11T17:25:02.601994,-35.363262,149.1652814,0.007,-0.01,0.01,0.0,0.02401990443468094,0.024020545184612274,0,0.003476647427305579,0.0033295315224677324,0.007325935177505016,12.6,0.0,100,GUIDED,False,STANDBY,10,6
2025-08-11T17:25:03.104656,-35.363262,149.1652814,0.007,-0.01,0.01,0.0,0.024004308506846428,0.024004919454455376,0,0.0034733645152300596,0.003330798353999853,0.007311385124921799,12.6,0.0,100,GUIDED,False,STANDBY,10,6
2025-08-11T17:25:03.606756,-35.363262,149.1652814,0.007,-0.01,0.01,0.0,0.024004308506846428,0.024004919454455376,0,0.0034733645152300596,0.003330798353999853,0.007311385124921799,12.6,0.0,100,GUIDED,False,STANDBY,10,6
2025-08-11T17:25:04.107354,-35.363262,149.1652814,0.007,-0.01,0.01,0.0,0.024162566289305687,0.024163255468010902,0,0.003473971039056778,0.0033316118642687798,0.007284283638000488,12.6,0.0,100,GUIDED,False,STANDBY,10,6
2025-08-11T17:25:04.608297,-35.363262,149.1652814,0.007,-0.01,0.01,0.0,0.024162566289305687,0.024163255468010902,0,0.003473971039056778,0.0033316118642687798,0.007284283638000488,12.6,0.0,100,GUIDED,False,STANDBY,10,6
2025-08-11T17:25:05.110742,-35.363262,149.1652814,0.007,-0.01,0.01,0.0,0.024234281852841377,0.024235278367996216,0,0.0034777517430484295,0.003336947876960039,0.007270054426044226,12.6,0.0,100,GUIDED,False,STANDBY,10,6
2025-08-11T17:25:05.611475,-35.363262,149.1652814,0.007,-0.01,0.01,0.0,0.02407189831137657,0.024073615670204163,0,0.0034729274921119213,0.003330112900584936,0.007240840699523687,12.6,0.0,100,GUIDED,False,STANDBY,10,6
2025-08-11T17:25:06.112743,-35.363262,149.1652814,0.007,-0.01,0.01,0.0,0.02407189831137657,0.024073615670204163,0,0.0034729274921119213,0.003330112900584936,0.007240840699523687,12.6,0.0,100,GUIDED,False,STANDBY,10,6
2025-08-11T17:25:06.613905,-35.363262,149.1652814,0.007,-0.01,0.01,0.0,0.02401011995971203,0.024011850357055664,0,0.0034701095428317785,0.0033247796818614006,0.007226519286632538,12.6,0.0,100,GUIDED,False,STANDBY,10,6
2025-08-11T17:25:07.114981,-35.363262,149.1652814,0.007,-0.01,0.01,0.0,0.02401011995971203,0.024011850357055664,0,0.0034701095428317785,0.0033247796818614006,0.007226519286632538,12.6,0.0,100,GUIDED,False,STANDBY,10,6
2025-08-11T17:25:07.615928,-35.363262,149.1652814,0.007,-0.01,0.01,0.0,0.024076176807284355,0.02407797798514366,0,0.003468832466751337,0.003321301657706499,0.007200263440608978,12.6,0.0,100,GUIDED,False,STANDBY,10,6
2025-08-11T17:25:08.116836,-35.363262,149.1652814,0.007,-0.01,0.01,0.0,0.024136096239089966,0.02413782849907875,0,0.0034782770089805126,0.0033187714871019125,0.007193532772362232,12.6,0.0,100,GUIDED,False,STANDBY,10,6
2025-08-11T17:25:08.618064,-35.363262,149.1652814,0.007,-0.01,0.01,0.0,0.024136096239089966,0.02413782849907875,0,0.0034782770089805126,0.0033187714871019125,0.007193532772362232,12.6,0.0,100,GUIDED,False,STANDBY,10,6
2025-08-11T17:25:09.119556,-35.363262,149.1652814,0.007,-0.01,0.01,0.0,0.023949192836880684,0.02395256981253624,0,0.003474106313660741,0.003310897620394826,0.007171513978391886,12.6,0.0,100,GUIDED,False,STANDBY,10,6
2025-08-11T17:25:09.622082,-35.363262,149.1652814,0.007,-0.01,0.01,0.0,0.023949192836880684,0.02395256981253624,0,0.003474106313660741,0.003310897620394826,0.007171513978391886,12.6,0.0,100,GUIDED,False,STANDBY,10,6
2025-08-11T17:25:10.125654,-35.363262,149.1652814,0.007,-0.01,0.01,0.0,0.023949192836880684,0.02395256981253624,0,0.003474106313660741,0.003310897620394826,0.007171513978391886,12.6,0.0,100,GUIDED,False,STANDBY,10,6
2025-08-11T17:25:10.626886,-35.363262,149.1652814,0.007,-0.01,0.01,0.0,0.023895975202322006,0.023899629712104797,0,0.003468854120001197,0.003303773934021592,0.0071567059494555,12.6,0.0,100,GUIDED,False,STANDBY,10,6
2025-08-11T17:25:11.128031,-35.363262,149.1652814,0.007,-0.01,0.01,0.0,0.023895975202322006,0.023899629712104797,0,0.003468854120001197,0.003303773934021592,0.0071567059494555,12.6,0.0,100,GUIDED,False,STANDBY,10,6
2025-08-11T17:25:11.628952,-35.363262,149.1652814,0.007,-0.01,0.01,0.0,0.023985188454389572,0.02398872748017311,0,0.0034753058571368456,0.003305823542177677,0.007132168859243393,12.6,0.0,100,GUIDED,False,STANDBY,10,6
2025-08-11T17:25:12.129867,-35.363262,149.1652814,0.007,-0.01,0.01,0.0,0.02402755245566368,0.024030180647969246,0,0.0034784923773258924,0.003310713917016983,0.007122032810002565,12.6,0.0,100,GUIDED,False,STANDBY,10,6
2025-08-11T17:25:12.630873,-35.363262,149.1652814,0.007,-0.01,0.01,0.0,0.0237899050116539,0.023791469633579254,0,0.003470561932772398,0.00330501701682806,0.007100769318640232,12.6,0.0,100,GUIDED,False,STANDBY,10,6
2025-08-11T17:25:13.132007,-35.363262,149.1652814,0.007,-0.01,0.01,0.0,0.0237899050116539,0.023791469633579254,0,0.003470561932772398,0.00330501701682806,0.007100769318640232,12.6,0.0,100,GUIDED,False,STANDBY,10,6
2025-08-11T17:25:13.633471,-35.363262,149.1652814,0.007,-0.01,0.01,0.0,0.023737993091344833,0.0237391646951437,0,0.0034729118924587965,0.0033000740222632885,0.007085787132382393,12.6,0.0,100,GUIDED,False,STANDBY,10,6
2025-08-11T17:25:14.136848,-35.363262,149.1652814,0.007,-0.01,0.01,0.0,0.023811709135770798,0.023812726140022278,0,0.0034753552172333,0.003302706405520439,0.007059121038764715,12.6,0.0,100,GUIDED,False,STANDBY,10,6
2025-08-11T17:25:14.638588,-35.363262,149.1652814,0.007,-0.01,0.01,0.0,0.023811709135770798,0.023812726140022278,0,0.0034753552172333,0.003302706405520439,0.007059121038764715,12.6,0.0,100,GUIDED,False,STANDBY,10,6
2025-08-11T17:25:15.140614,-35.363262,149.1652814,0.007,-0.01,0.01,0.0,0.023966806009411812,0.023967890068888664,0,0.00347858015447855,0.0033081257715821266,0.0070457905530929565,12.6,0.0,100,GUIDED,False,STANDBY,10,6
2025-08-11T17:25:15.641823,-35.363262,149.1652814,0.007,-0.01,0.01,0.0,0.023742442950606346,0.02374301850795746,0,0.0034752357751131058,0.003305028658360243,0.007023254409432411,12.6,0.0,100,GUIDED,False,STANDBY,10,6
2025-08-11T17:25:16.143149,-35.363262,149.1652814,0.007,-0.01,0.01,0.0,0.02365785650908947,0.023657970130443573,0,0.003474693512544036,0.003302199300378561,0.0070086028426885605,12.6,0.0,100,GUIDED,False,STANDBY,10,6
2025-08-11T17:25:16.644888,-35.363262,149.1652814,0.007,-0.01,0.01,0.0,0.023777225986123085,0.023777417838573456,0,0.0034764951560646296,0.003303662408143282,0.006986669730395079,12.6,0.0,100,GUIDED,False,STANDBY,10,6
2025-08-11T17:25:17.145957,-35.363262,149.1652814,0.007,-0.01,0.01,0.0,0.023777225986123085,0.023777417838573456,0,0.0034764951560646296,0.003303662408143282,0.006986669730395079,12.6,0.0,100,GUIDED,False,STANDBY,10,6
2025-08-11T17:25:17.647486,-35.363262,149.1652814,0.007,-0.01,0.01,0.0,0.023820538073778152,0.023820945993065834,0,0.0034756565000861883,0.0033090526703745127,0.006975632626563311,12.6,0.0,100,GUIDED,False,STANDBY,10,6
2025-08-11T17:25:18.148564,-35.363262,149.1652814,0.007,-0.01,0.01,0.0,0.02363690175116062,0.023637723177671432,0,0.003466055728495121,0.00330094201490283,0.006949101574718952,12.6,0.0,100,GUIDED,False,STANDBY,10,6
2025-08-11T17:25:18.653160,-35.363262,149.1652814,0.007,-0.01,0.01,0.0,0.023596731945872307,0.023597778752446175,0,0.0034606351982802153,0.0033060095738619566,0.006934720557183027,12.6,0.0,100,GUIDED,False,STANDBY,10,6
2025-08-11T17:25:19.153955,-35.363262,149.1652814,0.007,-0.01,0.01,0.0,0.023596731945872307,0.023597778752446175,0,0.0034606351982802153,0.0033060095738619566,0.006934720557183027,12.6,0.0,100,GUIDED,False,STANDBY,10,6
2025-08-11T17:25:19.654545,-35.363262,149.1652814,0.007,-0.01,0.01,0.0,0.023596731945872307,0.023597778752446175,0,0.0034606351982802153,0.0033060095738619566,0.006934720557183027,12.6,0.0,100,GUIDED,False,STANDBY,10,6
2025-08-11T17:25:20.155564,-35.363262,149.1652814,0.007,-0.01,0.01,0.0,0.02362675964832306,0.02362755313515663,0,0.003461883869022131,0.003315864596515894,0.00691318791359663,12.6,0.0,100,GUIDED,False,STANDBY,10,6
2025-08-11T17:25:20.655998,-35.363262,149.1652814,0.007,-0.01,0.01,0.0,0.02362675964832306,0.02362755313515663,0,0.003461883869022131,0.003315864596515894,0.00691318791359663,12.6,0.0,100,GUIDED,False,STANDBY,10,6
2025-08-11T17:25:21.160892,-35.363262,149.1652814,0.007,-0.01,0.01,0.0,0.02362675964832306,0.02362755313515663,0,0.003461883869022131,0.003315864596515894,0.00691318791359663,12.6,0.0,100,GUIDED,False,STANDBY,10,6
2025-08-11T17:25:21.661560,-35.363262,149.1652814,0.007,-0.01,0.01,0.0,0.02362675964832306,0.02362755313515663,0,0.003461883869022131,0.003315864596515894,0.00691318791359663,12.6,0.0,100,GUIDED,False,STANDBY,10,6
2025-08-11T17:25:22.162688,-35.363262,149.1652814,0.007,-0.01,0.01,0.0,0.023777220398187637,0.023778432980179787,0,0.00346655142493546,0.0033165309578180313,0.006899511441588402,12.6,0.0,100,GUIDED,False,STANDBY,10,6
2025-08-11T17:25:22.664535,-35.363262,149.1652814,0.007,-0.01,0.01,0.0,0.023777220398187637,0.023778432980179787,0,0.00346655142493546,0.0033165309578180313,0.006899511441588402,12.6,0.0,100,GUIDED,False,STANDBY,10,6
2025-08-11T17:25:23.167821,-35.363262,149.1652814,0.007,-0.01,0.01,0.0,0.023777220398187637,0.023778432980179787,0,0.00346655142493546,0.0033165309578180313,0.006899511441588402,12.6,0.0,100,GUIDED,False,STANDBY,10,6
2025-08-11T17:25:23.668869,-35.363262,149.1652814,0.007,-0.01,0.01,0.0,0.02359343320131302,0.023595569655299187,0,0.0034665323328226805,0.0033039103727787733,0.00687510147690773,12.6,0.0,100,GUIDED,False,STANDBY,10,6
2025-08-11T17:25:24.169667,-35.363262,149.1652814,0.007,-0.01,0.01,0.0,0.023549797013401985,0.023552458733320236,0,0.0034650086890906096,0.0033078123815357685,0.00686489837244153,12.6,0.0,100,GUIDED,False,STANDBY,10,6
2025-08-11T17:25:24.670546,-35.363262,149.1652814,0.007,-0.01,0.01,0.0,0.023608585819602013,0.023610565811395645,0,0.003461066633462906,0.003307374892756343,0.006838330999016762,12.6,0.0,100,GUIDED,False,STANDBY,10,6
2025-08-11T17:25:25.171746,-35.363262,149.1652814,0.007,-0.01,0.01,0.0,0.023608585819602013,0.023610565811395645,0,0.003461066633462906,0.003307374892756343,0.006838330999016762,12.6,0.0,100,GUIDED,False,STANDBY,10,6
2025-08-11T17:25:25.672710,-35.363262,149.1652814,0.007,-0.01,0.01,0.0,0.023690957576036453,0.02369271218776703,0,0.0034669109154492617,0.003313421504572034,0.006822042632848024,12.6,0.0,100,GUIDED,False,STANDBY,10,6
2025-08-11T17:25:26.174379,-35.363262,149.1652814,0.007,-0.01,0.01,0.0,0.02345430664718151,0.023456493392586708,0,0.0034568272531032562,0.003313653403893113,0.006799075752496719,12.6,0.0,100,GUIDED,False,STANDBY,10,6
2025-08-11T17:25:26.676501,-35.363262,149.1652814,0.007,-0.01,0.01,0.0,0.02345430664718151,0.023456493392586708,0,0.0034568272531032562,0.003313653403893113,0.006799075752496719,12.6,0.0,100,GUIDED,False,STANDBY,10,6
2025-08-11T17:25:27.177061,-35.363262,149.1652814,0.007,-0.01,0.01,0.0,0.023440709337592125,0.02344294637441635,0,0.0034604647662490606,0.0033158159349113703,0.0067932624369859695,12.6,0.0,100,GUIDED,False,STANDBY,10,6
2025-08-11T17:25:27.677940,-35.363262,149.1652814,0.007,-0.01,0.01,0.0,0.023646155372262,0.023647703230381012,0,0.0034648347645998,0.0033105965703725815,0.006773795932531357,12.6,0.0,100,GUIDED,False,STANDBY,10,6
2025-08-11T17:25:28.178735,-35.363262,149.1652814,0.007,-0.01,0.01,0.0,0.023646155372262,0.023647703230381012,0,0.0034648347645998,0.0033105965703725815,0.006773795932531357,12.6,0.0,100,GUIDED,False,STANDBY,10,6
2025-08-11T17:25:28.679415,-35.363262,149.1652814,0.007,-0.01,0.01,0.0,0.023774296045303345,0.023775748908519745,0,0.0034654345363378525,0.003308443585410714,0.006762710399925709,12.6,0.0,100,GUIDED,False,STANDBY,10,6
2025-08-11T17:25:29.180238,-35.363262,149.1652814,0.007,-0.01,0.01,0.0,0.023537810891866684,0.023539114743471146,0,0.003461730433627963,0.0033059692941606045,0.0067362114787101746,12.6,0.0,100,GUIDED,False,STANDBY,10,6
2025-08-11T17:25:29.681967,-35.363262,149.1652814,0.007,-0.01,0.01,0.0,0.023537810891866684,0.023539114743471146,0,0.003461730433627963,0.0033059692941606045,0.0067362114787101746,12.6,0.0,100,GUIDED,False,STANDBY,10,6
2025-08-11T17:25:30.183646,-35.363262,149.1652814,0.007,-0.01,0.01,0.0,0.02353256568312645,0.023533670231699944,0,0.003460689214989543,0.0033030363265424967,0.006723289377987385,12.6,0.0,100,GUIDED,False,STANDBY,10,6
2025-08-11T17:25:30.710061,-35.363262,149.1652814,0.007,-0.01,0.01,0.0,0.02353256568312645,0.023533670231699944,0,0.003460689214989543,0.0033030363265424967,0.006723289377987385,12.6,0.0,100,GUIDED,False,STANDBY,10,6
2025-08-11T17:25:31.254953,-35.363262,149.1652814,0.007,-0.01,0.01,0.0,0.02353256568312645,0.023533670231699944,0,0.003460689214989543,0.0033030363265424967,0.006723289377987385,12.6,0.0,100,GUIDED,False,STANDBY,10,6
2025-08-11T17:25:31.819081,-35.363262,149.1652814,0.007,-0.01,0.01,0.0,0.02353256568312645,0.023533670231699944,0,0.003460689214989543,0.0033030363265424967,0.006723289377987385,12.6,0.0,100,GUIDED,False,STANDBY,10,6
2025-08-11T17:25:32.333622,-35.363262,149.1652814,0.007,-0.01,0.01,0.0,0.02353256568312645,0.023533670231699944,0,0.003460689214989543,0.0033030363265424967,0.006723289377987385,12.6,0.0,100,GUIDED,False,STANDBY,10,6
2025-08-11T17:25:32.868707,-35.363262,149.1652814,0.007,-0.01,0.01,0.0,0.02353256568312645,0.023533670231699944,0,0.003460689214989543,0.0033030363265424967,0.006723289377987385,12.6,0.0,100,GUIDED,False,STANDBY,10,6
2025-08-11T17:25:33.452805,-35.363262,149.1652814,0.007,-0.01,0.01,0.0,0.02353256568312645,0.023533670231699944,0,0.003460689214989543,0.0033030363265424967,0.006723289377987385,12.6,0.0,100,GUIDED,False,STANDBY,10,6
2025-08-11T17:25:33.986255,-35.363262,149.1652814,0.007,-0.01,0.01,0.0,0.02353256568312645,0.023533670231699944,0,0.003460689214989543,0.0033030363265424967,0.006723289377987385,12.6,0.0,100,GUIDED,False,STANDBY,10,6
2025-08-11T17:25:34.541207,-35.363262,149.1652814,0.007,-0.01,0.01,0.0,0.02353256568312645,0.023533670231699944,0,0.003460689214989543,0.0033030363265424967,0.006723289377987385,12.6,0.0,100,GUIDED,False,STANDBY,10,6
2025-08-11T17:25:35.083027,-35.363262,149.1652814,0.007,-0.01,0.01,0.0,0.02353256568312645,0.023533670231699944,0,0.003460689214989543,0.0033030363265424967,0.006723289377987385,12.6,0.0,100,GUIDED,False,STANDBY,10,6
2025-08-11T17:25:35.583770,-35.363262,149.1652814,0.007,-0.01,0.01,0.0,0.02353256568312645,0.023533670231699944,0,0.003460689214989543,0.0033030363265424967,0.006723289377987385,12.6,0.0,100,GUIDED,False,STANDBY,10,6
2025-08-11T17:25:36.111987,-35.363262,149.1652814,0.007,-0.01,0.01,0.0,0.02353256568312645,0.023533670231699944,0,0.003460689214989543,0.0033030363265424967,0.006723289377987385,12.6,0.0,100,GUIDED,False,STANDBY,10,6
2025-08-11T17:25:36.688871,-35.363262,149.1652814,0.007,-0.01,0.01,0.0,0.02353256568312645,0.023533670231699944,0,0.003460689214989543,0.0033030363265424967,0.006723289377987385,12.6,0.0,100,GUIDED,False,STANDBY,10,6
2025-08-11T17:25:37.221164,-35.363262,149.1652814,0.007,-0.01,0.01,0.0,0.02353256568312645,0.023533670231699944,0,0.003460689214989543,0.0033030363265424967,0.006723289377987385,12.6,0.0,100,GUIDED,False,STANDBY,10,6
2025-08-11T17:25:37.746559,-35.363262,149.1652814,0.007,-0.01,0.01,0.0,0.02353256568312645,0.023533670231699944,0,0.003460689214989543,0.0033030363265424967,0.006723289377987385,12.6,0.0,100,GUIDED,False,STANDBY,10,6
2025-08-11T17:25:38.290457,-35.363262,149.1652814,0.007,-0.01,0.01,0.0,0.02353256568312645,0.023533670231699944,0,0.003460689214989543,0.0033030363265424967,0.006723289377987385,12.6,0.0,100,GUIDED,False,STANDBY,10,6
2025-08-11T17:25:38.843141,-35.363262,149.1652814,0.007,-0.01,0.01,0.0,0.02353256568312645,0.023533670231699944,0,0.003460689214989543,0.0033030363265424967,0.006723289377987385,12.6,0.0,100,GUIDED,False,STANDBY,10,6
2025-08-11T17:25:39.366391,-35.363262,149.1652814,0.007,-0.01,0.01,0.0,0.02353256568312645,0.023533670231699944,0,0.003460689214989543,0.0033030363265424967,0.006723289377987385,12.6,0.0,100,GUIDED,False,STANDBY,10,6
2025-08-11T17:25:39.884932,-35.363262,149.1652814,0.007,-0.01,0.01,0.0,0.02353256568312645,0.023533670231699944,0,0.003460689214989543,0.0033030363265424967,0.006723289377987385,12.6,0.0,100,GUIDED,False,STANDBY,10,6
2025-08-11T17:25:40.434938,-35.363262,149.1652814,0.007,-0.01,0.01,0.0,0.02353256568312645,0.023533670231699944,0,0.003460689214989543,0.0033030363265424967,0.006723289377987385,12.6,0.0,100,GUIDED,False,STANDBY,10,6
2025-08-11T17:25:40.956947,-35.363262,149.1652814,0.007,-0.01,0.01,0.0,0.02353256568312645,0.023533670231699944,0,0.003460689214989543,0.0033030363265424967,0.006723289377987385,12.6,0.0,100,GUIDED,False,STANDBY,10,6
2025-08-11T17:25:41.476997,-35.363262,149.1652814,0.007,-0.01,0.01,0.0,0.02353256568312645,0.023533670231699944,0,0.003460689214989543,0.0033030363265424967,0.006723289377987385,12.6,0.0,100,GUIDED,False,STANDBY,10,6
2025-08-11T17:25:42.044199,-35.363262,149.1652814,0.007,-0.01,0.01,0.0,0.02353256568312645,0.023533670231699944,0,0.003460689214989543,0.0033030363265424967,0.006723289377987385,12.6,0.0,100,GUIDED,False,STANDBY,10,6
2025-08-11T17:25:42.623988,-35.363262,149.1652814,0.007,-0.01,0.01,0.0,0.02353256568312645,0.023533670231699944,0,0.003460689214989543,0.0033030363265424967,0.006723289377987385,12.6,0.0,100,GUIDED,False,STANDBY,10,6
2025-08-11T17:25:43.185708,-35.363262,149.1652814,0.007,-0.01,0.01,0.0,0.02353256568312645,0.023533670231699944,0,0.003460689214989543,0.0033030363265424967,0.006723289377987385,12.6,0.0,100,GUIDED,False,STANDBY,10,6
2025-08-11T17:25:43.720029,-35.363262,149.1652814,0.007,-0.01,0.01,0.0,0.02353256568312645,0.023533670231699944,0,0.003460689214989543,0.0033030363265424967,0.006723289377987385,12.6,0.0,100,GUIDED,False,STANDBY,10,6
2025-08-11T17:25:44.238877,-35.363262,149.1652814,0.007,-0.01,0.01,0.0,0.02353256568312645,0.023533670231699944,0,0.003460689214989543,0.0033030363265424967,0.006723289377987385,12.6,0.0,100,GUIDED,False,STANDBY,10,6
2025-08-11T17:25:44.846054,-35.363262,149.1652814,0.007,-0.01,0.01,0.0,0.02353256568312645,0.023533670231699944,0,0.003460689214989543,0.0033030363265424967,0.006723289377987385,12.6,0.0,100,GUIDED,False,STANDBY,10,6
2025-08-11T17:25:45.440043,-35.363262,149.1652814,0.007,-0.01,0.01,0.0,0.02353256568312645,0.023533670231699944,0,0.003460689214989543,0.0033030363265424967,0.006723289377987385,12.6,0.0,100,GUIDED,False,STANDBY,10,6
2025-08-11T17:25:46.050707,-35.363262,149.1652814,0.007,-0.01,0.01,0.0,0.02353256568312645,0.023533670231699944,0,0.003460689214989543,0.0033030363265424967,0.006723289377987385,12.6,0.0,100,GUIDED,False,STANDBY,10,6
2025-08-11T17:25:46.601886,-35.363262,149.1652814,0.007,-0.01,0.01,0.0,0.02353256568312645,0.023533670231699944,0,0.003460689214989543,0.0033030363265424967,0.006723289377987385,12.6,0.0,100,GUIDED,False,STANDBY,10,6
2025-08-11T17:25:47.225201,-35.363262,149.1652814,0.007,-0.01,0.01,0.0,0.02353256568312645,0.023533670231699944,0,0.003460689214989543,0.0033030363265424967,0.006723289377987385,12.6,0.0,100,GUIDED,False,STANDBY,10,6
2025-08-11T17:25:47.787930,-35.363262,149.1652814,0.007,-0.01,0.01,0.0,0.02353256568312645,0.023533670231699944,0,0.003460689214989543,0.0033030363265424967,0.006723289377987385,12.6,0.0,100,GUIDED,False,STANDBY,10,6
2025-08-11T17:25:48.369148,-35.363262,149.1652814,0.007,-0.01,0.01,0.0,0.02353256568312645,0.023533670231699944,0,0.003460689214989543,0.0033030363265424967,0.006723289377987385,12.6,0.0,100,GUIDED,False,STANDBY,10,6
2025-08-11T17:25:48.979870,-35.363262,149.1652814,0.007,-0.01,0.01,0.0,0.02353256568312645,0.023533670231699944,0,0.003460689214989543,0.0033030363265424967,0.006723289377987385,12.6,0.0,100,GUIDED,False,STANDBY,10,6
2025-08-11T17:25:49.555335,-35.363262,149.1652814,0.007,-0.01,0.01,0.0,0.02353256568312645,0.023533670231699944,0,0.003460689214989543,0.0033030363265424967,0.006723289377987385,12.6,0.0,100,GUIDED,False,STANDBY,10,6
2025-08-11T17:25:50.080346,-35.363262,149.1652814,0.007,-0.01,0.01,0.0,0.02353256568312645,0.023533670231699944,0,0.003460689214989543,0.0033030363265424967,0.006723289377987385,12.6,0.0,100,GUIDED,False,STANDBY,10,6
2025-08-11T17:25:50.626845,-35.363262,149.1652814,0.007,-0.01,0.01,0.0,0.02353256568312645,0.023533670231699944,0,0.003460689214989543,0.0033030363265424967,0.006723289377987385,12.6,0.0,100,GUIDED,False,STANDBY,10,6
2025-08-11T17:25:51.194592,-35.363262,149.1652814,0.007,-0.01,0.01,0.0,0.02353256568312645,0.023533670231699944,0,0.003460689214989543,0.0033030363265424967,0.006723289377987385,12.6,0.0,100,GUIDED,False,STANDBY,10,6
2025-08-11T17:25:51.921506,-35.363262,149.1652814,0.007,-0.01,0.01,0.0,0.02353256568312645,0.023533670231699944,0,0.003460689214989543,0.0033030363265424967,0.006723289377987385,12.6,0.0,100,GUIDED,False,STANDBY,10,6
2025-08-11T17:25:52.450313,-35.363262,149.1652814,0.007,-0.01,0.01,0.0,0.02353256568312645,0.023533670231699944,0,0.003460689214989543,0.0033030363265424967,0.006723289377987385,12.6,0.0,100,GUIDED,False,STANDBY,10,6
2025-08-11T17:25:53.127531,-35.363262,149.1652814,0.007,-0.01,0.01,0.0,0.02353256568312645,0.023533670231699944,0,0.003460689214989543,0.0033030363265424967,0.006723289377987385,12.6,0.0,100,GUIDED,False,STANDBY,10,6
2025-08-11T17:25:53.654080,-35.363262,149.1652814,0.007,-0.01,0.01,0.0,0.02353256568312645,0.023533670231699944,0,0.003460689214989543,0.0033030363265424967,0.006723289377987385,12.6,0.0,100,GUIDED,False,STANDBY,10,6
2025-08-11T17:25:54.288062,-35.363262,149.1652814,0.007,-0.01,0.01,0.0,0.02353256568312645,0.023533670231699944,0,0.003460689214989543,0.0033030363265424967,0.006723289377987385,12.6,0.0,100,GUIDED,False,STANDBY,10,6
2025-08-11T17:25:54.910466,-35.363262,149.1652814,0.007,-0.01,0.01,0.0,0.02353256568312645,0.023533670231699944,0,0.003460689214989543,0.0033030363265424967,0.006723289377987385,12.6,0.0,100,GUIDED,False,STANDBY,10,6
2025-08-11T17:25:55.442731,-35.363262,149.1652814,0.007,-0.01,0.01,0.0,0.02353256568312645,0.023533670231699944,0,0.003460689214989543,0.0033030363265424967,0.006723289377987385,12.6,0.0,100,GUIDED,False,STANDBY,10,6
2025-08-11T17:25:56.107655,-35.363262,149.1652814,0.007,-0.01,0.01,0.0,0.02353256568312645,0.023533670231699944,0,0.003460689214989543,0.0033030363265424967,0.006723289377987385,12.6,0.0,100,GUIDED,False,STANDBY,10,6
2025-08-11T17:25:56.628093,-35.363262,149.1652814,0.007,-0.01,0.01,0.0,0.02353256568312645,0.023533670231699944,0,0.003460689214989543,0.0033030363265424967,0.006723289377987385,12.6,0.0,100,GUIDED,False,STANDBY,10,6
2025-08-11T17:25:57.214541,-35.363262,149.1652814,0.007,-0.01,0.01,0.0,0.02353256568312645,0.023533670231699944,0,0.003460689214989543,0.0033030363265424967,0.006723289377987385,12.6,0.0,100,GUIDED,False,STANDBY,10,6
2025-08-11T17:25:57.825150,-35.363262,149.1652814,0.007,-0.01,0.01,0.0,0.02353256568312645,0.023533670231699944,0,0.003460689214989543,0.0033030363265424967,0.006723289377987385,12.6,0.0,100,GUIDED,False,STANDBY,10,6
2025-08-11T17:25:58.371327,-35.363262,149.1652814,0.007,-0.01,0.01,0.0,0.02353256568312645,0.023533670231699944,0,0.003460689214989543,0.0033030363265424967,0.006723289377987385,12.6,0.0,100,GUIDED,False,STANDBY,10,6
2025-08-11T17:25:59.029690,-35.363262,149.1652814,0.007,-0.01,0.01,0.0,0.02353256568312645,0.023533670231699944,0,0.003460689214989543,0.0033030363265424967,0.006723289377987385,12.6,0.0,100,GUIDED,False,STANDBY,10,6
2025-08-11T17:25:59.592459,-35.363262,149.1652814,0.007,-0.01,0.01,0.0,0.02353256568312645,0.023533670231699944,0,0.003460689214989543,0.0033030363265424967,0.006723289377987385,12.6,0.0,100,GUIDED,False,STANDBY,10,6
2025-08-11T17:26:00.132739,-35.363262,149.1652814,0.007,-0.01,0.01,0.0,0.02353256568312645,0.023533670231699944,0,0.003460689214989543,0.0033030363265424967,0.006723289377987385,12.6,0.0,100,GUIDED,False,STANDBY,10,6
2025-08-11T17:26:00.718253,-35.363262,149.1652814,0.007,-0.01,0.01,0.0,0.02353256568312645,0.023533670231699944,0,0.003460689214989543,0.0033030363265424967,0.006723289377987385,12.6,0.0,100,GUIDED,False,STANDBY,10,6
2025-08-11T17:26:01.332484,-35.363262,149.1652814,0.007,-0.01,0.01,0.0,0.02353256568312645,0.023533670231699944,0,0.003460689214989543,0.0033030363265424967,0.006723289377987385,12.6,0.0,100,GUIDED,False,STANDBY,10,6
2025-08-11T17:26:01.929525,-35.363262,149.1652814,0.007,-0.01,0.01,0.0,0.02353256568312645,0.023533670231699944,0,0.003460689214989543,0.0033030363265424967,0.006723289377987385,12.6,0.0,100,GUIDED,False,STANDBY,10,6
2025-08-11T17:26:02.517788,-35.363262,149.1652814,0.007,-0.01,0.01,0.0,0.023643579334020615,0.023643959313631058,0,0.003463388653472066,0.0033049401827156544,0.006704557687044144,12.6,0.0,100,GUIDED,False,STANDBY,10,6
2025-08-11T17:26:03.057766,-35.363262,149.1652814,0.007,-0.01,0.01,0.0,0.023643579334020615,0.023643959313631058,0,0.003463388653472066,0.0033049401827156544,0.006704557687044144,12.6,0.0,100,GUIDED,False,STANDBY,10,6
2025-08-11T17:26:03.627532,-35.363262,149.1652814,0.007,-0.01,0.01,0.0,0.023643579334020615,0.023643959313631058,0,0.003463388653472066,0.0033049401827156544,0.006704557687044144,12.6,0.0,100,GUIDED,False,STANDBY,10,6
2025-08-11T17:26:04.206011,-35.363262,149.1652814,0.007,-0.01,0.01,0.0,0.023643579334020615,0.023643959313631058,0,0.003463388653472066,0.0033049401827156544,0.006704557687044144,12.6,0.0,100,GUIDED,False,STANDBY,10,6
2025-08-11T17:26:04.838540,-35.363262,149.1652814,0.007,-0.01,0.01,0.0,0.023643579334020615,0.023643959313631058,0,0.003463388653472066,0.0033049401827156544,0.006704557687044144,12.6,0.0,100,GUIDED,False,STANDBY,10,6
2025-08-11T17:26:05.366952,-35.363262,149.1652814,0.007,-0.01,0.01,0.0,0.023643579334020615,0.023643959313631058,0,0.003463388653472066,0.0033049401827156544,0.006704557687044144,12.6,0.0,100,GUIDED,False,STANDBY,10,6
2025-08-11T17:26:06.033397,-35.363262,149.1652814,0.007,-0.01,0.01,0.0,0.023643579334020615,0.023643959313631058,0,0.003463388653472066,0.0033049401827156544,0.006704557687044144,12.6,0.0,100,GUIDED,False,STANDBY,10,6
2025-08-11T17:26:06.655692,-35.363262,149.1652814,0.007,-0.01,0.01,0.0,0.023643579334020615,0.023643959313631058,0,0.003463388653472066,0.0033049401827156544,0.006704557687044144,12.6,0.0,100,GUIDED,False,STANDBY,10,6
2025-08-11T17:26:07.232227,-35.363262,149.1652814,0.007,-0.01,0.01,0.0,0.023643579334020615,0.023643959313631058,0,0.003463388653472066,0.0033049401827156544,0.006704557687044144,12.6,0.0,100,GUIDED,False,STANDBY,10,6
2025-08-11T17:26:07.884104,-35.363262,149.1652814,0.007,-0.01,0.01,0.0,0.023643579334020615,0.023643959313631058,0,0.003463388653472066,0.0033049401827156544,0.006704557687044144,12.6,0.0,100,GUIDED,False,STANDBY,10,6
2025-08-11T17:26:08.480626,-35.363262,149.1652814,0.007,-0.01,0.01,0.0,0.023643579334020615,0.023643959313631058,0,0.003463388653472066,0.0033049401827156544,0.006704557687044144,12.6,0.0,100,GUIDED,False,STANDBY,10,6
2025-08-11T17:26:09.128442,-35.363262,149.1652814,0.007,-0.01,0.01,0.0,0.023643579334020615,0.023643959313631058,0,0.003463388653472066,0.0033049401827156544,0.006704557687044144,12.6,0.0,100,GUIDED,False,STANDBY,10,6
2025-08-11T17:26:09.698816,-35.363262,149.1652814,0.007,-0.01,0.01,0.0,0.023643579334020615,0.023643959313631058,0,0.003463388653472066,0.0033049401827156544,0.006704557687044144,12.6,0.0,100,GUIDED,False,STANDBY,10,6
2025-08-11T17:26:10.324367,-35.363262,149.1652814,0.007,-0.01,0.01,0.0,0.023643579334020615,0.023643959313631058,0,0.003463388653472066,0.0033049401827156544,0.006704557687044144,12.6,0.0,100,GUIDED,False,STANDBY,10,6
2025-08-11T17:26:11.012035,-35.363262,149.1652814,0.007,-0.01,0.01,0.0,0.023643579334020615,0.023643959313631058,0,0.003463388653472066,0.0033049401827156544,0.006704557687044144,12.6,0.0,100,GUIDED,False,STANDBY,10,6
2025-08-11T17:26:11.670640,-35.363262,149.1652814,0.007,-0.01,0.01,0.0,0.023643579334020615,0.023643959313631058,0,0.003463388653472066,0.0033049401827156544,0.006704557687044144,12.6,0.0,100,GUIDED,False,STANDBY,10,6
2025-08-11T17:26:12.253885,-35.363262,149.1652814,0.007,-0.01,0.01,0.0,0.023643579334020615,0.023643959313631058,0,0.003463388653472066,0.0033049401827156544,0.006704557687044144,12.6,0.0,100,GUIDED,False,STANDBY,10,6
2025-08-11T17:26:12.887620,-35.363262,149.1652814,0.007,-0.01,0.01,0.0,0.023643579334020615,0.023643959313631058,0,0.003463388653472066,0.0033049401827156544,0.006704557687044144,12.6,0.0,100,GUIDED,False,STANDBY,10,6
2025-08-11T17:26:13.578883,-35.363262,149.1652814,0.007,-0.01,0.01,0.0,0.023643579334020615,0.023643959313631058,0,0.003463388653472066,0.0033049401827156544,0.006704557687044144,12.6,0.0,100,GUIDED,False,STANDBY,10,6
2025-08-11T17:26:14.199049,-35.363262,149.1652814,0.007,-0.01,0.01,0.0,0.023643579334020615,0.023643959313631058,0,0.003463388653472066,0.0033049401827156544,0.006704557687044144,12.6,0.0,100,GUIDED,False,STANDBY,10,6
2025-08-11T17:26:14.768506,-35.363262,149.1652814,0.007,-0.01,0.01,0.0,0.023643579334020615,0.023643959313631058,0,0.003463388653472066,0.0033049401827156544,0.006704557687044144,12.6,0.0,100,GUIDED,False,STANDBY,10,6
2025-08-11T17:26:15.434739,-35.363262,149.1652814,0.007,-0.01,0.01,0.0,0.023643579334020615,0.023643959313631058,0,0.003463388653472066,0.0033049401827156544,0.006704557687044144,12.6,0.0,100,GUIDED,False,STANDBY,10,6
2025-08-11T17:26:16.013764,-35.363262,149.1652814,0.007,-0.01,0.01,0.0,0.023643579334020615,0.023643959313631058,0,0.003463388653472066,0.0033049401827156544,0.006704557687044144,12.6,0.0,100,GUIDED,False,STANDBY,10,6
2025-08-11T17:26:16.579885,-35.363262,149.1652814,0.007,-0.01,0.01,0.0,0.023643579334020615,0.023643959313631058,0,0.003463388653472066,0.0033049401827156544,0.006704557687044144,12.6,0.0,100,GUIDED,False,STANDBY,10,6
2025-08-11T17:26:17.102901,-35.363262,149.1652814,0.007,-0.01,0.01,0.0,0.023643579334020615,0.023643959313631058,0,0.003463388653472066,0.0033049401827156544,0.006704557687044144,12.6,0.0,100,GUIDED,False,STANDBY,10,6
2025-08-11T17:26:17.652890,-35.363262,149.1652814,0.007,-0.01,0.01,0.0,0.023643579334020615,0.023643959313631058,0,0.003463388653472066,0.0033049401827156544,0.006704557687044144,12.6,0.0,100,GUIDED,False,STANDBY,10,6
2025-08-11T17:26:18.221858,-35.363262,149.1652814,0.007,-0.01,0.01,0.0,0.023643579334020615,0.023643959313631058,0,0.003463388653472066,0.0033049401827156544,0.006704557687044144,12.6,0.0,100,GUIDED,False,STANDBY,10,6
2025-08-11T17:26:18.793113,-35.363262,149.1652814,0.007,-0.01,0.01,0.0,0.023643579334020615,0.023643959313631058,0,0.003463388653472066,0.0033049401827156544,0.006704557687044144,12.6,0.0,100,GUIDED,False,STANDBY,10,6
2025-08-11T17:26:19.346907,-35.363262,149.1652814,0.007,-0.01,0.01,0.0,0.023643579334020615,0.023643959313631058,0,0.003463388653472066,0.0033049401827156544,0.006704557687044144,12.6,0.0,100,GUIDED,False,STANDBY,10,6
2025-08-11T17:26:20.022173,-35.363262,149.1652814,0.007,-0.01,0.01,0.0,0.023643579334020615,0.023643959313631058,0,0.003463388653472066,0.0033049401827156544,0.006704557687044144,12.6,0.0,100,GUIDED,False,STANDBY,10,6
2025-08-11T17:26:20.578260,-35.363262,149.1652814,0.007,-0.01,0.01,0.0,0.023643579334020615,0.023643959313631058,0,0.003463388653472066,0.0033049401827156544,0.006704557687044144,12.6,0.0,100,GUIDED,False,STANDBY,10,6
2025-08-11T17:26:21.122175,-35.363262,149.1652814,0.007,-0.01,0.01,0.0,0.023643579334020615,0.023643959313631058,0,0.003463388653472066,0.0033049401827156544,0.006704557687044144,12.6,0.0,100,GUIDED,False,STANDBY,10,6
2025-08-11T17:26:21.679885,-35.363262,149.1652814,0.007,-0.01,0.01,0.0,0.023643579334020615,0.023643959313631058,0,0.003463388653472066,0.0033049401827156544,0.006704557687044144,12.6,0.0,100,GUIDED,False,STANDBY,10,6
2025-08-11T17:26:22.276226,-35.363262,149.1652814,0.007,-0.01,0.01,0.0,0.023643579334020615,0.023643959313631058,0,0.003463388653472066,0.0033049401827156544,0.006704557687044144,12.6,0.0,100,GUIDED,False,STANDBY,10,6
2025-08-11T17:26:22.797768,-35.363262,149.1652814,0.007,-0.01,0.01,0.0,0.023643579334020615,0.023643959313631058,0,0.003463388653472066,0.0033049401827156544,0.006704557687044144,12.6,0.0,100,GUIDED,False,STANDBY,10,6
2025-08-11T17:26:23.363156,-35.363262,149.1652814,0.007,-0.01,0.01,0.0,0.023643579334020615,0.023643959313631058,0,0.003463388653472066,0.0033049401827156544,0.006704557687044144,12.6,0.0,100,GUIDED,False,STANDBY,10,6
2025-08-11T17:26:23.999816,-35.363262,149.1652814,0.007,-0.01,0.01,0.0,0.023643579334020615,0.023643959313631058,0,0.003463388653472066,0.0033049401827156544,0.006704557687044144,12.6,0.0,100,GUIDED,False,STANDBY,10,6
2025-08-11T17:26:24.631711,-35.363262,149.1652814,0.007,-0.01,0.01,0.0,0.023643579334020615,0.023643959313631058,0,0.003463388653472066,0.0033049401827156544,0.006704557687044144,12.6,0.0,100,GUIDED,False,STANDBY,10,6
2025-08-11T17:26:25.530793,-35.363262,149.1652814,0.007,-0.01,0.01,0.0,0.023643579334020615,0.023643959313631058,0,0.003463388653472066,0.0033049401827156544,0.006704557687044144,12.6,0.0,100,GUIDED,False,STANDBY,10,6
2025-08-11T17:26:26.194700,-35.363262,149.1652814,0.007,-0.01,0.01,0.0,0.023643579334020615,0.023643959313631058,0,0.003463388653472066,0.0033049401827156544,0.006704557687044144,12.6,0.0,100,GUIDED,False,STANDBY,10,6
2025-08-11T17:26:26.857026,-35.363262,149.1652814,0.007,-0.01,0.01,0.0,0.023643579334020615,0.023643959313631058,0,0.003463388653472066,0.0033049401827156544,0.006704557687044144,12.6,0.0,100,GUIDED,False,STANDBY,10,6
2025-08-11T17:26:27.704786,-35.363262,149.1652814,0.007,-0.01,0.01,0.0,0.023643579334020615,0.023643959313631058,0,0.003463388653472066,0.0033049401827156544,0.006704557687044144,12.6,0.0,100,GUIDED,False,STANDBY,10,6
2025-08-11T17:26:28.329700,-35.363262,149.1652814,0.007,-0.01,0.01,0.0,0.023643579334020615,0.023643959313631058,0,0.003463388653472066,0.0033049401827156544,0.006704557687044144,12.6,0.0,100,GUIDED,False,STANDBY,10,6
2025-08-11T17:26:29.134567,-35.363262,149.1652814,0.007,-0.01,0.01,0.0,0.023643579334020615,0.023643959313631058,0,0.003463388653472066,0.0033049401827156544,0.006704557687044144,12.6,0.0,100,GUIDED,False,STANDBY,10,6
2025-08-11T17:26:29.893874,-35.363262,149.1652814,0.007,-0.01,0.01,0.0,0.023643579334020615,0.023643959313631058,0,0.003463388653472066,0.0033049401827156544,0.006704557687044144,12.6,0.0,100,GUIDED,False,STANDBY,10,6
2025-08-11T17:26:30.650464,-35.363262,149.1652814,0.007,-0.01,0.01,0.0,0.023643579334020615,0.023643959313631058,0,0.003463388653472066,0.0033049401827156544,0.006704557687044144,12.6,0.0,100,GUIDED,False,STANDBY,10,6
2025-08-11T17:26:31.199200,-35.363262,149.1652814,0.007,-0.01,0.01,0.0,0.023643579334020615,0.023643959313631058,0,0.003463388653472066,0.0033049401827156544,0.006704557687044144,12.6,0.0,100,GUIDED,False,STANDBY,10,6
2025-08-11T17:26:32.058702,-35.363262,149.1652814,0.007,-0.01,0.01,0.0,0.023643579334020615,0.023643959313631058,0,0.003463388653472066,0.0033049401827156544,0.006704557687044144,12.6,0.0,100,GUIDED,False,STANDBY,10,6
2025-08-11T17:26:32.727137,-35.363262,149.1652814,0.007,-0.01,0.01,0.0,0.023643579334020615,0.023643959313631058,0,0.003463388653472066,0.0033049401827156544,0.006704557687044144,12.6,0.0,100,GUIDED,False,STANDBY,10,6
2025-08-11T17:26:33.413556,-35.363262,149.1652814,0.007,-0.01,0.01,0.0,0.023643579334020615,0.023643959313631058,0,0.003463388653472066,0.0033049401827156544,0.006704557687044144,12.6,0.0,100,GUIDED,False,STANDBY,10,6
2025-08-11T17:26:34.794272,-35.363262,149.1652814,0.007,-0.01,0.01,0.0,0.023643579334020615,0.023643959313631058,0,0.003463388653472066,0.0033049401827156544,0.006704557687044144,12.6,0.0,100,GUIDED,False,STANDBY,10,6
2025-08-11T17:26:35.854108,-35.363262,149.1652814,0.007,-0.01,0.01,0.0,0.023643579334020615,0.023643959313631058,0,0.003463388653472066,0.0033049401827156544,0.006704557687044144,12.6,0.0,100,GUIDED,False,STANDBY,10,6
2025-08-11T17:26:36.475278,-35.363262,149.1652814,0.007,-0.01,0.01,0.0,0.023643579334020615,0.023643959313631058,0,0.003463388653472066,0.0033049401827156544,0.006704557687044144,12.6,0.0,100,GUIDED,False,STANDBY,10,6
2025-08-11T17:26:37.319867,-35.363262,149.1652814,0.007,-0.01,0.01,0.0,0.023643579334020615,0.023643959313631058,0,0.003463388653472066,0.0033049401827156544,0.006704557687044144,12.6,0.0,100,GUIDED,False,STANDBY,10,6
2025-08-11T17:26:37.961881,-35.363262,149.1652814,0.007,-0.01,0.01,0.0,0.023643579334020615,0.023643959313631058,0,0.003463388653472066,0.0033049401827156544,0.006704557687044144,12.6,0.0,100,GUIDED,False,STANDBY,10,6
2025-08-11T17:26:38.762257,-35.363262,149.1652814,0.007,-0.01,0.01,0.0,0.023643579334020615,0.023643959313631058,0,0.003463388653472066,0.0033049401827156544,0.006704557687044144,12.6,0.0,100,GUIDED,False,STANDBY,10,6
2025-08-11T17:26:39.431514,-35.363262,149.1652814,0.007,-0.01,0.01,0.0,0.023643579334020615,0.023643959313631058,0,0.003463388653472066,0.0033049401827156544,0.006704557687044144,12.6,0.0,100,GUIDED,False,STANDBY,10,6
2025-08-11T17:26:40.324881,-35.363262,149.1652814,0.007,-0.01,0.01,0.0,0.023643579334020615,0.023643959313631058,0,0.003463388653472066,0.0033049401827156544,0.006704557687044144,12.6,0.0,100,GUIDED,False,STANDBY,10,6
2025-08-11T17:26:41.039953,-35.363262,149.1652814,0.007,-0.01,0.01,0.0,0.023643579334020615,0.023643959313631058,0,0.003463388653472066,0.0033049401827156544,0.006704557687044144,12.6,0.0,100,GUIDED,False,STANDBY,10,6
2025-08-11T17:26:41.818500,-35.363262,149.1652814,0.007,-0.01,0.01,0.0,0.023643579334020615,0.023643959313631058,0,0.003463388653472066,0.0033049401827156544,0.006704557687044144,12.6,0.0,100,GUIDED,False,STANDBY,10,6
2025-08-11T17:26:42.470638,-35.363262,149.1652814,0.007,-0.01,0.01,0.0,0.023643579334020615,0.023643959313631058,0,0.003463388653472066,0.0033049401827156544,0.006704557687044144,12.6,0.0,100,GUIDED,False,STANDBY,10,6
2025-08-11T17:26:43.020501,-35.363262,149.1652814,0.007,-0.01,0.01,0.0,0.023643579334020615,0.023643959313631058,0,0.003463388653472066,0.0033049401827156544,0.006704557687044144,12.6,0.0,100,GUIDED,False,STANDBY,10,6
2025-08-11T17:26:43.617594,-35.363262,149.1652814,0.007,-0.01,0.01,0.0,0.023643579334020615,0.023643959313631058,0,0.003463388653472066,0.0033049401827156544,0.006704557687044144,12.6,0.0,100,GUIDED,False,STANDBY,10,6
2025-08-11T17:26:44.323549,-35.363262,149.1652814,0.007,-0.01,0.01,0.0,0.023643579334020615,0.023643959313631058,0,0.003463388653472066,0.0033049401827156544,0.006704557687044144,12.6,0.0,100,GUIDED,False,STANDBY,10,6
2025-08-11T17:26:45.055777,-35.363262,149.1652814,0.007,-0.01,0.01,0.0,0.023643579334020615,0.023643959313631058,0,0.003463388653472066,0.0033049401827156544,0.006704557687044144,12.6,0.0,100,GUIDED,False,STANDBY,10,6
2025-08-11T17:26:45.860435,-35.363262,149.1652814,0.007,-0.01,0.01,0.0,0.023643579334020615,0.023643959313631058,0,0.003463388653472066,0.0033049401827156544,0.006704557687044144,12.6,0.0,100,GUIDED,False,STANDBY,10,6
2025-08-11T17:26:46.664249,-35.363262,149.1652814,0.007,-0.01,0.01,0.0,0.023643579334020615,0.023643959313631058,0,0.003463388653472066,0.0033049401827156544,0.006704557687044144,12.6,0.0,100,GUIDED,False,STANDBY,10,6
                                                                                                                                                                                                                                                                                                                                                                                                                                                                                                                                                                                                                                                                                                                                                                                                                                                                                                                                                                                                                                                                                                                                       